Title,Year,Rated,ReleaseDate,Runtime (min),Genre,Director,Writer,Actors,Plot,Language,Country,Awards,IMDRating (out of 10),RottenTomatoesScore (%),IMDbRating,IMDbVotes,BoxOfficeEarnings ($)
Venom: The Last Dance,2024.0,PG-13,2024-10-25,109.0,"Action, Adventure, Sci-Fi",Kelly Marcel,"Kelly Marcel, Tom Hardy","Tom Hardy, Juno Temple, Alanna Ubach","Eddie and Venom are on the run. Hunted by both of their worlds and with the net closing in, the duo are forced into a devastating decision that will bring the curtains down on Venom and Eddie's last dance.",English,"United States, United Kingdom, Mexico",N/A,,41.0,,,
Terrifier 3,2024.0,Not Rated,2024-10-11,125.0,Horror,Damien Leone,Damien Leone,"Lauren LaVera, David Howard Thornton, Antonella Rose",Art the Clown is set to unleash chaos on the unsuspecting residents of Miles County as they peacefully drift off to sleep on Christmas Eve.,English,United States,N/A,6.7,77.0,6.7,18437.0,45670161.0
The Wild Robot,2024.0,PG,2024-09-27,102.0,"Animation, Sci-Fi",Chris Sanders,"Chris Sanders, Peter Brown","Lupita Nyong'o, Pedro Pascal, Kit Connor","After a shipwreck, an intelligent robot called Roz is stranded on an uninhabited island. To survive the harsh environment, Roz bonds with the island's animals and cares for an orphaned baby goose.",English,"United States, Japan",3 wins & 2 nominations,8.3,98.0,8.3,80239.0,137913995.0
Deadpool,2016.0,R,2016-02-12,108.0,"Action, Comedy",Tim Miller,"Rhett Reese, Paul Wernick","Ryan Reynolds, Morena Baccarin, T.J. Miller","A wisecracking mercenary gets experimented on and becomes immortal yet hideously scarred, and sets out to track down the man who ruined his looks.",English,United States,29 wins & 78 nominations,8.0,85.0,8.0,1174691.0,363070709.0
Smile 2,2024.0,R,2024-10-18,127.0,"Horror, Mystery, Thriller",Parker Finn,Parker Finn,"Naomi Scott, Rosemarie DeWitt, Lukas Gage","About to embark on a world tour, global pop sensation Skye Riley begins experiencing increasingly terrifying and inexplicable events. Overwhelmed by the escalating horrors and the pressures of fame, Skye is forced to face her past.",English,"United States, Canada",N/A,7.2,85.0,7.2,21791.0,41787385.0
The Substance,2024.0,R,2024-09-20,141.0,"Drama, Horror",Coralie Fargeat,Coralie Fargeat,"Demi Moore, Margaret Qualley, Dennis Quaid","A fading celebrity takes a black-market drug: a cell-replicating substance that temporarily creates a younger, better version of herself.",English,"United Kingdom, France, United States",6 wins & 9 nominations,7.5,90.0,7.5,135036.0,16235191.0
Transformers One,2024.0,PG,2024-09-20,104.0,"Animation, Action, Adventure",Josh Cooley,"Eric Pearson, Andrew Barrer, Gabriel Ferrari","Chris Hemsworth, Brian Tyree Henry, Scarlett Johansson","The untold origin story of Optimus Prime and Megatron, better known as sworn enemies, but who once were friends bonded like brothers who changed the fate of Cybertron forever.",English,United States,N/A,7.7,89.0,7.7,22587.0,58023121.0
Classified,2024.0,R,2024-10-22,105.0,"Action, Thriller",Roel Reiné,Bob DeRosa,"Aaron Eckhart, Tim Roth, Abigail Breslin",A career CIA hitman who's been solely using the classified section of various newspapers to receive his orders suddenly discovers that his division's actually been shut down for years.,English,"United States, Bulgaria",N/A,3.8,,3.8,1035.0,
Alien: Romulus,2024.0,R,2024-08-16,119.0,"Horror, Sci-Fi, Thriller",Fede Alvarez,"Dan O'Bannon, Ronald Shusett, Fede Alvarez","Cailee Spaeny, David Jonsson, Archie Renaux","While scavenging the deep ends of a derelict space station, a group of young space colonists come face to face with the most terrifying life form in the universe.",English,"United Kingdom, United States, Hungary, Australia, New Zealand, Canada",1 win & 3 nominations,7.2,80.0,7.2,136717.0,105309610.0
Arcadian,2024.0,R,2024-04-12,92.0,"Action, Drama, Horror",Benjamin Brewer,Mike Nilon,"Nicolas Cage, Jaeden Martell, Maxwell Jenkins",A father and his twin teenage sons fight to survive in a remote farmhouse at the end of the world.,English,"United States, Ireland, Canada",1 nomination,5.5,,5.5,17989.0,828919.0
Despicable Me 4,2024.0,PG,2024-07-03,94.0,"Animation, Adventure, Comedy","Chris Renaud, Patrick Delage","Mike White, Ken Daurio","Steve Carell, Kristen Wiig, Pierre Coffin","Gru, Lucy, Margo, Edith, and Agnes welcome a new member to the family, Gru Jr., who is intent on tormenting his dad. Gru faces a new nemesis in Maxime Le Mal and his girlfriend Valentina, and the family is forced to go on the run.",English,United States,1 win & 1 nomination,6.2,56.0,6.2,50709.0,361004205.0
Inside Out 2,2024.0,PG,2024-06-14,96.0,"Animation, Adventure, Comedy",Kelsey Mann,"Meg LeFauve, Dave Holstein, Kelsey Mann","Amy Poehler, Maya Hawke, Kensington Tallman","A sequel that features Riley entering puberty and experiencing brand new, more complex emotions as a result. As Riley tries to adapt to her teenage years, her old emotions try to adapt to the possibility of being replaced.",English,United States,2 wins & 7 nominations,7.6,90.0,7.6,168090.0,652980194.0
Cash Out,2024.0,R,2024-04-27,92.0,Action,Randall Emmett,"Dipo Oseni, Doug Richardson","John Travolta, Kristin Davis, Lukas Haas","Professional thief Mason attempts his biggest heist with his brother, robbing a bank. When it goes wrong, they're trapped inside surrounded by law enforcement. Tension rises as Mason negotiates with his ex-lover, the lead negotiator.",English,United States,N/A,4.8,20.0,4.8,2123.0,
Battle for the Western Front,2022.0,N/A,2024-02-06,90.0,War,Aaron Huggett,Aaron Huggett,"Christopher Cordell, Michael Lake, Adam Daniel Mezei","Inspired by Canuck WWI flying ace Billy Bishop, two young soldiers crash the front lines in August 1918. With the Allies detained, their platoon must desperately hold out alongside legendary Anishinaabe sniper Francis ""Peggy"" Pega...",English,Canada,35 wins & 1 nomination,,,,103.0,
Venom,2018.0,PG-13,2018-10-05,112.0,"Action, Adventure, Sci-Fi",Ruben Fleischer,"Jeff Pinkner, Scott Rosenberg, Kelly Marcel","Tom Hardy, Michelle Williams, Riz Ahmed","A failed reporter is bonded to an alien entity, one of many symbiotes who have invaded Earth. But the being takes a liking to Earth and decides to protect it.","English, Mandarin, Malay","United States, China",2 wins & 9 nominations,6.6,30.0,6.6,555085.0,213515506.0
Knox Goes Away,2023.0,R,2024-03-15,114.0,"Crime, Thriller",Michael Keaton,Gregory Poirier,"Michael Keaton, Ray McKinnon, Cassie Moronez","When a contract killer has a rapidly evolving form of dementia, he is offered an opportunity to redeem himself by saving the life of his estranged adult son.",English,United States,1 nomination,7.0,65.0,7.0,18730.0,
Gladiator,2000.0,R,2000-05-05,155.0,"Action, Adventure, Drama",Ridley Scott,"David Franzoni, John Logan, William Nicholson","Russell Crowe, Joaquin Phoenix, Connie Nielsen",A former Roman General sets out to exact vengeance against the corrupt emperor who murdered his family and sent him into slavery.,English,"United States, United Kingdom, Malta, Morocco",Won 5 Oscars. 60 wins & 104 nominations total,8.5,80.0,8.5,1665601.0,187705427.0
Monster Summer,2024.0,PG-13,2024-10-04,97.0,"Adventure, Horror, Mystery",David Henrie,"Cornelius Uliano, Bryan Schulz","Mel Gibson, Mason Thames, Julian Lerner","When a mysterious force begins to disrupt their big summer fun, Noah and his friends team up with a retired police detective to embark on a monstrous adventure to save their island.",English,United States,N/A,5.7,59.0,5.7,1603.0,
Venom: Let There Be Carnage,2021.0,PG-13,2021-10-01,97.0,"Action, Sci-Fi, Thriller",Andy Serkis,"Kelly Marcel, Tom Hardy","Tom Hardy, Woody Harrelson, Michelle Williams","Eddie Brock attempts to reignite his career by interviewing serial killer Cletus Kasady, who becomes the host of the symbiote Carnage and escapes prison after a failed execution.","English, Spanish, Mandarin, Japanese",United States,1 win & 6 nominations,5.9,58.0,5.9,270809.0,213550366.0
Canary Black,2024.0,R,2024-10-24,101.0,"Action, Drama",Pierre Morel,Matthew Kennedy,"Kate Beckinsale, Rupert Friend, Ray Stevenson",It follows Avery Graves as she is blackmailed by terrorists into betraying her own country to save her kidnapped husband.,English,"United Kingdom, United States, Croatia",N/A,5.3,,5.3,4244.0,
Azrael,2024.0,R,2024-09-27,86.0,"Action, Horror",E.L. Katz,Simon Barrett,"Vic Carmen Sonne, Samara Weaving, Nathan Stewart-Jarrett","In a world where no one speaks, a devout female-led community hunts down a young woman who has escaped imprisonment. Recaptured, Azrael is due to be sacrificed to an ancient evil in the wilderness, but fights for her own survival.",English,"United States, Estonia",1 nomination,5.5,73.0,5.5,5567.0,433861.0
Joker: Folie à Deux,2024.0,R,2024-10-04,138.0,"Crime, Drama, Musical",Todd Phillips,"Scott Silver, Todd Phillips, Bob Kane","Joaquin Phoenix, Lady Gaga, Brendan Gleeson","Struggling with his dual identity, failed comedian Arthur Fleck meets the love of his life, Harley Quinn, while incarcerated at Arkham State Hospital.",English,"United States, Canada",3 wins & 5 nominations,5.3,32.0,5.3,90310.0,57875139.0
Megalopolis,2024.0,R,2024-09-27,138.0,"Drama, Fantasy, Sci-Fi",Francis Ford Coppola,Francis Ford Coppola,"Adam Driver, Giancarlo Esposito, Nathalie Emmanuel","The city of New Rome faces the duel between Cesar Catilina, a brilliant artist in favor of an Utopian future, and the greedy mayor Franklyn Cicero. Between them is Julia Cicero, with her loyalty divided between her father and her ...",English,United States,1 nomination,5.1,46.0,5.1,16742.0,7629085.0
Take Cover,2024.0,N/A,2024-10-04,90.0,"Action, Thriller",Nick McKinless,Joshua Todd James,"Scott Adkins, Jack Parr, Madalina Bellariu Ion",A burned-out professional sniper finds himself trapped in an all-glass penthouse by a lethal competitor and must find a way to survive and escape with little to no cover between him and the killer.,English,United Kingdom,N/A,5.1,,5.1,1401.0,
Sing: Thriller,2024.0,TV-PG,2024-10-16,11.0,"Animation, Short, Comedy",Garth Jennings,Garth Jennings,"Scarlett Johansson, Matthew McConaughey, Taron Egerton","The short film is based on Michael Jackson's hit song ""Thriller"" from his 1982 album of the same name. A theater troupe's ""Thriller"" performance goes awry when partygoers transform into zombie dancers after exposure to a mysteriou...",English,United States,N/A,,,,,
Bad Boys: Ride or Die,2024.0,R,2024-06-07,115.0,"Action, Adventure, Comedy","Adil El Arbi, Bilall Fallah","Chris Bremner, Will Beall, George Gallo","Will Smith, Martin Lawrence, Vanessa Hudgens","When their late police captain gets linked to drug cartels, wisecracking Miami cops Mike Lowrey and Marcus Burnett embark on a dangerous mission to clear his name.",English,United States,1 nomination,6.6,65.0,6.6,78188.0,193573217.0
Terrifier,2016.0,Unrated,2018-03-27,85.0,"Horror, Thriller",Damien Leone,Damien Leone,"Jenna Kanell, Samantha Scaffidi, David Howard Thornton",A maniac named Art the Clown terrorizes two friends on Halloween and everyone who gets in his way.,English,United States,1 win & 5 nominations,5.6,62.0,5.6,62770.0,339946.0
The Canterville Ghost,1944.0,Approved,1944-08-01,95.0,"Comedy, Family, Fantasy","Jules Dassin, Norman Z. McLeod","Oscar Wilde, Edwin Blum","Charles Laughton, Robert Young, Margaret O'Brien",The descendent of a ghost imprisoned for cowardice hopes to free the spirit by displaying courage when under duress.,English,United States,1 win,6.9,86.0,6.9,3404.0,
Dominique,1979.0,PG,1980-03-06,100.0,"Horror, Thriller",Michael Anderson,"Edward Abraham, Valerie Abraham, Harold Lawlor","Cliff Robertson, Jean Simmons, Jenny Agutter","A millionaire, who drove his wife to commit suicide, starts believing that he is being haunted by her spirit.",English,United Kingdom,N/A,5.4,,5.4,1195.0,
Don't Move,2024.0,R,2024-10-25,92.0,"Horror, Thriller","Brian Netto, Adam Schindler","T.J. Cimfel, David White","Kelsey Asbille, Finn Wittrock, Moray Treadwell","A seasoned killer injects a grieving woman with a paralytic agent. She must run, fight and hide before her body shuts down.",English,United States,N/A,5.8,,5.8,27295.0,
Beetlejuice Beetlejuice,2024.0,PG-13,2024-09-06,105.0,"Comedy, Fantasy, Horror",Tim Burton,"Michael McDowell, Larry Wilson, Alfred Gough","Michael Keaton, Winona Ryder, Catherine O'Hara","After a family tragedy, three generations of the Deetz family return home to Winter River. Still haunted by Beetlejuice, Lydia's life is turned upside down when her teenage daughter, Astrid, accidentally opens the portal to the Af...","English, Italian, French, Spanish","United States, France",1 win & 2 nominations,6.9,77.0,6.9,82566.0,284833442.0
Coco,2017.0,PG,2017-11-22,105.0,"Animation, Adventure, Drama","Lee Unkrich, Adrian Molina","Lee Unkrich, Jason Katz, Matthew Aldrich","Anthony Gonzalez, Gael García Bernal, Benjamin Bratt","Aspiring musician Miguel, confronted with his family's ancestral ban on music, enters the Land of the Dead to find his great-great-grandfather, a legendary singer.","English, Spanish","United States, Mexico",Won 2 Oscars. 112 wins & 42 nominations total,8.4,97.0,8.4,618005.0,210460015.0
Bagman,2024.0,PG-13,2024-09-27,93.0,Horror,Colm McCarthy,John Hulme,"Sam Claflin, Steven Cree, Antonia Thomas","When a sinister threat from his childhood returns to haunt him, a father desperately struggles against his deepest inner fear. Only this time, the fight isn't for himself; it's for his family.",English,United States,N/A,4.7,,4.7,367.0,
The Crow,1994.0,R,1994-05-13,102.0,"Action, Crime, Drama",Alex Proyas,"James O'Barr, David J. Schow, John Shirley","Brandon Lee, Michael Wincott, Rochelle Davis","The night before his wedding, musician Eric Draven and his fiancée are brutally murdered by members of a violent gang. On the anniversary of their death, Eric rises from the grave and assumes the mantle of the Crow, a supernatural...",English,United States,5 wins & 7 nominations,7.5,87.0,7.5,216503.0,50693129.0
Transmorphers: Mech Beasts,2023.0,N/A,2023-08-25,85.0,"Action, Sci-Fi",Michael Su,Joe Roche,"Tom Arnold, Matthew Gademske, Geena Alexandra","20 years after the events of TRANSMORPHERS, a newer, more advanced species of alien robot descends on a rebuilt Earth, threatening once again to destroy the planet.",English,United States,N/A,2.2,,2.2,292.0,
Smile,2022.0,R,2022-09-30,115.0,"Horror, Mystery, Thriller",Parker Finn,Parker Finn,"Sosie Bacon, Jessie T. Usher, Kyle Gallner","After witnessing a bizarre, traumatic incident involving a patient, a psychiatrist becomes increasingly convinced she is being threatened by an uncanny entity.","English, Spanish",United States,3 wins & 23 nominations,6.5,79.0,6.5,190072.0,105935048.0
Brothers,2009.0,R,2009-12-04,105.0,"Drama, Thriller, War",Jim Sheridan,"David Benioff, Susanne Bier, Anders Thomas Jensen","Jake Gyllenhaal, Natalie Portman, Tobey Maguire","While on tour in Afghanistan, Sam's helicopter is shot down and he is presumed dead. Back home, it is his screw-up brother who looks after the family. Sam does return, but with a lot of excess baggage.",English,United States,4 wins & 16 nominations,7.1,63.0,7.1,154743.0,28544157.0
Oppenheimer,2023.0,R,2023-07-21,180.0,"Biography, Drama, History",Christopher Nolan,"Christopher Nolan, Kai Bird, Martin Sherwin","Cillian Murphy, Emily Blunt, Matt Damon","A dramatization of the life story of J. Robert Oppenheimer, the physicist who had a large hand in the development of the atomic bombs that brought an end to World War II.","English, German, Italian","United States, United Kingdom",Won 7 Oscars. 354 wins & 369 nominations total,8.3,93.0,8.3,816722.0,329862540.0
IF,2024.0,PG,2024-05-17,104.0,"Animation, Comedy, Drama",John Krasinski,John Krasinski,"Cailey Fleming, Ryan Reynolds, John Krasinski",A young girl who goes through a difficult experience begins to see everyone's imaginary friends who have been left behind as their real-life friends have grown up.,English,"United States, Canada",3 nominations,6.5,50.0,6.5,46234.0,111149917.0
,,,,,,,,,,,,,,,,,
Godzilla x Kong: The New Empire,2024.0,PG-13,2024-03-29,115.0,"Action, Adventure, Fantasy",Adam Wingard,"Terry Rossio, Adam Wingard, Simon Barrett","Rebecca Hall, Brian Tyree Henry, Dan Stevens","Two ancient titans, Godzilla and Kong, clash in an epic battle as humans unravel their intertwined origins and connection to Skull Island's mysteries.",English,"United States, Australia",1 nomination,6.1,54.0,6.1,107307.0,196350016.0
My Old Ass,2024.0,R,2024-11-07,89.0,"Comedy, Drama, Romance",Megan Park,Megan Park,"Maisy Stella, Aubrey Plaza, Percy Hynes White","A mushroom trip brings free-spirited Elliott face-to-face with her 39-year-old self. But when Elliott's ""old ass"" delivers warnings to her younger self, Elliott realizes she has to rethink everything about her family, life and love.",English,"United Kingdom, Canada, United States",1 nomination,7.0,90.0,7.0,15563.0,5372282.0
The Garfield Movie,2024.0,PG,2024-05-24,101.0,"Animation, Adventure, Comedy",Mark Dindal,"Paul A. Kaplan, Mark Torgove, David Reynolds","Chris Pratt, Samuel L. Jackson, Hannah Waddingham","After Garfield's unexpected reunion with his long-lost father, ragged alley cat Vic, he and his canine friend Odie are forced from their perfectly pampered lives to join Vic on a risky heist.",English,"United States, United Kingdom, Hong Kong",2 nominations,5.7,37.0,5.7,20610.0,91956547.0
Barbie,2023.0,PG-13,2023-07-21,114.0,"Adventure, Comedy, Fantasy",Greta Gerwig,"Greta Gerwig, Noah Baumbach","Margot Robbie, Ryan Gosling, Issa Rae","Barbie and Ken are having the time of their lives in the colorful and seemingly perfect world of Barbie Land. However, when they get a chance to go to the real world, they soon discover the joys and perils of living among humans.","English, Spanish","United States, United Kingdom",Won 1 Oscar. 206 wins & 429 nominations total,6.8,88.0,6.8,571413.0,636238421.0
Kung Fu Panda 4,2024.0,PG,2024-03-08,94.0,"Animation, Action, Adventure","Mike Mitchell, Stephanie Stine","Jonathan Aibel, Glenn Berger, Darren Lemke","Jack Black, Awkwafina, Viola Davis","After Po is tapped to become the Spiritual Leader of the Valley of Peace, he needs to find and train a new Dragon Warrior, while a wicked sorceress plans to re-summon all the master villains whom Po has vanquished to the spirit re...","Mandarin, Chinese, English","United States, China",4 nominations,6.3,71.0,6.3,59143.0,193590620.0
Wrath of Man,2021.0,R,2021-05-07,119.0,"Action, Crime, Thriller",Guy Ritchie,"Nicolas Boukhrief, Éric Besnard, Guy Ritchie","Jason Statham, Holt McCallany, Josh Hartnett",A mysteriously stoic character is hired as a security guard by a cash truck company responsible for transporting a lot of money around Los Angeles each week.,"English, Spanish, Arabic","United Kingdom, United States",1 nomination,7.1,68.0,7.1,216024.0,27466489.0
It Ends with Us,2024.0,PG-13,2024-08-09,130.0,"Drama, Romance",Justin Baldoni,"Christy Hall, Colleen Hoover","Blake Lively, Justin Baldoni, Jenny Slate","When a woman's first love suddenly reenters her life, her relationship with a charming, but abusive neurosurgeon is upended and she realizes she must learn to rely on her own strength to make an impossible choice for her future.",English,United States,1 nomination,6.5,56.0,6.5,50623.0,148518266.0
Kingdom of the Planet of the Apes,2024.0,PG-13,2024-05-10,145.0,"Action, Adventure, Drama",Wes Ball,"Josh Friedman, Rick Jaffa, Amanda Silver","Owen Teague, Freya Allan, Kevin Durand","Many years after the reign of Caesar, a young ape goes on a journey that will lead him to question everything he's been taught about the past and make choices that will define a future for apes and humans alike.",English,"United States, Australia",5 nominations,6.9,80.0,6.9,134488.0,171130165.0
Terrifier 2,2022.0,Not Rated,2022-10-06,138.0,Horror,Damien Leone,Damien Leone,"Lauren LaVera, David Howard Thornton, Elliott Fullam","After being resurrected by a sinister entity, Art the Clown returns to the timid town of Miles County where he targets a teenage girl and her younger brother on Halloween night.",English,United States,6 wins & 12 nominations,6.1,86.0,6.1,54963.0,10962499.0
How to Train Your Dragon,2010.0,PG,2010-03-26,98.0,"Animation, Action, Adventure","Dean DeBlois, Chris Sanders","William Davies, Dean DeBlois, Chris Sanders","Jay Baruchel, Gerard Butler, Christopher Mintz-Plasse","A hapless young Viking who aspires to hunt dragons becomes the unlikely friend of a young dragon himself, and learns there may be more to the creatures than he assumed.",English,"United States, France, United Kingdom",Nominated for 2 Oscars. 25 wins & 63 nominations total,8.1,99.0,8.1,818841.0,217581231.0
Harold and the Purple Crayon,2024.0,PG,2024-08-02,90.0,"Animation, Adventure, Comedy",Carlos Saldanha,"David Guion, Michael Handelman, Crockett Johnson","Zachary Levi, Lil Rel Howery, Benjamin Bottani","Inside of his book, adventurous Harold can make anything come to life simply by drawing it. After he grows up and draws himself off the book's pages and into the physical world, Harold finds he has a lot to learn about real life.",English,United States,1 nomination,5.7,28.0,5.7,5586.0,17640924.0
The Shawshank Redemption,1994.0,R,1994-10-14,142.0,Drama,Frank Darabont,"Stephen King, Frank Darabont","Tim Robbins, Morgan Freeman, Bob Gunton","A banker convicted of uxoricide forms a friendship over a quarter century with a hardened convict, while maintaining his innocence and trying to remain hopeful through simple compassion.",English,United States,Nominated for 7 Oscars. 21 wins & 42 nominations total,9.3,89.0,9.3,2957050.0,28767189.0
The Marvels,2023.0,PG-13,2023-11-10,105.0,"Action, Adventure, Fantasy",Nia DaCosta,"Nia DaCosta, Megan McDonnell, Elissa Karasik","Brie Larson, Teyonah Parris, Iman Vellani","Carol Danvers gets her powers entangled with those of Kamala Khan and Monica Rambeau, forcing them to work together to save the universe.","English, Urdu",United States,4 wins & 11 nominations,5.5,62.0,5.5,139714.0,84500223.0
Interstellar,2014.0,PG-13,2014-11-07,169.0,"Adventure, Drama, Sci-Fi",Christopher Nolan,"Jonathan Nolan, Christopher Nolan","Matthew McConaughey, Anne Hathaway, Jessica Chastain","When Earth becomes uninhabitable in the future, a farmer and ex-NASA pilot, Joseph Cooper, is tasked to pilot a spacecraft, along with a team of researchers, to find a new planet for humans.",English,"United States, United Kingdom, Canada",Won 1 Oscar. 44 wins & 148 nominations total,8.7,73.0,8.7,2191773.0,188020017.0
Migration,2023.0,PG,2023-12-22,83.0,"Animation, Adventure, Comedy","Benjamin Renner, Guylo Homsy","Mike White, Benjamin Renner, Ken Daurio","Kumail Nanjiani, Tresi Gazal, Elizabeth Banks",A family of ducks try to convince their overprotective father to go on the vacation of a lifetime.,English,United States,1 win & 7 nominations,6.6,73.0,6.6,36140.0,127306285.0
Dune: Part Two,2024.0,PG-13,2024-03-01,166.0,"Action, Adventure, Drama",Denis Villeneuve,"Denis Villeneuve, Jon Spaihts, Frank Herbert","Timothée Chalamet, Zendaya, Rebecca Ferguson",Paul Atreides unites with Chani and the Fremen while seeking revenge against the conspirators who destroyed his family.,English,"United States, Canada, United Arab Emirates, Hungary, Italy, New Zealand, Jordan, Gambia",6 wins & 29 nominations,8.5,92.0,8.5,535522.0,282144358.0
A Quiet Place: Day One,2024.0,PG-13,2024-06-28,99.0,"Drama, Horror, Sci-Fi",Michael Sarnoski,"Michael Sarnoski, John Krasinski, Bryan Woods","Lupita Nyong'o, Joseph Quinn, Alex Wolff",A young woman named Sam finds herself trapped in New York City during the early stages of an invasion by alien creatures with ultra-sensitive hearing.,"American Sign , English","United States, United Kingdom, Canada",1 win & 4 nominations,6.3,87.0,6.3,117879.0,138930553.0
The Bad Guys: Haunted Heist,2024.0,TV-Y7,2024-10-03,25.0,"Animation, Action, Adventure","Kevin Peaty, Christo Stamboliev","Ben Glass, Elizabeth Chun, Shane Lynch","Michael Godere, Ezekiel Ajeigbe, Raul Ceballos",The Bad Guys' Halloween night of thievery and crime turns into a night of terror when they come across a dangerous enemy of the supernatural kind that gives them a taste of their own medicine.,English,United States,N/A,5.5,,5.5,959.0,
The Grinch,2018.0,PG,2018-11-09,85.0,"Animation, Comedy, Drama","Yarrow Cheney, Scott Mosier","Michael LeSieur, Tommy Swerdlow, Dr. Seuss","Benedict Cumberbatch, Cameron Seely, Rashida Jones",A grumpy Grinch plots to ruin Christmas for the village of Whoville.,English,"France, United States",2 wins & 18 nominations,6.4,60.0,6.4,94194.0,272242291.0
John Wick: Chapter 4,2023.0,R,2023-03-24,169.0,"Action, Crime, Thriller",Chad Stahelski,"Shay Hatten, Michael Finch, Derek Kolstad","Keanu Reeves, Laurence Fishburne, George Georgiou","John Wick uncovers a path to defeating The High Table. But before he can earn his freedom, Wick must face off against a new enemy with powerful alliances across the globe and forces that turn old friends into foes.","English, Japanese, Russian, French, Spanish, German, Latin, Cantonese, Arabic","United States, Germany",37 wins & 46 nominations,7.7,94.0,7.7,355448.0,187131806.0
Subservience,2024.0,R,2024-09-13,106.0,"Sci-Fi, Thriller",S.K. Dale,"Will Honley, April Maguire","Megan Fox, Michele Morrone, Madeline Zima","Follows a struggling father who purchases a domestic SIM to help care for his house and family, unaware she will gain awareness and turn deadly.",English,United States,N/A,5.2,46.0,5.2,7019.0,
Spider-Man: No Way Home,2021.0,PG-13,2021-12-17,148.0,"Action, Adventure, Fantasy",Jon Watts,"Chris McKenna, Erik Sommers, Stan Lee","Tom Holland, Zendaya, Benedict Cumberbatch","With Spider-Man's identity now revealed, Peter asks Doctor Strange for help. When a spell goes wrong, dangerous foes from other worlds start to appear.",English,United States,Nominated for 1 Oscar. 35 wins & 71 nominations total,8.2,93.0,8.2,912258.0,814866759.0
Fast X,2023.0,PG-13,2023-05-19,141.0,"Action, Adventure, Crime",Louis Leterrier,"Dan Mazeau, Justin Lin, Zach Dean","Vin Diesel, Michelle Rodriguez, Jason Statham",Dom Toretto and his family are targeted by the vengeful son of drug kingpin Hernan Reyes.,English,"United States, China, Japan",2 wins & 15 nominations,5.7,56.0,5.7,127300.0,146126015.0
The Hangover,2009.0,R,2009-06-05,100.0,Comedy,Todd Phillips,"Jon Lucas, Scott Moore","Zach Galifianakis, Bradley Cooper, Justin Bartha","Three buddies wake up from a bachelor party in Las Vegas, with no memory of the previous night and the bachelor missing. They make their way around the city in order to find their friend before his wedding.",English,"United States, Germany",Nominated for 1 BAFTA Award13 wins & 25 nominations total,7.7,79.0,7.7,864900.0,277339746.0
Lego Harry Potter and the Philosopher's Stone,,N/A,2020-12-08,,"Animation, Adventure, Comedy",N/A,N/A,"Robert Heath, A. Heath, Ben Heath","Harry Potter, a young wizard who discovers his magical heritage on his eleventh birthday, goes to Hogwarts School of Witchcraft and Wizardry to learn magic.",English,"United Kingdom, United States",N/A,,,,40.0,
Alien,1979.0,R,1979-06-22,117.0,"Horror, Sci-Fi",Ridley Scott,"Dan O'Bannon, Ronald Shusett","Sigourney Weaver, Tom Skerritt, John Hurt","After investigating a mysterious transmission of unknown origin, the crew of a commercial spacecraft encounters a deadly lifeform.",English,"United Kingdom, United States",Won 1 Oscar. 19 wins & 22 nominations total,8.5,93.0,8.5,990929.0,84206106.0
Never Let Go,2024.0,R,2024-09-20,101.0,"Horror, Thriller",Alexandre Aja,"KC Coughlin, Ryan Grassby","Halle Berry, Percy Daggs IV, Anthony B. Jenkins",A family that has been haunted by an evil spirit for years. Their safety and their surroundings come into question when one of the children questions if the evil is real.,English,"United States, Canada, France",N/A,5.5,58.0,5.5,8744.0,10306106.0
Double Blind,2023.0,N/A,2024-02-13,90.0,"Horror, Thriller",Ian Hunt-Duffy,Darach McGarrigle,"Millie Brady, Pollyanna McIntosh, Akshay Kumar","After an experimental drug trial goes awry, the test subjects face a terrifying side effect: if you fall asleep you die. Trapped in an isolated facility, panic ensues as they try to escape and somehow stay awake.",English,Ireland,2 wins & 17 nominations,5.6,100.0,5.6,4354.0,
Avengers: Infinity War,2018.0,PG-13,2018-04-27,149.0,"Action, Adventure, Sci-Fi","Anthony Russo, Joe Russo","Christopher Markus, Stephen McFeely, Stan Lee","Robert Downey Jr., Chris Hemsworth, Mark Ruffalo",The Avengers and their allies must be willing to sacrifice all in an attempt to defeat the powerful Thanos before his blitz of devastation and ruin puts an end to the universe.,English,"United States, Norway",Nominated for 1 Oscar. 48 wins & 81 nominations total,8.4,85.0,8.4,1239574.0,678815482.0
Twisters,2024.0,PG-13,2024-07-19,122.0,"Action, Adventure, Thriller",Lee Isaac Chung,"Mark L. Smith, Joseph Kosinski, Michael Crichton","Daisy Edgar-Jones, Glen Powell, Anthony Ramos","Kate Carter, a retired tornado-chaser and meteorologist, is persuaded to return to Oklahoma to work with a new team and new technologies.",English,United States,2 nominations,6.6,75.0,6.6,110252.0,267762265.0
Borderlands,2024.0,PG-13,2024-08-09,101.0,"Action, Adventure, Comedy",Eli Roth,"Eli Roth, Joe Abercrombie","Cate Blanchett, Kevin Hart, Edgar Ramírez","An infamous bounty hunter returns to her childhood home, the chaotic planet Pandora, and forms an unlikely alliance with a team of misfits to find the missing daughter of the most powerful man in the universe.",English,"United States, Hungary",1 win & 2 nominations,4.6,10.0,4.6,33267.0,15482668.0
Prey,2022.0,R,2022-08-05,100.0,"Action, Adventure, Horror",Dan Trachtenberg,"Patrick Aison, Dan Trachtenberg, Jim Thomas","Amber Midthunder, Dakota Beavers, Dane DiLiegro","Naru, a skilled warrior of the Comanche Nation, fights to protect her tribe against one of the first highly-evolved Predators to land on Earth.","English, French",United States,Won 1 Primetime Emmy. 12 wins & 44 nominations total,7.1,94.0,7.1,238355.0,
The Godfather,1972.0,R,1972-03-24,175.0,"Crime, Drama",Francis Ford Coppola,"Mario Puzo, Francis Ford Coppola","Marlon Brando, Al Pacino, James Caan",The aging patriarch of an organized crime dynasty transfers control of his clandestine empire to his reluctant son.,"English, Italian, Latin",United States,Won 3 Oscars. 31 wins & 31 nominations total,9.2,97.0,9.2,2068172.0,136381073.0
The Killer's Game,2024.0,R,2024-09-13,104.0,"Action, Comedy, Thriller",J.J. Perry,"Rand Ravich, James Coyne, Jay Bonansinga","Dave Bautista, Dmitrij Kalacsov, Mia Rouba M.Kiss","When a hitman is diagnosed with a terminal illness, he decides to take a hit out on himself. But when the very hitmen he hired also target his ex-girlfriend, he must fend off an army of assassin colleagues.",English,"Spain, United States, United Kingdom",N/A,5.7,44.0,5.7,7113.0,5404378.0
Skincare,2024.0,R,2024-08-16,96.0,Thriller,Austin Peters,"Sam Freilich, Deering Regan, Austin Peters","Elizabeth Banks, Lewis Pullman, Luis Gerardo Méndez","Famed aesthetician Hope Goldman's skincare business faces sabotage when rival Angel Vergara opens a boutique across the street. Aided by friend Jordan, Hope seeks to uncover who's trying to ruin her reputation.",English,"Italy, United States",1 nomination,5.8,67.0,5.8,2664.0,456590.0
Corpse Bride,2005.0,PG,2005-09-23,77.0,"Animation, Comedy, Drama","Tim Burton, Mike Johnson","Tim Burton, Carlos Grangel, John August","Johnny Depp, Helena Bonham Carter, Emily Watson","When a shy groom practices his wedding vows in the inadvertent presence of a deceased young woman, she rises from the grave assuming he has married her.",English,United States,Nominated for 1 Oscar. 9 wins & 30 nominations total,7.4,84.0,7.4,308211.0,53401527.0
Furiosa: A Mad Max Saga,2024.0,R,2024-05-24,148.0,"Action, Adventure, Sci-Fi",George Miller,"George Miller, Nick Lathouris","Anya Taylor-Joy, Chris Hemsworth, Tom Burke",The origin story of renegade warrior Furiosa before her encounter and teamup with Mad Max.,English,"Australia, United States",1 win & 23 nominations,7.5,90.0,7.5,229998.0,67475791.0
Dune,1984.0,PG-13,1984-12-14,137.0,"Action, Adventure, Sci-Fi",David Lynch,"Frank Herbert, David Lynch","Kyle MacLachlan, Virginia Madsen, Francesca Annis",A Duke's son leads desert warriors against the galactic emperor and his father's evil nemesis to free their desert world from the emperor's rule.,English,"United States, Mexico",Nominated for 1 Oscar. 2 wins & 6 nominations total,6.3,36.0,6.3,183728.0,30925690.0
Operation Black Ops,2023.0,N/A,2023-07-11,80.0,"Action, Drama, Thriller",Jamaal Burden,Jamaal Burden,"Tito Ortiz, Cris Cyborg, Rafael Cansino",A group of mercenaries are hired to overthrow a Neo-Nazi stronghold nestled deep in the heart of Texas only to discover they are protecting nuclear codes that could ignite World War III.,N/A,United States,N/A,2.4,,2.4,83.0,
Hellboy: The Crooked Man,2024.0,R,2024-10-08,99.0,"Action, Horror",Brian Taylor,"Christopher Golden, Mike Mignola, Brian Taylor","Jack Kesy, Jefferson White, Adeline Rudolph","Hellboy and a rookie B.P.R.D. agent in the 1950s are sent to the Appalachians, where they discover a remote community dominated by witches and led by the sinister local demon, the Crooked Man.",English,"United States, United Kingdom, Germany, Bulgaria",N/A,4.5,37.0,4.5,7605.0,
Saturday Night,2024.0,R,2024-10-11,109.0,"Biography, Comedy, Drama",Jason Reitman,"Gil Kenan, Jason Reitman","Gabriel LaBelle, Rachel Sennott, Cory Michael Smith","At 11:30pm on October 11th, 1975, a ferocious troupe of young comedians and writers changed television forever. Find out what happened behind the scenes in the 90 minutes leading up to the first broadcast of Saturday Night Live (1...",English,United States,3 wins & 2 nominations,7.2,78.0,7.2,9037.0,9497388.0
The Silent Hour,2024.0,R,2024-10-11,99.0,"Action, Crime, Thriller",Brad Anderson,Dan Hall,"Joel Kinnaman, Sandra Mae Frank, Mekhi Phifer",A detective with hearing loss and a deaf witness to a murder must lean on each other to outsmart killers they can't hear coming when cornered in an abandoned apartment block.,English,"Malta, United States, Canada",N/A,6.0,65.0,6.0,3167.0,
How to Train Your Dragon: The Hidden World,2019.0,PG,2019-02-22,104.0,"Animation, Action, Adventure",Dean DeBlois,"Dean DeBlois, Cressida Cowell","Jay Baruchel, America Ferrera, F. Murray Abraham","When Hiccup discovers Toothless isn't the only Night Fury, he must seek the Hidden World, a secret Dragon Utopia before a hired tyrant named Grimmel finds it first.",English,"United States, Japan",Nominated for 1 Oscar. 7 wins & 66 nominations total,7.4,90.0,7.4,156532.0,160945505.0
Wolfs,2024.0,R,2024-09-27,108.0,"Crime, Thriller",Jon Watts,Jon Watts,"George Clooney, Brad Pitt, Amy Ryan","Two rival fixers cross paths when they're both called in to help cover up a prominent New York official's misstep. Over one explosive night, they'll have to set aside their petty grievances and their egos to finish the job.",English,"United Kingdom, United States",1 win,6.5,67.0,6.5,54591.0,
Winnie-the-Pooh: Blood and Honey 2,2024.0,Not Rated,2024-03-26,93.0,"Horror, Thriller",Rhys Frake-Waterfield,"Rhys Frake-Waterfield, Matt Leslie","Scott Chambers, Tallulah Evans, Ryan Oliva","Not wanting to live in the shadows any longer, Winnie-the-Pooh, Piglet, Owl, and Tigger take their fight to the town of Ashdown, leaving a bloody trail of death and mayhem in their wake.",English,"United Kingdom, United States",N/A,4.7,,4.7,9142.0,533144.0
Minions: The Rise of Gru,2022.0,PG,2022-07-01,87.0,"Animation, Adventure, Comedy","Kyle Balda, Brad Ableson, Jonathan del Val","Matthew Fogel, Brian Lynch","Steve Carell, Pierre Coffin, Alan Arkin",The untold story of one twelve-year-old's dream to become the world's greatest supervillain.,"English, Vietnamese","United States, France",1 win & 18 nominations,6.5,70.0,6.5,94126.0,370270765.0
The Maze Runner,2014.0,PG-13,2014-09-19,113.0,"Action, Mystery, Sci-Fi",Wes Ball,"Noah Oppenheim, Grant Pierce Myers, T.S. Nowlin","Dylan O'Brien, Kaya Scodelario, Will Poulter","Thomas is deposited in a community of boys after his memory is erased, soon learning they're all trapped in a maze that will require him to join forces with fellow ""runners"" for a shot at escape.",English,"United States, United Kingdom",4 wins & 12 nominations,6.8,66.0,6.8,522532.0,102427862.0
Civil War,2024.0,R,2024-04-12,109.0,"Action, Adventure, Thriller",Alex Garland,Alex Garland,"Kirsten Dunst, Wagner Moura, Cailee Spaeny","A journey across a dystopian future America, following a team of military-embedded journalists as they race against time to reach DC before rebel factions descend upon the White House.",English,"United States, United Kingdom, Finland",25 nominations,7.0,81.0,7.0,192596.0,68603430.0
The Beekeeper,2024.0,R,2024-01-12,105.0,"Action, Crime, Thriller",David Ayer,Kurt Wimmer,"Jason Statham, Emmy Raver-Lampman, Bobby Naderi","A kind-hearted landlady commits suicide after falling victim to a phishing scam, leading former ""Beekeeper"" operative Adam Clay to set out on a brutal campaign for revenge upon those responsible.",English,"United Kingdom, United States",1 nomination,6.3,71.0,6.3,136857.0,66220535.0
Titanic,1997.0,PG-13,1997-12-19,194.0,"Drama, Romance",James Cameron,James Cameron,"Leonardo DiCaprio, Kate Winslet, Billy Zane","A seventeen-year-old aristocrat falls in love with a kind but poor artist aboard the luxurious, ill-fated R.M.S. Titanic.","English, Swedish, Italian, French","United States, Mexico",Won 11 Oscars. 126 wins & 83 nominations total,7.9,88.0,7.9,1313284.0,674292608.0
Bag of Lies,2024.0,N/A,2024-04-02,96.0,Horror,David Andrew James,"David Andrew James, Nick Laughlin, Joe Zappa","Patrick Taft, Brandi Botkin, John Wells","Desperate to save his dying wife, Matt turns to The Bag, an ancient relic with dark magic. The cure demands a chilling ritual and strict rules. As his wife heals, Matt's sanity unravels, facing terrifying consequences.",English,United States,N/A,3.9,,3.9,477.0,
10 Lives,2024.0,TV-G,2024-10-11,88.0,"Animation, Comedy, Family",Christopher Jenkins,"Ash Brannon, Ken Cinnamon, Leland Cox","Mo Gilligan, Simone Ashley, Sophie Okonedo","A pampered cat takes for granted the lucky hand he has been dealt after he is rescued and loved by Rose, a kind-hearted and passionate student. When he loses his ninth life, fate steps in to set him on a transformative journey.",English,"United Kingdom, Canada, France, China, United States",N/A,5.9,67.0,5.9,1179.0,
xXx,2002.0,PG-13,2002-08-09,124.0,"Action, Adventure, Drama",Rob Cohen,Rich Wilkes,"Vin Diesel, Asia Argento, Marton Csokas","The US government recruits extreme sports athlete Xander Cage to infiltrate a Russian criminal ring, which is plotting the destruction of the world.","English, German, Spanish, Russian, Czech",United States,4 wins & 14 nominations,5.8,48.0,5.8,188375.0,142109382.0
The Inseparables,2023.0,Not Rated,2023-12-13,90.0,"Animation, Adventure, Family",Jérémie Degruson,"Joel Cohen, Alec Sokolow, Bob Barlen","Eric Judor, Jean-Pascal Zadi, Ana Girardot",A runaway puppet with boundless imagination and an abandoned stuffed animal toy in need of a friend cross paths in Central Park and pair up against all odds for an epic adventure of friendship in New York City.,English,"Belgium, France, Spain",2 nominations,5.9,33.0,5.9,504.0,
Gone Girl,2014.0,R,2014-10-03,149.0,"Drama, Mystery, Thriller",David Fincher,Gillian Flynn,"Ben Affleck, Rosamund Pike, Neil Patrick Harris",The husband of a missing woman becomes the chief suspect in her disappearance.,English,United States,Nominated for 1 Oscar. 64 wins & 188 nominations total,8.1,88.0,8.1,1092865.0,167767189.0
How the Grinch Stole Christmas,2000.0,PG,2000-11-17,104.0,"Comedy, Family, Fantasy",Ron Howard,"Dr. Seuss, Jeffrey Price, Peter S. Seaman","Jim Carrey, Taylor Momsen, Kelley","On the outskirts of Whoville lives a green, revenge-seeking Grinch who plans to ruin Christmas for all of the citizens of the town.",English,"United States, Germany",Won 1 Oscar. 18 wins & 37 nominations total,6.3,49.0,6.3,297200.0,261415800.0
The Convert,2023.0,N/A,2024-07-12,119.0,"Action, Drama",Lee Tamahori,"Shane Danielsen, Lee Tamahori, Michael Bennett","Guy Pearce, Tioreore Ngatai-Melbourne, Antonio Te Maioha","A lay preacher arrives at a British settlement in 1830s. His violent past is soon drawn into question and his faith put to the test, as he finds himself caught in the middle of a bloody war between Maori tribes.","English, Maori","United Kingdom, Australia, New Zealand",1 win,6.4,83.0,6.4,3646.0,5491.0
,,,,,,,,,,,,,,,,,
Transformers: Rise of the Beasts,2023.0,PG-13,2023-06-09,127.0,"Action, Adventure, Sci-Fi",Steven Caple Jr.,"Joby Harold, Darnell Metayer, Josh Peters","Anthony Ramos, Dominique Fishback, Luna Lauren Velez","During the '90s, a new faction of Transformers - the Maximals - join the Autobots as allies in the battle for Earth.","English, Spanish","United States, Canada, United Kingdom, New Zealand, Hungary, Peru, China",1 win & 11 nominations,6.0,51.0,6.0,113172.0,157066392.0
The Dark Knight,2008.0,PG-13,2008-07-18,152.0,"Action, Crime, Drama",Christopher Nolan,"Jonathan Nolan, Christopher Nolan, David S. Goyer","Christian Bale, Heath Ledger, Aaron Eckhart","When a menace known as the Joker wreaks havoc and chaos on the people of Gotham, Batman, James Gordon and Harvey Dent must work together to put an end to the madness.","English, Mandarin","United States, United Kingdom",Won 2 Oscars. 164 wins & 164 nominations total,9.0,94.0,9.0,2947373.0,534987076.0
Speak No Evil,2024.0,R,2024-09-13,110.0,"Drama, Horror, Thriller",James Watkins,"James Watkins, Christian Tafdrup, Mads Tafdrup","James McAvoy, Mackenzie Davis, Scoot McNairy","A family is invited to spend a whole weekend in a lonely home in the countryside, but as the weekend progresses, they realize that a dark side lies within the family who invited them.",English,"United States, Croatia, Canada",1 nomination,6.9,83.0,6.9,59363.0,36931420.0
The Super Mario Bros. Movie,2023.0,PG,2023-04-05,92.0,"Animation, Adventure, Comedy","Aaron Horvath, Michael Jelenic, Pierre Leduc",Matthew Fogel,"Chris Pratt, Anya Taylor-Joy, Charlie Day","A plumber named Mario travels through an underground labyrinth with his brother Luigi, trying to save a captured princess.",English,"United States, Japan",2 wins & 48 nominations,7.0,59.0,7.0,251438.0,574934330.0
Anora,2024.0,R,2024-10-17,139.0,"Comedy, Drama, Romance",Sean Baker,Sean Baker,"Mikey Madison, Paul Weissman, Lindsey Normington","Anora, a young sex worker from Brooklyn, meets and impulsively marries the son of an oligarch. Once the news reaches Russia, her fairytale is threatened as his parents set out for New York to get the marriage annulled.","English, Russian, Armenian",United States,6 wins & 7 nominations,8.2,96.0,8.2,18941.0,10421398.0
The Batman,2022.0,PG-13,2022-03-04,176.0,"Action, Crime, Drama",Matt Reeves,"Matt Reeves, Peter Craig, Bob Kane","Robert Pattinson, Zoë Kravitz, Jeffrey Wright","When a sadistic serial killer begins murdering key political figures in Gotham, The Batman is forced to investigate the city's hidden corruption and question his family's involvement.","English, Spanish, Latin, Italian",United States,Nominated for 3 Oscars. 39 wins & 185 nominations total,7.8,85.0,7.8,828211.0,369345583.0
Top Gun: Maverick,2022.0,PG-13,2022-05-27,130.0,"Action, Drama",Joseph Kosinski,"Jim Cash, Jack Epps Jr., Peter Craig","Tom Cruise, Jennifer Connelly, Miles Teller","The story involves Maverick confronting his past while training a group of younger Top Gun graduates, including the son of his deceased best friend, for a dangerous mission.",English,United States,Won 1 Oscar. 108 wins & 235 nominations total,8.2,96.0,8.2,734750.0,718732821.0
Kill Em All 2,2024.0,R,2024-09-24,88.0,Action,Valeri Milev,Jim Agnew,"Jean-Claude Van Damme, Jacqueline Fernandez, Dimitar Doychinov",Phillip comes face to face with a Russian-French terrorist who comes exact vengeance on him for killing his brother.,English,"United States, Italy",N/A,3.9,,3.9,822.0,
Saving Bikini Bottom: The Sandy Cheeks Movie,2024.0,TV-Y,2024-08-02,82.0,"Animation, Adventure, Comedy",Liza Johnson,"Kaz, Tom Stern, Stephen Hillenburg","Carolyn Lawrence, Tom Kenny, Clancy Brown","When Bikini Bottom is suddenly scooped out of the ocean, Sandy Cheeks and SpongeBob journey to Sandy's home state of Texas, where they meet Sandy's family and must save Bikini Bottom from the hands of an evil CEO.","Arabic, English","United States, United Kingdom, Canada",1 nomination,3.7,56.0,3.7,3015.0,
The Apprentice,2024.0,R,2024-10-11,122.0,"Biography, Drama, History",Ali Abbasi,Gabriel Sherman,"Sebastian Stan, Jeremy Strong, Maria Bakalova",The story of how a young Donald Trump started his real-estate business in 1970s and '80s New York with the helping hand of infamous lawyer Roy M. Cohn.,English,"Canada, Denmark, Ireland",1 nomination,7.3,82.0,7.3,10263.0,3801000.0
Avatar,2009.0,PG-13,2009-12-18,162.0,"Action, Adventure, Fantasy",James Cameron,James Cameron,"Sam Worthington, Zoe Saldana, Sigourney Weaver",A paraplegic Marine dispatched to the moon Pandora on a unique mission becomes torn between following his orders and protecting the world he feels is his home.,"English, Spanish","United States, United Kingdom",Won 3 Oscars. 91 wins & 131 nominations total,7.9,81.0,7.9,1407587.0,785221649.0
Joker,2019.0,R,2019-10-04,122.0,"Crime, Drama, Thriller",Todd Phillips,"Todd Phillips, Scott Silver, Bob Kane","Joaquin Phoenix, Robert De Niro, Zazie Beetz","Arthur Fleck, a party clown and a failed stand-up comedian, leads an impoverished life with his ailing mother. However, when society shuns him and brands him as a freak, he decides to embrace the life of chaos in Gotham City.","English, German","United States, Canada, Australia",Won 2 Oscars. 121 wins & 247 nominations total,8.4,68.0,8.4,1554927.0,335477657.0
Road House,2024.0,R,2024-03-21,121.0,"Action, Thriller",Doug Liman,"Anthony Bagarozzi, Chuck Mondry, R. Lance Hill","Jake Gyllenhaal, Daniela Melchior, Conor McGregor","Ex-UFC fighter Dalton takes a job as a bouncer at a Florida Keys roadhouse, only to discover that this paradise is not all it seems.",English,United States,1 nomination,6.2,,6.2,156214.0,
The Lord of the Rings: The Fellowship of the Ring,2001.0,PG-13,2001-12-19,178.0,"Action, Adventure, Drama",Peter Jackson,"J.R.R. Tolkien, Fran Walsh, Philippa Boyens","Elijah Wood, Ian McKellen, Orlando Bloom",A meek Hobbit from the Shire and eight companions set out on a journey to destroy the powerful One Ring and save Middle-earth from the Dark Lord Sauron.,"English, Sindarin","New Zealand, United States, United Kingdom",Won 4 Oscars. 125 wins & 126 nominations total,8.9,92.0,8.9,2054361.0,319372078.0
Harry Potter and the Chamber of Secrets,2002.0,PG,2002-11-15,161.0,"Adventure, Family, Fantasy",Chris Columbus,"J.K. Rowling, Steve Kloves","Daniel Radcliffe, Rupert Grint, Emma Watson","Harry Potter lives his second year at Hogwarts with Ron and Hermione when a message on the wall announces that the legendary Chamber of Secrets has been opened. The trio soon realize that, to save the school, it will take a lot of...","English, Latin","United Kingdom, United States",Won 1 BAFTA Award14 wins & 50 nominations total,7.4,82.0,7.4,710435.0,262641637.0
We Live in Time,2024.0,R,2024-10-18,108.0,"Drama, Romance",John Crowley,Nick Payne,"Andrew Garfield, Florence Pugh, Grace Delaney","An up-and-coming chef and a recent divorcée find their lives forever changed when a chance encounter brings them together, in a decade-spanning, deeply moving romance.",English,"France, United Kingdom",N/A,7.3,78.0,7.3,9062.0,23932392.0
Gran Turismo,2023.0,PG-13,2023-08-25,134.0,"Action, Adventure, Drama",Neill Blomkamp,"Jason Hall, Zach Baylin, Alex Tse","David Harbour, Orlando Bloom, Archie Madekwe","Based on the unbelievable, inspiring true story of a team of underdogs - a struggling, working-class gamer, a failed former race car driver, and an idealistic motorsport exec - who risk it all to take on the most elite sport in th...",English,"Japan, United States",3 nominations,7.1,,7.1,111324.0,44428554.0
Fifty Shades of Grey,2015.0,R,2015-02-13,125.0,"Drama, Romance, Thriller",Sam Taylor-Johnson,"Kelly Marcel, E.L. James","Dakota Johnson, Jamie Dornan, Jennifer Ehle","Literature student Anastasia Steele's life changes forever when she meets handsome, yet tormented, billionaire Christian Grey.",English,United States,Nominated for 1 Oscar. 9 wins & 30 nominations total,4.2,25.0,4.2,340991.0,166167230.0
Twilight,2008.0,PG-13,2008-11-21,122.0,"Drama, Fantasy, Romance",Catherine Hardwicke,"Melissa Rosenberg, Stephenie Meyer","Kristen Stewart, Robert Pattinson, Billy Burke","When Bella Swan moves to a small town in the Pacific Northwest, she falls in love with Edward Cullen, a mysterious classmate who reveals himself to be a 108-year-old vampire.",English,"United States, United Kingdom",34 wins & 16 nominations,5.3,48.0,5.3,496845.0,193962473.0
How to Train Your Dragon 2,2014.0,PG,2014-06-13,102.0,"Animation, Action, Adventure",Dean DeBlois,"Dean DeBlois, Cressida Cowell","Jay Baruchel, Cate Blanchett, Gerard Butler","When Hiccup and Toothless discover an ice cave that is home to hundreds of new wild dragons and the mysterious Dragon Rider, the two friends find themselves at the center of a battle to protect the peace.",English,"United States, India",Nominated for 1 Oscar. 15 wins & 61 nominations total,7.8,92.0,7.8,372589.0,177002924.0
Batman v Superman: Dawn of Justice,2016.0,R,2016-03-25,151.0,"Action, Adventure, Sci-Fi",Zack Snyder,"Bob Kane, Bill Finger, Jerry Siegel","Ben Affleck, Henry Cavill, Amy Adams",Batman is manipulated by Lex Luthor to fear Superman. Superman´s existence is meanwhile dividing the world and he is framed for murder during an international crisis. The heroes clash and force the neutral Wonder Woman to reemerge.,English,"United States, Morocco",14 wins & 33 nominations,6.5,29.0,6.5,761081.0,330360194.0
Descendants: The Rise of Red,2024.0,TV-G,2024-07-12,91.0,"Action, Adventure, Family",Jennifer Phang,"Sara Parriott, Josann McGibbon, Dan Frey","Kylie Cantrall, Malia Baker, Dara Reneé","After the Queen of Hearts incites a coup in Auradon, her rebellious daughter, Red, and Cinderella's perfectionist daughter, Chloe, must team up and travel in time to undo the traumatic event that drove a young Queen of Hearts to v...",English,United States,N/A,4.7,57.0,4.7,6255.0,
"Love, Rosie",2014.0,R,2014-10-17,102.0,"Comedy, Romance",Christian Ditter,"Juliette Towhidi, Cecelia Ahern","Lily Collins, Sam Claflin, Christian Cooke","Rosie and Alex have been best friends since they were 5, so they couldn't possibly be right for one another...or could they? When it comes to love, life and making the right choices, these two are their own worst enemies.",English,"Germany, United Kingdom",N/A,7.1,32.0,7.1,159069.0,20431.0
Terminator Genisys,2015.0,PG-13,2015-07-01,126.0,"Action, Adventure, Sci-Fi",Alan Taylor,"Laeta Kalogridis, Patrick Lussier, James Cameron","Arnold Schwarzenegger, Jason Clarke, Emilia Clarke","When John Connor, leader of the human resistance, sends Sgt. Kyle Reese back to 1984 to protect Sarah Connor and safeguard the future, an unexpected turn of events creates a fractured timeline.","English, Ukrainian","United States, Canada",9 nominations,6.3,26.0,6.3,296533.0,89760956.0
Puss in Boots: The Last Wish,2022.0,PG,2022-12-21,102.0,"Animation, Action, Adventure","Joel Crawford, Januel Mercado","Paul Fisher, Tommy Swerdlow, Tom Wheeler","Antonio Banderas, Salma Hayek, Harvey Guillén","When Puss in Boots discovers that his passion for adventure has taken its toll and he has burned through eight of his nine lives, he launches an epic journey to restore them by finding the mythical Last Wish.","English, Spanish","United States, Japan",Nominated for 1 Oscar. 8 wins & 57 nominations total,7.8,,7.8,189200.0,186090535.0
"The Chronicles of Narnia: The Lion, the Witch and the Wardrobe",2005.0,PG,2005-12-09,143.0,"Adventure, Family, Fantasy",Andrew Adamson,"Ann Peacock, Andrew Adamson, Christopher Markus","Tilda Swinton, Georgie Henley, William Moseley","While playing, Lucy and her siblings find a wardrobe that lands them in a mystical place called Narnia. Here they realize that it was fated and they must now unite with Aslan to defeat an evil queen.","English, German, Brazilian Sign ","United Kingdom, United States",Won 1 Oscar. 18 wins & 46 nominations total,6.9,75.0,6.9,435901.0,291710957.0
Spider-Man: Across the Spider-Verse,2023.0,PG,2023-06-02,140.0,"Animation, Action, Adventure","Joaquim Dos Santos, Kemp Powers, Justin K. Thompson","Phil Lord, Christopher Miller, Dave Callaham","Shameik Moore, Hailee Steinfeld, Brian Tyree Henry","Miles Morales catapults across the multiverse, where he encounters a team of Spider-People charged with protecting its very existence. When the heroes clash on how to handle a new threat, Miles must redefine what it means to be a ...",English,United States,Nominated for 1 Oscar. 106 wins & 164 nominations total,8.6,95.0,8.6,410990.0,381593754.0
Harry Potter and the Prisoner of Azkaban,2004.0,PG,2004-06-04,142.0,"Adventure, Family, Fantasy",Alfonso Cuarón,"J.K. Rowling, Steve Kloves","Daniel Radcliffe, Emma Watson, Rupert Grint","Harry Potter, Ron and Hermione return to Hogwarts School of Witchcraft and Wizardry for their third year of study, where they delve into the mystery surrounding an escaped prisoner who poses a dangerous threat to the young wizard.","English, Latin, Old English","United Kingdom, United States",Nominated for 2 Oscars. 17 wins & 56 nominations total,7.9,90.0,7.9,708347.0,250105651.0
Sonic the Hedgehog 2,2022.0,PG,2022-04-08,122.0,"Action, Adventure, Comedy",Jeff Fowler,"Pat Casey, Josh Miller, John Whittington","James Marsden, Jim Carrey, Ben Schwartz","When the manic Dr. Robotnik returns to Earth with a new ally, Knuckles the Echidna, Sonic and his new friend Tails is all that stands in their way.","English, Russian, French, Latin, Hawaiian, Greek","United States, Japan, United Kingdom",2 wins & 3 nominations,6.5,69.0,6.5,92603.0,190872904.0
The Equalizer,2014.0,R,2014-09-26,132.0,"Action, Crime, Thriller",Antoine Fuqua,"Richard Wenk, Michael Sloan, Richard Lindheim","Denzel Washington, Marton Csokas, Chloë Grace Moretz",A man who believes he has put his mysterious past behind him cannot stand idly by when he meets a young girl under the control of ultra-violent Russian gangsters.,"English, Russian, Spanish, German, Ukrainian",United States,1 win & 9 nominations,7.2,61.0,7.2,432535.0,101530738.0
Big Hero 6,2014.0,PG,2014-11-07,102.0,"Animation, Action, Adventure","Don Hall, Chris Williams","Jordan Roberts, Robert L. Baird, Daniel Gerson","Ryan Potter, Scott Adsit, Jamie Chung","A special bond develops between plus-sized inflatable robot Baymax and prodigy Hiro Hamada, who together team up with a group of friends to form a band of high-tech heroes.",English,United States,Won 1 Oscar. 17 wins & 58 nominations total,7.8,90.0,7.8,516438.0,222527828.0
Inception,2010.0,PG-13,2010-07-16,148.0,"Action, Adventure, Sci-Fi",Christopher Nolan,Christopher Nolan,"Leonardo DiCaprio, Joseph Gordon-Levitt, Elliot Page","A thief who steals corporate secrets through the use of dream-sharing technology is given the inverse task of planting an idea into the mind of a C.E.O., but his tragic past may doom the project and his team to disaster.","English, Japanese, French","United States, United Kingdom",Won 4 Oscars. 159 wins & 220 nominations total,8.8,87.0,8.8,2615361.0,292587330.0
Deep Water,2022.0,R,2022-03-18,115.0,"Crime, Drama, Mystery",Adrian Lyne,"Zach Helm, Sam Levinson, Patricia Highsmith","Ben Affleck, Ana de Armas, Tracy Letts",A well-to-do husband who allows his wife to have affairs in order to avoid a divorce becomes a prime suspect in the disappearance of her lovers.,English,"Australia, United States, Canada",2 nominations,5.5,35.0,5.5,60344.0,
The Lion King,1994.0,G,1994-06-24,88.0,"Animation, Adventure, Drama","Roger Allers, Rob Minkoff","Irene Mecchi, Jonathan Roberts, Linda Woolverton","Matthew Broderick, Jeremy Irons, James Earl Jones","Lion prince Simba and his father are targeted by his bitter uncle, who wants to ascend the throne himself.","English, Swahili, Xhosa, Zulu",United States,Won 2 Oscars. 43 wins & 35 nominations total,8.5,92.0,8.5,1168861.0,424979720.0
Wonka,2023.0,PG,2023-12-15,116.0,"Adventure, Comedy, Family",Paul King,"Roald Dahl, Paul King, Simon Farnaby","Timothée Chalamet, Gustave Die, Murray McArthur","With dreams of opening a shop in a city renowned for its chocolate, a young and poor Willy Wonka discovers that the industry is run by a cartel of greedy chocolatiers.",English,"United States, United Kingdom, Canada",Nominated for 1 BAFTA Award3 wins & 39 nominations total,7.0,82.0,7.0,163136.0,218402312.0
World War Z,2013.0,PG-13,2013-06-21,116.0,"Action, Adventure, Horror",Marc Forster,"Matthew Michael Carnahan, Drew Goddard, Damon Lindelof","Brad Pitt, Mireille Enos, Daniella Kertesz",Former United Nations employee Gerry Lane traverses the world in a race against time to stop a zombie pandemic that is toppling armies and governments and threatens to destroy humanity itself.,"English, Spanish, Hebrew, Arabic","United States, United Kingdom",3 wins & 25 nominations,7.0,67.0,7.0,737596.0,202807711.0
Like Water for Chocolate,1992.0,R,1993-05-28,105.0,"Drama, Romance",Alfonso Arau,Laura Esquivel,"Marco Leonardi, Lumi Cavazos, Regina Torné","When tradition prevents her from marrying the man she loves, a young woman discovers she has a unique talent for cooking.","Spanish, English",Mexico,Nominated for 1 BAFTA Award27 wins & 14 nominations total,7.1,88.0,7.1,19122.0,21665468.0
Shrek,2001.0,PG,2001-05-18,90.0,"Animation, Adventure, Comedy","Andrew Adamson, Vicky Jenson","William Steig, Ted Elliott, Terry Rossio","Mike Myers, Eddie Murphy, Cameron Diaz","A mean lord exiles fairytale creatures to the swamp of a grumpy ogre, who must go on a quest and rescue a princess for the lord in order to get his land back.",English,United States,Won 1 Oscar. 40 wins & 60 nominations total,7.9,88.0,7.9,752474.0,268349831.0
Despicable Me,2010.0,PG,2010-07-09,95.0,"Animation, Adventure, Comedy","Pierre Coffin, Chris Renaud","Cinco Paul, Ken Daurio, Sergio Pablos","Steve Carell, Jason Segel, Russell Brand","Gru, a criminal mastermind, adopts three orphans as pawns to carry out the biggest heist in history. His life takes an unexpected turn when the little girls see the evildoer as their potential father.",English,"United States, France",Nominated for 1 BAFTA Award3 wins & 41 nominations total,7.6,80.0,7.6,598922.0,251683815.0
Harry Potter and the Goblet of Fire,2005.0,PG-13,2005-11-18,157.0,"Adventure, Family, Fantasy",Mike Newell,"Steve Kloves, J.K. Rowling","Daniel Radcliffe, Emma Watson, Rupert Grint","Harry Potter finds himself competing in a hazardous tournament between rival schools of magic, but he is distracted by recurring nightmares.","English, French, Latin","United Kingdom, United States",Nominated for 1 Oscar. 13 wins & 48 nominations total,7.7,88.0,7.7,696891.0,290469928.0
Meg 2: The Trench,2023.0,PG-13,2023-08-04,116.0,"Action, Adventure, Horror",Ben Wheatley,"Jon Hoeber, Erich Hoeber, Dean Georgaris","Jason Statham, Jing Wu, Shuya Sophia Cai","A research team encounters multiple threats while exploring the depths of the ocean, including a malevolent mining operation.",English,"United States, China, United Kingdom",3 wins & 4 nominations,5.0,27.0,5.0,87208.0,82600317.0
The Avengers,2012.0,PG-13,2012-05-04,143.0,"Action, Sci-Fi",Joss Whedon,"Joss Whedon, Zak Penn","Robert Downey Jr., Chris Evans, Scarlett Johansson",Earth's mightiest heroes must come together and learn to fight as a team if they are going to stop the mischievous Loki and his alien army from enslaving humanity.,"English, Russian",United States,Nominated for 1 Oscar. 39 wins & 81 nominations total,8.0,91.0,8.0,1481025.0,623357910.0
Harry Potter and the Deathly Hallows: Part 2,2011.0,PG-13,2011-07-15,130.0,"Adventure, Family, Fantasy",David Yates,"Steve Kloves, J.K. Rowling","Daniel Radcliffe, Emma Watson, Rupert Grint","Harry, Ron, and Hermione search for Voldemort's remaining Horcruxes in their effort to destroy the Dark Lord as the final battle rages on at Hogwarts.","English, Latin","United Kingdom, United States",Nominated for 3 Oscars. 49 wins & 95 nominations total,8.1,96.0,8.1,969307.0,381447587.0
Colombiana,2011.0,PG-13,2011-08-26,108.0,"Action, Crime, Drama",Olivier Megaton,"Luc Besson, Robert Mark Kamen","Zoe Saldana, Michael Vartan, Callum Blue",A young girl in Bogotá witnesses her parents' murder and grows up to be a stone-cold assassin.,"English, Spanish","France, United States, United Kingdom",2 wins & 5 nominations,6.4,28.0,6.4,109403.0,36665854.0
Longlegs,2024.0,R,2024-07-12,101.0,"Crime, Horror, Thriller",Osgood Perkins,Osgood Perkins,"Maika Monroe, Nicolas Cage, Blair Underwood","In pursuit of a serial killer, an FBI agent uncovers a series of occult clues that she must solve to end his terrifying killing spree.",English,"Canada, United States",N/A,6.8,86.0,6.8,121354.0,74045655.0
Toy Story,1995.0,G,1995-11-22,81.0,"Animation, Adventure, Comedy",John Lasseter,"John Lasseter, Pete Docter, Andrew Stanton","Tom Hanks, Tim Allen, Don Rickles",A cowboy doll is profoundly threatened and jealous when a new spaceman action figure supplants him as top toy in a boy's bedroom.,English,United States,Nominated for 3 Oscars. 29 wins & 24 nominations total,8.3,100.0,8.3,1095830.0,223225679.0
Inside Out,2015.0,PG,2015-06-19,95.0,"Animation, Adventure, Comedy","Pete Docter, Ronnie Del Carmen","Pete Docter, Ronnie Del Carmen, Meg LeFauve","Amy Poehler, Bill Hader, Lewis Black","After young Riley is uprooted from her Midwest life and moved to San Francisco, her emotions - Joy, Fear, Anger, Disgust and Sadness - conflict on how best to navigate a new city, house, and school.","English, Portuguese, Latvian",United States,Won 1 Oscar. 99 wins & 118 nominations total,8.1,98.0,8.1,840314.0,356461711.0
You're Killing Me,2023.0,N/A,2023-04-07,94.0,"Action, Horror, Mystery","Beth Hanna, Jerren Lauder","Walker Hare, Brad Martocello","McKaley Miller, Keyara Milliner, Jayson Warner Smith","Follows Eden, who goes to a coveted 'Heaven and Hell' party, hoping to get a letter of recommendation to an elite university from the wealthy parents of her classmate, but the party quickly turns into a fight for her life.",English,United States,N/A,4.9,,4.9,4704.0,
Elemental,2023.0,PG,2023-06-16,101.0,"Animation, Adventure, Comedy",Peter Sohn,"John Hoberg, Kat Likkel, Brenda Hsueh","Leah Lewis, Mamoudou Athie, Ronnie Del Carmen","Follows Ember and Wade, in a city where fire-, water-, earth- and air-residents live together.",English,United States,Nominated for 1 Oscar. 1 win & 66 nominations total,7.0,73.0,7.0,140174.0,154426697.0
Home Alone 2: Lost in New York,1992.0,PG,1992-11-20,120.0,"Adventure, Comedy, Crime",Chris Columbus,John Hughes,"Macaulay Culkin, Joe Pesci, Daniel Stern","Kevin is separated from his family again when he accidentally boards a flight to New York City during a Christmas trip to Miami. However he crosses paths with the same burglars, who now plan to rob toy stores on Christmas eve.","English, French, Spanish, Latin",United States,3 wins & 3 nominations,6.9,35.0,6.9,412497.0,173585516.0
Terrifier,2016.0,Unrated,2018-03-27,85.0,"Horror, Thriller",Damien Leone,Damien Leone,"Jenna Kanell, Samantha Scaffidi, David Howard Thornton",A maniac named Art the Clown terrorizes two friends on Halloween and everyone who gets in his way.,English,United States,1 win & 5 nominations,5.6,62.0,5.6,62770.0,339946.0
Scouts Guide to the Zombie Apocalypse,2015.0,R,2015-10-30,93.0,"Action, Comedy, Horror",Christopher Landon,"Carrie Lee Wilson, Emi Mochizuki, Christopher Landon","Tye Sheridan, Logan Miller, Joey Morgan","Three scouts, on the eve of their last camp-out, discover the true meaning of friendship when they attempt to save their town from a zombie outbreak.",English,United States,5 nominations,6.3,44.0,6.3,56747.0,3703046.0
Black Panther,2018.0,PG-13,2018-02-16,134.0,"Action, Adventure, Sci-Fi",Ryan Coogler,"Ryan Coogler, Joe Robert Cole, Stan Lee","Chadwick Boseman, Michael B. Jordan, Lupita Nyong'o","T'Challa, heir to the hidden but advanced kingdom of Wakanda, must step forward to lead his people into a new future and must confront a challenger from his country's past.","English, Swahili, Nama, Xhosa, Korean",United States,Won 3 Oscars. 124 wins & 290 nominations total,7.3,96.0,7.3,855923.0,700426566.0
The Lion King,1994.0,G,1994-06-24,88.0,"Animation, Adventure, Drama","Roger Allers, Rob Minkoff","Irene Mecchi, Jonathan Roberts, Linda Woolverton","Matthew Broderick, Jeremy Irons, James Earl Jones","Lion prince Simba and his father are targeted by his bitter uncle, who wants to ascend the throne himself.","English, Swahili, Xhosa, Zulu",United States,Won 2 Oscars. 43 wins & 35 nominations total,8.5,92.0,8.5,1168861.0,424979720.0
Ghosted,2023.0,PG-13,2023-04-21,116.0,"Action, Adventure, Comedy",Dexter Fletcher,"Rhett Reese, Paul Wernick, Chris McKenna","Chris Evans, Ana de Armas, Adrien Brody","Cole falls head over heels for enigmatic Sadie, but then makes the shocking discovery that she's a secret agent. Before they can decide on a second date, Cole and Sadie are swept away on an international adventure to save the world.",English,United States,1 win & 4 nominations,5.8,,5.8,66981.0,
Harry Potter and the Deathly Hallows: Part 1,2010.0,PG-13,2010-11-19,146.0,"Adventure, Family, Fantasy",David Yates,"Steve Kloves, J.K. Rowling","Daniel Radcliffe, Emma Watson, Rupert Grint","As Harry, Ron and Hermione race against time and evil to destroy the Horcruxes, they uncover the existence of the three most powerful objects in the wizarding world: the Deathly Hallows.","English, Latin","United Kingdom, United States",Nominated for 2 Oscars. 15 wins & 55 nominations total,7.7,77.0,7.7,614111.0,296374621.0
Zootopia,2016.0,PG,2016-03-04,108.0,"Animation, Action, Adventure","Byron Howard, Rich Moore, Jared Bush","Byron Howard, Rich Moore, Jared Bush","Ginnifer Goodwin, Jason Bateman, Idris Elba","In a city of anthropomorphic animals, a rookie bunny cop and a cynical con artist fox must work together to uncover a conspiracy.",English,United States,Won 1 Oscar. 49 wins & 75 nominations total,8.0,98.0,8.0,562686.0,341268248.0
Big City Greens the Movie: Spacecation,2024.0,TV-Y7,2024-06-07,82.0,"Animation, Action, Adventure",Anna O'Brian,"Chris Houghton, Shane Houghton, Lacey Dyer","Chris Houghton, Marieve Herington, Bob Joles","After ruining his family's vacation before it can even begin, Cricket attempts to right his wrongs by volunteering his family for an experimental farming mission - in space.",English,"United States, South Korea, Canada",N/A,6.3,,6.3,414.0,
Coraline,2009.0,PG,2009-02-06,100.0,"Animation, Drama, Family",Henry Selick,"Henry Selick, Neil Gaiman","Dakota Fanning, Teri Hatcher, John Hodgman","Wandering her rambling old house in her boring new town, an 11-year-old Coraline discovers a hidden door to a strangely idealized version of her life. In order to stay in the fantasy, she must make a frighteningly real sacrifice.","English, Russian","United States, Austria, France, Hungary",Nominated for 1 Oscar. 8 wins & 46 nominations total,7.8,91.0,7.8,275571.0,116896576.0
Pirates of the Caribbean: At World's End,2007.0,PG-13,2007-05-25,169.0,"Action, Adventure, Fantasy",Gore Verbinski,"Ted Elliott, Terry Rossio, Stuart Beattie","Johnny Depp, Orlando Bloom, Keira Knightley","Will Turner, Elizabeth Swann, Hector Barbossa, and the crew of the Black Pearl try and rescue Jack from davy jones locker and prepare to fight Lord Cutler Beckett, who controls Davy Jones and the Flying Dutchman.",English,United States,Nominated for 2 Oscars. 23 wins & 51 nominations total,7.1,43.0,7.1,706053.0,309420425.0
The Matrix,1999.0,R,1999-03-31,136.0,"Action, Sci-Fi","Lana Wachowski, Lilly Wachowski","Lilly Wachowski, Lana Wachowski","Keanu Reeves, Laurence Fishburne, Carrie-Anne Moss","When a beautiful stranger leads computer hacker Neo to a forbidding underworld, he discovers the shocking truth--the life he knows is the elaborate deception of an evil cyber-intelligence.",English,"United States, Australia",Won 4 Oscars. 42 wins & 52 nominations total,8.7,83.0,8.7,2105403.0,172076928.0
Fifty Shades Freed,2018.0,R,2018-02-09,105.0,"Drama, Mystery, Romance",James Foley,"Niall Leonard, E.L. James","Dakota Johnson, Jamie Dornan, Eric Johnson","Anastasia and Christian get married, but Jack Hyde continues to threaten their relationship.",English,"United States, China",6 wins & 10 nominations,4.5,11.0,4.5,76749.0,100407760.0
Taken 3,2014.0,PG-13,2015-01-09,108.0,"Action, Crime, Thriller",Olivier Megaton,"Luc Besson, Robert Mark Kamen","Liam Neeson, Forest Whitaker, Maggie Grace","Accused of a ruthless murder he never committed or witnessed, Bryan Mills goes on the run and brings out his particular set of skills to find the true killer and clear his name.","English, Russian","France, Spain, United States",3 wins & 3 nominations,6.0,13.0,6.0,207451.0,89256424.0
The Fall Guy,2024.0,PG-13,2024-05-03,126.0,"Action, Comedy, Drama",David Leitch,"Glen A. Larson, Drew Pearce","Ryan Gosling, Emily Blunt, Aaron Taylor-Johnson","A stuntman, fresh off an almost career-ending accident, has to track down a missing movie star, solve a conspiracy and try to win back the love of his life while still doing his day job. What could possibly go right?",English,"United States, Australia, Canada",1 win & 11 nominations,6.9,81.0,6.9,175760.0,92900355.0
Annie,1982.0,PG,1982-06-18,127.0,"Comedy, Drama, Family",John Huston,"Carol Sobieski, Thomas Meehan, Martin Charnin","Aileen Quinn, Albert Finney, Carol Burnett","A spunky young orphan is taken in by a rich eccentric, much to the chagrin of the cantankerous woman who runs the orphanage.",English,United States,Nominated for 2 Oscars. 2 wins & 13 nominations total,6.6,50.0,6.6,50388.0,57059003.0
Avatar: The Way of Water,2022.0,PG-13,2022-12-16,192.0,"Action, Adventure, Fantasy",James Cameron,"James Cameron, Rick Jaffa, Amanda Silver","Sam Worthington, Zoe Saldana, Sigourney Weaver","Jake Sully lives with his newfound family formed on the extrasolar moon Pandora. Once a familiar threat returns to finish what was previously started, Jake must work with Neytiri and the army of the Na'vi race to protect their home.",English,United States,Won 1 Oscar. 75 wins & 152 nominations total,7.5,76.0,7.5,516064.0,684075767.0
The Nightmare Before Christmas,1993.0,PG,1993-10-29,76.0,"Animation, Family, Fantasy",Henry Selick,"Tim Burton, Michael McDowell, Caroline Thompson","Danny Elfman, Chris Sarandon, Catherine O'Hara","Jack Skellington, king of Halloween Town, discovers Christmas Town, but his attempts to bring Christmas to his home causes confusion.",English,United States,Nominated for 1 Oscar. 7 wins & 17 nominations total,7.9,95.0,7.9,385126.0,93570101.0
The Woman King,2022.0,PG-13,2022-09-16,135.0,"Action, Drama, History",Gina Prince-Bythewood,"Dana Stevens, Maria Bello","Viola Davis, Thuso Mbedu, Lashana Lynch","A historical epic inspired by true events that took place in The Kingdom of Dahomey, one of the most powerful states of Africa in the 18th and 19th centuries.","English, Portuguese, Fon","United States, South Africa, Ireland",Nominated for 2 BAFTA 28 wins & 126 nominations total,6.9,94.0,6.9,77024.0,67328130.0
Lego Marvel Avengers: Mission Demolition,2024.0,TV-G,2024-10-18,44.0,"Animation, Action, Adventure",Ken Cunningham,"Eugene Son, Harrison Wilcox","Will Friedle, Kevin Smith, David Kaye","After battles, Damage Control cleans up messes. But when a villain targets the Avengers, an unlikely hero - a clumsy worker who breaks everything - might be Earth's only hope to become the hero he dreams of and save Earth's Heroes.",English,United States,N/A,6.3,,6.3,351.0,
Pirates of the Caribbean: The Curse of the Black Pearl,2003.0,PG-13,2003-07-09,143.0,"Action, Adventure, Fantasy",Gore Verbinski,"Ted Elliott, Terry Rossio, Stuart Beattie","Johnny Depp, Geoffrey Rush, Orlando Bloom","Blacksmith Will Turner teams up with eccentric pirate ""Captain"" Jack Sparrow to save Elizabeth Swann, the governor's daughter and his love, from Jack's former pirate allies, who are now undead.",English,United States,Nominated for 5 Oscars. 38 wins & 104 nominations total,8.1,79.0,8.1,1239039.0,305413918.0
Harry Potter and the Half-Blood Prince,2009.0,PG,2009-07-15,153.0,"Action, Adventure, Family",David Yates,"Steve Kloves, J.K. Rowling","Daniel Radcliffe, Emma Watson, Rupert Grint","As Harry Potter begins his sixth year at Hogwarts, he discovers an old book marked as ""the property of the Half-Blood Prince"" and begins to learn more about Lord Voldemort's dark past.","English, Latin","United Kingdom, United States",Nominated for 1 Oscar. 9 wins & 39 nominations total,7.6,83.0,7.6,609643.0,302334374.0
Blade Runner 2049,2017.0,R,2017-10-06,164.0,"Action, Drama, Mystery",Denis Villeneuve,"Hampton Fancher, Michael Green, Philip K. Dick","Harrison Ford, Ryan Gosling, Ana de Armas","Young Blade Runner K's discovery of a long-buried secret leads him to track down former Blade Runner Rick Deckard, who's been missing for thirty years.",English,"United States, United Kingdom, Canada, Spain",Won 2 Oscars. 100 wins & 163 nominations total,8.0,88.0,8.0,690920.0,92071675.0
Hacksaw Ridge,2016.0,R,2016-11-04,139.0,"Biography, Drama, History",Mel Gibson,"Robert Schenkkan, Andrew Knight","Andrew Garfield, Sam Worthington, Luke Bracey","World War II American Army Medic Desmond T. Doss, serving during the Battle of Okinawa, refuses to kill people and becomes the first man in American history to receive the Medal of Honor without firing a shot.","English, Japanese",United States,Won 2 Oscars. 57 wins & 115 nominations total,8.1,84.0,8.1,616821.0,67209615.0
The Lorax,2012.0,PG,2012-03-02,86.0,"Animation, Adventure, Comedy","Chris Renaud, Kyle Balda","Dr. Seuss, Cinco Paul, Ken Daurio","Zac Efron, Taylor Swift, Danny DeVito","A 12-year-old boy searches for the one thing that will enable him to win the affection of the girl of his dreams. To find it he must discover the story of the Lorax, the grumpy yet charming creature who fights to protect his world.",English,"United States, France, Japan",4 wins & 8 nominations,6.4,,6.4,133071.0,214494550.0
The Lord of the Rings: The Return of the King,2003.0,PG-13,2003-12-17,201.0,"Action, Adventure, Drama",Peter Jackson,"J.R.R. Tolkien, Fran Walsh, Philippa Boyens","Elijah Wood, Viggo Mortensen, Ian McKellen",Gandalf and Aragorn lead the World of Men against Sauron's army to draw his gaze from Frodo and Sam as they approach Mount Doom with the One Ring.,"English, Quenya, Old English, Sindarin","New Zealand, United States",Won 11 Oscars. 215 wins & 124 nominations total,9.0,94.0,9.0,2024305.0,381878219.0
Hounds of War,2024.0,N/A,2024-09-20,95.0,"Action, Drama",Isaac Florentine,Jean Pierre Magro,"Frank Grillo, Robert Patrick, Rhona Mitra","After a mission goes wrong, only one of a group of mercenaries is left alive to take revenge for his brothers.",English,"Malta, United States",N/A,4.5,,4.5,1159.0,
Black Adam,2022.0,PG-13,2022-10-21,125.0,"Action, Adventure, Fantasy",Jaume Collet-Serra,"Adam Sztykiel, Rory Haines, Sohrab Noshirvani","Dwayne Johnson, Aldis Hodge, Pierce Brosnan","Nearly 5,000 years after he was bestowed with the almighty powers of the Egyptian gods--and imprisoned just as quickly--Black Adam is freed from his earthly tomb, ready to unleash his unique form of justice on the modern world.",English,"United States, Canada, New Zealand, Hungary",1 win & 13 nominations,6.2,39.0,6.2,283743.0,168152111.0
Sing 2,2021.0,PG,2021-12-22,110.0,"Animation, Adventure, Comedy","Garth Jennings, Christophe Lourdelet",Garth Jennings,"Matthew McConaughey, Reese Witherspoon, Scarlett Johansson",Buster Moon and his friends must persuade reclusive rock star Clay Calloway to join them for the opening of a new show.,English,"United States, Japan, France",2 wins & 21 nominations,7.3,72.0,7.3,91569.0,162790990.0
Ratatouille,2007.0,G,2007-06-27,111.0,"Animation, Adventure, Comedy","Brad Bird, Jan Pinkava","Brad Bird, Jan Pinkava, Jim Capobianco","Brad Garrett, Lou Romano, Patton Oswalt",A rat who can cook makes an unusual alliance with a young kitchen worker at a famous Paris restaurant.,"English, French",United States,Won 1 Oscar. 68 wins & 42 nominations total,8.1,96.0,8.1,851229.0,206445654.0
The Imitation Game,2014.0,PG-13,2014-12-25,114.0,"Biography, Drama, Thriller",Morten Tyldum,"Graham Moore, Andrew Hodges","Benedict Cumberbatch, Keira Knightley, Matthew Goode","During World War II, the English mathematical genius Alan Turing tries to crack the German Enigma code with help from fellow mathematicians while attempting to come to terms with his troubled private life.","English, German",United States,Won 1 Oscar. 49 wins & 165 nominations total,8.0,90.0,8.0,837203.0,91125683.0
The Polar Express,2004.0,G,2004-11-10,100.0,"Animation, Adventure, Comedy",Robert Zemeckis,"Chris Van Allsburg, Robert Zemeckis, William Broyles Jr.","Tom Hanks, Chris Coppola, Michael Jeter","On Christmas Eve, a young boy embarks on a magical adventure to the North Pole on the Polar Express, while learning about friendship, bravery, and the spirit of Christmas.",English,"United States, Australia",Nominated for 3 Oscars. 5 wins & 26 nominations total,6.6,56.0,6.6,246250.0,189528738.0
,,,,,,,,,,,,,,,,,
The Amazing Spider-Man,2012.0,PG-13,2012-07-03,136.0,"Action, Adventure, Sci-Fi",Marc Webb,"James Vanderbilt, Alvin Sargent, Steve Kloves","Andrew Garfield, Emma Stone, Rhys Ifans","After Peter Parker is bitten by a genetically altered spider, he gains newfound, spider-like powers and ventures out to save the city from the machinations of a mysterious reptilian foe.",English,United States,2 wins & 33 nominations,6.9,71.0,6.9,717733.0,262782352.0
Frozen II,2019.0,PG,2019-11-22,103.0,"Animation, Adventure, Comedy","Chris Buck, Jennifer Lee","Jennifer Lee, Hans Christian Andersen, Chris Buck","Kristen Bell, Idina Menzel, Josh Gad","Anna, Elsa, Kristoff, Olaf and Sven leave Arendelle to travel to an ancient, autumn-bound forest of an enchanted land. They set out to find the origin of Elsa's powers in order to save their kingdom.",English,"Japan, United States",Nominated for 1 Oscar. 19 wins & 95 nominations total,6.8,77.0,6.8,200579.0,477373578.0
Blood for Dust,2023.0,R,2024-04-19,98.0,"Action, Crime, Thriller",Rod Blackhurst,"David Ebeltoft, Rod Blackhurst","Scoot McNairy, Kit Harington, Josh Lucas","Cliff, a traveling salesman drowning under the weight of providing for his family and the myth of the American dream, finds himself on a dangerous path after a chance encounter with Ricky, a colleague from a dark past.",English,United States,3 wins & 4 nominations,5.2,78.0,5.2,1797.0,
Toy Story 2,1999.0,G,1999-11-24,92.0,"Animation, Adventure, Comedy","John Lasseter, Ash Brannon, Lee Unkrich","John Lasseter, Pete Docter, Ash Brannon","Tom Hanks, Tim Allen, Joan Cusack","When Woody is stolen by a toy collector, Buzz and his friends set out on a rescue mission to save Woody before he becomes a museum toy property with his roundup gang Jessie, Prospector, and Bullseye.",English,United States,Nominated for 1 Oscar. 21 wins & 27 nominations total,7.9,100.0,7.9,633347.0,245852179.0
Prey,2022.0,R,2022-08-05,100.0,"Action, Adventure, Horror",Dan Trachtenberg,"Patrick Aison, Dan Trachtenberg, Jim Thomas","Amber Midthunder, Dakota Beavers, Dane DiLiegro","Naru, a skilled warrior of the Comanche Nation, fights to protect her tribe against one of the first highly-evolved Predators to land on Earth.","English, French",United States,Won 1 Primetime Emmy. 12 wins & 44 nominations total,7.1,94.0,7.1,238355.0,
Taken,2008.0,PG-13,2009-01-30,90.0,"Action, Crime, Thriller",Pierre Morel,"Luc Besson, Robert Mark Kamen","Liam Neeson, Maggie Grace, Famke Janssen","A retired CIA agent travels across Europe and relies on his old skills to save his estranged daughter, who has been kidnapped while on a trip to Paris.","English, French, Albanian, Arabic, Serbian","France, United Kingdom, United States",2 wins & 2 nominations,7.7,60.0,7.7,644452.0,145000989.0
Where Hope Grows,2014.0,PG-13,2015-05-15,95.0,"Drama, Family",Chris Dowling,Chris Dowling,"Kristoffer Polaha, David DeSanctis, McKaley Miller",A baseball player whose professional career was cut short due to his personal problems is suddenly awakened and invigorated by a young-man with Down syndrome who works at the local grocery store.,English,United States,3 wins & 1 nomination,6.6,54.0,6.6,4283.0,1156000.0
Pulp Fiction,1994.0,R,1994-10-14,154.0,"Crime, Drama",Quentin Tarantino,"Quentin Tarantino, Roger Avary","John Travolta, Uma Thurman, Samuel L. Jackson","The lives of two mob hitmen, a boxer, a gangster and his wife, and a pair of diner bandits intertwine in four tales of violence and redemption.","English, Spanish, French",United States,Won 1 Oscar. 69 wins & 72 nominations total,8.9,92.0,8.9,2277294.0,107928762.0
Trap,2024.0,PG-13,2024-08-02,105.0,"Crime, Horror, Mystery",M. Night Shyamalan,M. Night Shyamalan,"Josh Hartnett, Ariel Donoghue, Saleka Shyamalan",A father and his teen daughter attend a pop concert only to realize they've entered the center of a dark and sinister event.,English,"United States, Canada",1 win,6.0,57.0,6.0,87714.0,42777281.0
Wish,2023.0,PG,2023-11-22,95.0,"Animation, Adventure, Comedy","Chris Buck, Fawn Veerasunthorn","Jennifer Lee, Allison Moore, Chris Buck","Ariana DeBose, Chris Pine, Alan Tudyk",A young girl wishes on a star and gets a more direct answer than she bargained for when a trouble-making star comes down from the sky to join her.,English,United States,1 win & 22 nominations,5.6,48.0,5.6,43109.0,63973821.0
Damsel,2024.0,PG-13,2024-03-08,110.0,"Action, Adventure, Fantasy",Juan Carlos Fresnadillo,Dan Mazeau,"Millie Bobby Brown, Ray Winstone, Angela Bassett","A dutiful damsel agrees to marry a handsome prince, only to find the royal family has recruited her as a sacrifice to repay an ancient debt.",English,United States,1 win & 1 nomination,6.1,56.0,6.1,100511.0,
Kingsman: The Secret Service,2014.0,R,2015-02-13,129.0,"Action, Adventure, Comedy",Matthew Vaughn,"Jane Goldman, Matthew Vaughn, Mark Millar","Colin Firth, Taron Egerton, Samuel L. Jackson","A spy organisation recruits a promising street kid into the agency's training program, while a global threat emerges from a twisted tech genius.","English, Arabic, Swedish","United Kingdom, United States",11 wins & 36 nominations,7.7,75.0,7.7,734747.0,128261724.0
Harry Potter and the Order of the Phoenix,2007.0,PG-13,2007-07-11,138.0,"Action, Adventure, Family",David Yates,"Michael Goldenberg, J.K. Rowling","Daniel Radcliffe, Emma Watson, Rupert Grint","With their warning about Lord Voldemort's return scoffed at, Harry and Dumbledore are targeted by the Wizard authorities as an authoritarian bureaucrat slowly seizes power at Hogwarts.","English, Latin","United Kingdom, United States",Nominated for 2 BAFTA 17 wins & 50 nominations total,7.5,78.0,7.5,647641.0,292382727.0
My Spy The Eternal City,2024.0,PG-13,2024-07-18,112.0,"Action, Comedy",Peter Segal,"Erich Hoeber, Jon Hoeber, Peter Segal","Dave Bautista, Chloe Coleman, Kristen Schaal","JJ, a veteran CIA agent, reunites with his protégé Sophie, in order to prevent a catastrophic nuclear scheme threatening Vatican City, which disrupts a high school choir trip to Italy.",English,United States,N/A,5.6,23.0,5.6,9394.0,
The Wolf of Wall Street,2013.0,R,2013-12-25,180.0,"Biography, Comedy, Crime",Martin Scorsese,"Terence Winter, Jordan Belfort","Leonardo DiCaprio, Jonah Hill, Margot Robbie","Based on the true story of Jordan Belfort, from his rise to a wealthy stock-broker living the high life to his fall involving crime, corruption and the federal government.","English, French",United States,Nominated for 5 Oscars. 37 wins & 179 nominations total,8.2,79.0,8.2,1629645.0,116900694.0
Thor: Love and Thunder,2022.0,PG-13,2022-07-08,118.0,"Action, Adventure, Comedy",Taika Waititi,"Taika Waititi, Jennifer Kaytin Robinson, Stan Lee","Chris Hemsworth, Natalie Portman, Christian Bale","Thor enlists the help of Valkyrie, Korg and ex-girlfriend Jane Foster to fight Gorr the God Butcher, who intends to make the gods extinct.",English,"Australia, United States",3 wins & 22 nominations,6.2,63.0,6.2,416986.0,343256830.0
Beverly Hills Cop: Axel F,2024.0,R,2024-07-03,118.0,"Action, Comedy, Crime",Mark Molloy,"Will Beall, Tom Gormican, Kevin Etten","Eddie Murphy, Joseph Gordon-Levitt, Taylour Paige",Axel Foley returns to Beverly Hills after his daughter's life is threatened for a family reunion that includes old pals John Taggart and Billy Rosewood to uncover a conspiracy.,"English, Spanish",United States,2 wins,6.5,63.0,6.5,72224.0,
Pirates of the Caribbean: On Stranger Tides,2011.0,PG-13,2011-05-20,136.0,"Action, Adventure, Fantasy",Rob Marshall,"Ted Elliott, Terry Rossio, Stuart Beattie","Johnny Depp, Penélope Cruz, Ian McShane","Jack Sparrow and Barbossa embark on a quest to find the elusive fountain of youth, only to discover that Blackbeard and his daughter are after it too.","English, Spanish","United States, United Kingdom",3 wins & 31 nominations,6.6,32.0,6.6,574427.0,241071802.0
Scary Movie,2000.0,R,2000-07-07,88.0,Comedy,Keenen Ivory Wayans,"Shawn Wayans, Marlon Wayans, Buddy Johnson","Anna Faris, Jon Abrahams, Marlon Wayans","A year after disposing of the body of a man they accidentally killed, a group of dumb teenagers are stalked by a bumbling serial killer.",English,United States,7 wins & 6 nominations,6.3,51.0,6.3,294356.0,157019771.0
Sicario,2015.0,R,2015-10-02,121.0,"Action, Crime, Drama",Denis Villeneuve,Taylor Sheridan,"Emily Blunt, Josh Brolin, Benicio Del Toro",An idealistic FBI agent is enlisted by a government task force to aid in the escalating war against drugs at the border area between the U.S. and Mexico.,"English, Spanish, Ukrainian","United States, Mexico, Hong Kong",Nominated for 3 Oscars. 15 wins & 157 nominations total,7.7,92.0,7.7,492014.0,46889293.0
Knock Knock,2015.0,R,2015-10-09,99.0,"Crime, Thriller",Eli Roth,"Eli Roth, Nicolás López, Guillermo Amoedo","Keanu Reeves, Lorenza Izzo, Ana de Armas","A devoted husband and father helps two stranded young women who knock on his door, but his kind gesture turns into a dangerous seduction and a deadly game of cat and mouse.","English, Spanish","Chile, Israel, United States",N/A,4.9,37.0,4.9,107830.0,36336.0
American Sniper,2014.0,R,2015-01-16,133.0,"Action, Biography, Drama",Clint Eastwood,"Jason Hall, Chris Kyle, Scott McEwen","Bradley Cooper, Sienna Miller, Kyle Gallner","Navy S.E.A.L. sniper Chris Kyle's pinpoint accuracy saves countless lives on the battlefield and turns him into a legend. Back home with his family after four tours of duty, however, Chris finds that it is the war he can't leave b...","English, Arabic",United States,Won 1 Oscar. 24 wins & 43 nominations total,7.3,72.0,7.3,540606.0,350159020.0
Frozen,2013.0,PG,2013-11-27,102.0,"Animation, Adventure, Comedy","Chris Buck, Jennifer Lee","Jennifer Lee, Hans Christian Andersen, Chris Buck","Kristen Bell, Idina Menzel, Jonathan Groff","Fearless optimist Anna teams up with rugged mountain man Kristoff and his loyal reindeer Sven in an epic journey to find Anna's sister Elsa, whose icy powers have trapped the kingdom of Arendelle in eternal winter.",English,United States,Won 2 Oscars. 83 wins & 60 nominations total,7.4,89.0,7.4,676180.0,400953009.0
Terminator 2: Judgment Day,1991.0,R,1991-07-03,137.0,"Action, Adventure, Sci-Fi",James Cameron,"James Cameron, William Wisher","Arnold Schwarzenegger, Linda Hamilton, Edward Furlong","A cyborg, identical to the one who failed to kill Sarah Connor, must now protect her ten year old son John from an even more advanced and powerful cyborg.","English, Spanish","United States, France",Won 4 Oscars. 39 wins & 33 nominations total,8.6,91.0,8.6,1200133.0,205881154.0
Mad Max: Fury Road,2015.0,R,2015-05-15,120.0,"Action, Adventure, Sci-Fi",George Miller,"George Miller, Brendan McCarthy, Nick Lathouris","Tom Hardy, Charlize Theron, Nicholas Hoult","In a post-apocalyptic wasteland, a woman rebels against a tyrannical ruler in search for her homeland with the aid of a group of female prisoners, a psychotic worshipper and a drifter named Max.","English, Russian","Australia, United States",Won 6 Oscars. 245 wins & 233 nominations total,8.1,97.0,8.1,1136116.0,154280290.0
The Conjuring: The Devil Made Me Do It,2021.0,R,2021-06-04,112.0,"Horror, Mystery, Thriller",Michael Chaves,"David Leslie Johnson-McGoldrick, James Wan, Chad Hayes","Patrick Wilson, Vera Farmiga, Ruairi O'Connor","Arne Cheyenne Johnson stabs and murders his landlord, claiming to be under demonic possession while Ed and Lorraine Warren investigate the case and try to prove his innocence.","English, Latin",United States,N/A,6.3,56.0,6.3,145058.0,65631050.0
Daddy's Head,2024.0,N/A,2024-10-11,,Horror,Benjamin Barfoot,Benjamin Barfoot,"Rupert Turnbull, Julia Brown, Mary Woodvine",A boy and his stepmother fear for their safety after an eerie creature resembling the boy's recently deceased father visits them.,N/A,United Kingdom,N/A,,,,,
The Suicide Squad,2021.0,R,2021-08-05,132.0,"Action, Adventure, Comedy",James Gunn,James Gunn,"Margot Robbie, Idris Elba, John Cena","Supervillains Harley Quinn, Bloodsport, Peacemaker, and a collection of nutty cons at Belle Reve prison join the super-secret, super-shady Task Force X as they are dropped off at the remote, enemy-infused island of Corto Maltese.","English, Spanish, Japanese, Cantonese",United States,4 wins & 43 nominations,7.2,,7.2,422880.0,55817425.0
Spider-Man: Into the Spider-Verse,2018.0,PG,2018-12-14,117.0,"Animation, Action, Adventure","Bob Persichetti, Peter Ramsey, Rodney Rothman","Phil Lord, Rodney Rothman","Shameik Moore, Jake Johnson, Hailee Steinfeld",Teen Miles Morales becomes the Spider-Man of his universe and must join with five spider-powered individuals from other dimensions to stop a threat for all realities.,"English, Spanish","Canada, United States",Won 1 Oscar. 85 wins & 61 nominations total,8.4,97.0,8.4,701768.0,190241310.0
Hard Candy,2005.0,R,2006-04-28,104.0,"Drama, Thriller",David Slade,Brian Nelson,"Patrick Wilson, Elliot Page, Sandra Oh","Hayley's a smart, charming teenage girl. Jeff's a handsome, smooth fashion photographer. An Internet chat, a coffee shop meet-up, an impromptu fashion shoot back at Jeff's place. Jeff thinks it's his lucky night. He's in for a sur...",English,United States,10 wins & 13 nominations,7.0,67.0,7.0,170142.0,1024640.0
Blink Twice,2024.0,R,2024-08-23,102.0,"Mystery, Thriller",Zoë Kravitz,"Zoë Kravitz, E.T. Feigenbaum","Naomi Ackie, Channing Tatum, Alia Shawkat","When tech billionaire Slater King meets cocktail waitress Frida at his fundraising gala, he invites her to join him and his friends on a dream vacation on his private island. As strange things start to happen, Frida questions her ...",English,"United States, Mexico",2 nominations,7.0,74.0,7.0,49186.0,23093906.0
Chappie,2015.0,R,2015-03-06,120.0,"Action, Crime, Drama",Neill Blomkamp,"Neill Blomkamp, Terri Tatchell","Sharlto Copley, Dev Patel, Hugh Jackman","In the near future, crime is patrolled by a mechanized police force. When one police droid, Chappie, is stolen and given new programming, he becomes the first robot with the ability to think and feel for himself.",English,United States,3 nominations,6.8,32.0,6.8,273697.0,31569268.0
Transformers: Age of Extinction,2014.0,PG-13,2014-06-27,165.0,"Action, Adventure, Sci-Fi",Michael Bay,Ehren Kruger,"Mark Wahlberg, Nicola Peltz Beckham, Jack Reynor","When humanity allies with a bounty hunter in pursuit of Optimus Prime, the Autobots turn to a mechanic and his family for help.","English, Chinese","United States, China, Hong Kong",5 wins & 23 nominations,5.6,18.0,5.6,335710.0,245439076.0
Mission: Impossible - Fallout,2018.0,PG-13,2018-07-27,147.0,"Action, Adventure, Thriller",Christopher McQuarrie,"Bruce Geller, Christopher McQuarrie","Tom Cruise, Henry Cavill, Ving Rhames","A group of terrorists plans to detonate three plutonium cores for a simultaneous nuclear attack on different cities. Ethan Hunt, along with his IMF team, sets out to stop the carnage.","English, French","United States, China, France, Norway",Nominated for 1 BAFTA Award26 wins & 41 nominations total,7.7,98.0,7.7,386953.0,220159104.0
Scream,1996.0,R,1996-12-20,111.0,"Horror, Mystery",Wes Craven,Kevin Williamson,"Neve Campbell, Courteney Cox, David Arquette","A year after the murder of her mother, a teenage girl is terrorized by a masked killer who targets her and her friends by using scary movies as part of a deadly game.",English,United States,12 wins & 11 nominations,7.4,77.0,7.4,402679.0,103046663.0
Cuckoo,2024.0,R,2024-08-09,102.0,"Horror, Mystery, Thriller",Tilman Singer,Tilman Singer,"Hunter Schafer, Jan Bluthardt, Marton Csokas",A 17-year-old girl is forced to move with her family to a resort where things are not what they seem.,"English, German, French, American Sign ","Germany, United States",1 win & 5 nominations,5.8,78.0,5.8,16654.0,6217733.0
All Hallows' Eve,2013.0,Not Rated,2013-10-29,83.0,"Horror, Thriller",Damien Leone,Damien Leone,"Katie Maguire, Catherine A. Callahan, Marie Maser","While babysitting two children on Halloween, a babysitter finds a VHS tape in one of their candy bags. The tape contains three horror stories, linked by a killer clown. As the night progresses, strange things happen in the house.",English,United States,N/A,5.2,,5.2,16150.0,
Ice Age,2002.0,PG,2002-03-27,81.0,"Animation, Adventure, Comedy","Chris Wedge, Carlos Saldanha","Michael J. Wilson, Michael Berg, Peter Ackerman","Denis Leary, John Leguizamo, Ray Romano","Manny the mammoth, Sid the loquacious sloth, and Diego the sabre-toothed tiger go on a comical quest to return a human baby back to his father, across a world on the brink of an ice age.",English,United States,Nominated for 1 Oscar. 5 wins & 30 nominations total,7.5,77.0,7.5,530122.0,176387405.0
Guardians of the Galaxy Vol. 3,2023.0,PG-13,2023-05-05,150.0,"Action, Adventure, Comedy",James Gunn,"James Gunn, Jim Starlin, Stan Lee","Chris Pratt, Chukwudi Iwuji, Bradley Cooper","Still reeling from the loss of Gamora, Peter Quill rallies his team to defend the universe and one of their own - a mission that could mean the end of the Guardians if not successful.",English,"United States, New Zealand, France, Canada",Nominated for 1 Oscar. 11 wins & 88 nominations total,7.9,82.0,7.9,406063.0,358995815.0
Encanto,2021.0,PG,2021-11-24,102.0,"Animation, Comedy, Family","Jared Bush, Byron Howard, Charise Castro Smith","Charise Castro Smith, Jared Bush, Byron Howard","Stephanie Beatriz, María Cecilia Botero, John Leguizamo","An extraordinary family, the Madrigals, live hidden in the mountains of Colombia, in a magical house called an Encanto. The magic of the Encanto has blessed every child in the family with a unique gift - every child except one, Mi...","English, Spanish",United States,Won 1 Oscar. 58 wins & 89 nominations total,7.2,,7.2,272983.0,96093622.0
Latency,2024.0,PG-13,2024-06-14,94.0,"Action, Horror, Thriller",James Croke,James Croke,"Sasha Luss, Alexis Ren, Kelly B. Jones","When Hana, a professional gamer who suffers from acute agoraphobia, receives new equipment that enhances her game, she begins to wonder if it is reading her mind - or controlling it.",English,"United States, Thailand",N/A,4.1,29.0,4.1,1350.0,
Spider-Man,2002.0,PG-13,2002-05-03,121.0,"Action, Adventure, Sci-Fi",Sam Raimi,"Stan Lee, Steve Ditko, David Koepp","Tobey Maguire, Kirsten Dunst, Willem Dafoe","After being bitten by a genetically-modified spider, a shy teenager gains spider-like abilities that he uses to fight injustice as a masked superhero and face a vengeful enemy.",English,United States,Nominated for 2 Oscars. 17 wins & 65 nominations total,7.4,90.0,7.4,900318.0,407774549.0
Guardians of the Galaxy Vol. 2,2017.0,PG-13,2017-05-05,136.0,"Action, Adventure, Comedy",James Gunn,"James Gunn, Dan Abnett, Andy Lanning","Chris Pratt, Zoe Saldana, Dave Bautista","The Guardians struggle to keep together as a team while dealing with their personal family issues, notably Star-Lord's encounter with his father, the ambitious celestial being Ego.",English,United States,Nominated for 1 Oscar. 15 wins & 60 nominations total,7.6,85.0,7.6,777934.0,389813101.0
The Devil Wears Prada,2006.0,PG-13,2006-06-30,109.0,"Comedy, Drama",David Frankel,"Aline Brosh McKenna, Lauren Weisberger","Anne Hathaway, Meryl Streep, Adrian Grenier","With an aspiration to become a journalist, Andy, a smart but sensible young graduate, travels to New York. She starts working as an assistant to one of the city's biggest high fashion magazine editors, the cynical Miranda Priestly.","English, French","United States, France",Nominated for 2 Oscars. 21 wins & 53 nominations total,6.9,75.0,6.9,485605.0,124740460.0
The Clean Up Crew,2024.0,R,2024-09-11,95.0,"Action, Crime, Thriller",Jon Keeyes,Matthew Rogers,"Jonathan Rhys Meyers, Swen Temmel, Ekaterina Baker","When a crime scene cleanup crew discovers a briefcase full of money, they are unwittingly sent into a battle with a ruthless and corrupt crime boss, mobsters, hitmen, and corrupt government agents who are hell-bent on getting it b...",English,United States,N/A,4.3,,4.3,750.0,
Avengers: Endgame,2019.0,PG-13,2019-04-26,181.0,"Action, Adventure, Drama","Anthony Russo, Joe Russo","Christopher Markus, Stephen McFeely, Stan Lee","Robert Downey Jr., Chris Evans, Mark Ruffalo","After the devastating events of Avengers: Infinity War (2018), the universe is in ruins. With the help of remaining allies, the Avengers assemble once more in order to reverse Thanos' actions and restore balance to the universe.","English, Japanese, Xhosa, German",United States,Nominated for 1 Oscar. 70 wins & 133 nominations total,8.4,94.0,8.4,1311790.0,858373000.0
After,2019.0,PG-13,2019-04-12,105.0,"Drama, Romance",Jenny Gage,"Susan McMartin, Tamara Chestna, Jenny Gage","Josephine Langford, Hero Fiennes Tiffin, Khadijha Red Thunder",A young woman falls for a guy with a dark secret and the two embark on a rocky relationship. Based on the novel by Anna Todd.,English,United States,4 wins,5.3,18.0,5.3,68528.0,12138565.0
The Conjuring 2,2016.0,R,2016-06-10,134.0,"Horror, Mystery, Thriller",James Wan,"Chad Hayes, Carey W. Hayes, James Wan","Vera Farmiga, Patrick Wilson, Madison Wolfe",Ed and Lorraine Warren travel to North London to help a single mother raising four children alone in a house plagued by a supernatural spirit.,English,"Canada, United States, United Kingdom",4 wins & 13 nominations,7.3,80.0,7.3,309888.0,102516140.0
"LaRoy, Texas",2023.0,Unrated,2024-04-12,112.0,"Comedy, Crime, Thriller",Shane Atkinson,Shane Atkinson,"Steve Zahn, A.J. Buckley, Galadriel Stineman","When Ray discovers that his wife is cheating on him, he decides he's going to kill himself. His plans suddenly change when a stranger mistakes him for a low-rent hitman.",English,"United States, France, Austria",5 wins & 3 nominations,6.5,100.0,6.5,5176.0,
Scary Movie 2,2001.0,R,2001-07-04,83.0,"Comedy, Horror",Keenen Ivory Wayans,"Shawn Wayans, Marlon Wayans, Buddy Johnson","Anna Faris, Marlon Wayans, Antony Acker",Four teens are tricked by a professor into visiting a haunted house for a school project.,English,United States,3 wins & 5 nominations,5.4,13.0,5.4,179407.0,71308997.0
Turning Red,2022.0,PG,2022-03-11,100.0,"Animation, Adventure, Comedy",Domee Shi,"Domee Shi, Julia Cho, Sarah Streicher","Rosalie Chiang, Sandra Oh, Ava Morse","A thirteen-year-old girl named Mei is torn between staying her mother's dutiful daughter and the changes of adolescence. And as if the challenges were not enough, whenever she gets overly excited Mei transforms into a giant red pa...","English, Cantonese, Korean","United States, Canada",Nominated for 1 Oscar. 11 wins & 93 nominations total,7.0,95.0,7.0,159850.0,1399001.0
Spider-Man: Homecoming,2017.0,PG-13,2017-07-07,133.0,"Action, Adventure, Sci-Fi",Jon Watts,"Jonathan Goldstein, John Francis Daley, Jon Watts","Tom Holland, Michael Keaton, Robert Downey Jr.",Peter Parker tries to stop Adrian 'The Vulture' Toomes from selling weapons made with advanced Chitauri technology while trying to balance his life as an ordinary high school student.,"English, Spanish",United States,8 wins & 10 nominations,7.4,92.0,7.4,739249.0,334952829.0
The Hobbit: The Battle of the Five Armies,2014.0,R,2014-12-17,144.0,"Adventure, Fantasy",Peter Jackson,"Fran Walsh, Philippa Boyens, Peter Jackson","Ian McKellen, Martin Freeman, Richard Armitage",Bilbo Baggins and company are forced to engage in a war against an array of combatants and keep the Lonely Mountain from falling into the hands of a rising darkness.,English,"New Zealand, United States",Nominated for 1 Oscar. 8 wins & 56 nominations total,7.4,59.0,7.4,584828.0,255138261.0
Indiana Jones and the Dial of Destiny,2023.0,PG-13,2023-06-30,154.0,"Action, Adventure, Sci-Fi",James Mangold,"Jez Butterworth, John-Henry Butterworth, David Koepp","Harrison Ford, Phoebe Waller-Bridge, Antonio Banderas",Archaeologist Indiana Jones races against time to retrieve a legendary artifact that can change the course of history.,"English, German, Greek, Ancient (to 1453), Spanish, Italian",United States,Nominated for 1 Oscar. 7 wins & 35 nominations total,6.5,70.0,6.5,211034.0,174480468.0
Kingsman: The Golden Circle,2017.0,R,2017-09-22,141.0,"Action, Adventure, Comedy",Matthew Vaughn,"Jane Goldman, Matthew Vaughn, Mark Millar","Taron Egerton, Colin Firth, Mark Strong","After the Kingsman's headquarters is destroyed and the world is held hostage, an allied spy organization in the United States is discovered. These two elite secret agencies must band together to defeat a common enemy.","English, Italian, Swedish","United Kingdom, United States, Italy",2 wins & 14 nominations,6.7,51.0,6.7,375484.0,100234838.0
The Martian,2015.0,PG-13,2015-10-02,144.0,"Adventure, Drama, Sci-Fi",Ridley Scott,"Drew Goddard, Andy Weir","Matt Damon, Jessica Chastain, Kristen Wiig","An astronaut becomes stranded on Mars after his team assume him dead, and must rely on his ingenuity to find a way to signal to Earth that he is alive and can survive until a potential rescue.","English, Mandarin","United States, United Kingdom, Hungary, Jordan",Nominated for 7 Oscars. 40 wins & 199 nominations total,8.0,91.0,8.0,948790.0,228433663.0
Below Her Mouth,2016.0,Not Rated,2017-04-28,94.0,"Drama, Romance",April Mullen,Stephanie Fabrizi,"Erika Linder, Natalie Krill, Sebastian Pigott",An unexpected affair quickly escalates into a heart-stopping reality for two women whose passionate connection changes their lives forever.,English,Canada,1 nomination,5.5,21.0,5.5,14792.0,
Forrest Gump,1994.0,PG-13,1994-07-06,142.0,"Drama, Romance",Robert Zemeckis,"Winston Groom, Eric Roth","Tom Hanks, Robin Wright, Gary Sinise","The history of the United States from the 1950s to the '70s unfolds from the perspective of an Alabama man with an IQ of 75, who yearns to be reunited with his childhood sweetheart.",English,United States,Won 6 Oscars. 51 wins & 74 nominations total,8.8,75.0,8.8,2314429.0,330455270.0
Not a Love Story: Making (500) Days of Summer,2009.0,Not Rated,2009-12-22,30.0,"Documentary, Short",Charles de Lauzirika,N/A,"Zooey Deschanel, Joseph Gordon-Levitt, Scott Neustadter, Marc Webb",A behind-the-scenes documentary exploring the making of Marc Webb's 500 Days of Summer (2009).,English,USA,N/A,7.7,,7.7,43.0,
Atlas,2024.0,PG-13,2024-05-24,118.0,"Action, Adventure, Drama",Brad Peyton,"Leo Sardarian, Aron Eli Coleite","Jennifer Lopez, Simu Liu, Sterling K. Brown","In a bleak-sounding future, an A.I. soldier has determined that the only way to end war is to end humanity.",English,United States,1 win & 2 nominations,5.6,19.0,5.6,51269.0,
The Ministry of Ungentlemanly Warfare,2024.0,R,2024-04-19,122.0,"Action, Comedy, War",Guy Ritchie,"Paul Tamasy, Eric Johnson, Arash Amel","Henry Cavill, Alan Ritchson, Alex Pettyfer",The British military recruits a small group of highly skilled soldiers to strike against German forces behind enemy lines during World War II.,English,"United States, United Kingdom, Turkey",N/A,6.8,68.0,6.8,113959.0,20535053.0
Top Gun,1986.0,PG,1986-05-16,109.0,"Action, Drama",Tony Scott,"Jim Cash, Jack Epps Jr., Ehud Yonay","Tom Cruise, Tim Robbins, Kelly McGillis","The Top Gun Naval Fighter Weapons School is where the best of the best train to refine their elite flying skills. When hotshot fighter pilot Maverick is sent to the school, his reckless attitude and cocky demeanor put him at odds ...",English,United States,Won 1 Oscar. 11 wins & 9 nominations total,6.9,58.0,6.9,515865.0,180258178.0
Justice League: Crisis on Infinite Earths - Part Three,2024.0,PG-13,2024-07-16,94.0,"Animation, Action, Adventure",Jeff Wamester,"James Krieg, George Pérez, Marv Wolfman","Jensen Ackles, Gideon Adlon, Ike Amadi","Trapped in a pocket universe, surviving Earths face annihilation by the Anti-Monitor. Time shatters, bringing past heroes to aid Justice League against the epitome of evil. Their sacrifice may lead to victory.",English,United States,N/A,6.0,20.0,6.0,2764.0,
,,,,,,,,,,,,,,,,,
Pirates of the Caribbean: Dead Man's Chest,2006.0,PG-13,2006-07-07,151.0,"Action, Adventure, Fantasy",Gore Verbinski,"Ted Elliott, Terry Rossio, Stuart Beattie","Johnny Depp, Orlando Bloom, Keira Knightley","Jack Sparrow races to recover the heart of Davy Jones to avoid enslaving his soul to Jones' service, as other friends and foes seek the heart for their own agenda as well.","English, Turkish, Greek, Mandarin, French",United States,Won 1 Oscar. 45 wins & 54 nominations total,7.4,53.0,7.4,781925.0,423315812.0
Woman of the Hour,2023.0,R,2024-10-18,95.0,"Crime, Drama, Mystery",Anna Kendrick,Ian McDonald,"Anna Kendrick, Daniel Zovatto, Tony Hale","Sheryl Bradshaw, a single woman looking for a suitor on a hit 1970s TV show, chooses charming bachelor Rodney Alcala, unaware that, behind the man's gentle facade, he hides a deadly secret.",English,United States,2 wins,6.6,91.0,6.6,32744.0,
Spider-Man 3,2007.0,PG-13,2007-05-04,139.0,"Action, Adventure, Sci-Fi",Sam Raimi,"Sam Raimi, Ivan Raimi, Alvin Sargent","Tobey Maguire, Kirsten Dunst, Topher Grace","A strange black entity from another world bonds with Peter Parker and causes inner turmoil as he contends with new villains, temptations, and revenge.","English, French",United States,Nominated for 1 BAFTA Award4 wins & 44 nominations total,6.3,63.0,6.3,653982.0,337281992.0
Babylon,2022.0,R,2022-12-23,189.0,"Comedy, Drama, History",Damien Chazelle,Damien Chazelle,"Brad Pitt, Margot Robbie, Jean Smart","A tale of outsized ambition and outrageous excess, it traces the rise and fall of multiple characters during an era of unbridled decadence and depravity in early Hollywood.","English, Spanish, Italian, Cantonese, French, Hungarian",United States,Nominated for 3 Oscars. 46 wins & 161 nominations total,7.1,57.0,7.1,181675.0,15351455.0
Sonic the Hedgehog,2020.0,PG,2020-02-14,99.0,"Action, Adventure, Comedy",Jeff Fowler,"Pat Casey, Josh Miller, Yuji Naka","Ben Schwartz, James Marsden, Jim Carrey","Taking refuge on Earth, when Sonic uses his incredible speed and accidentally knock out the power in part of the United States, he catches the attention of Dr. Robotnik and must stop him from using his unique power for world domin...","English, French, Persian","United States, Japan, Canada, United Kingdom",3 wins & 12 nominations,6.5,64.0,6.5,166356.0,148974665.0
Troy,2004.0,R,2004-05-14,163.0,"Adventure, Drama",Wolfgang Petersen,"Homer, David Benioff","Brad Pitt, Eric Bana, Orlando Bloom","An adaptation of Homer's great epic, the film follows the assault on Troy by the united Greek forces.",English,"United States, Bulgaria, United Kingdom",Nominated for 1 Oscar. 5 wins & 23 nominations total,7.3,53.0,7.3,582598.0,133378256.0
The Conjuring,2013.0,R,2013-07-19,112.0,"Horror, Mystery, Thriller",James Wan,"Chad Hayes, Carey W. Hayes","Patrick Wilson, Vera Farmiga, Ron Livingston",Paranormal investigators Ed and Lorraine Warren work to help a family terrorized by a dark presence in their farmhouse.,"English, Latin",United States,15 wins & 22 nominations,7.5,86.0,7.5,572295.0,137446368.0
It,2017.0,R,2017-09-08,135.0,Horror,Andy Muschietti,"Chase Palmer, Cary Joji Fukunaga, Gary Dauberman","Bill Skarsgård, Jaeden Martell, Finn Wolfhard","In the summer of 1989, a group of bullied kids band together to destroy a shape-shifting monster, which disguises itself as a clown and preys on the children of Derry, their small Maine town.","English, Hebrew","United States, Canada",12 wins & 49 nominations,7.3,85.0,7.3,626051.0,328874981.0
Fury,2014.0,R,2014-10-17,134.0,"Action, Drama, War",David Ayer,David Ayer,"Brad Pitt, Shia LaBeouf, Logan Lerman","A grizzled tank commander makes tough decisions as he and his crew fight their way across Germany in April, 1945.","English, German","United States, China",6 wins & 23 nominations,7.6,76.0,7.6,562011.0,85817906.0
The Idea of You,2024.0,R,2024-05-02,115.0,"Comedy, Drama, Romance",Michael Showalter,"Robinne Lee, Michael Showalter, Jennifer Westfeldt","Anne Hathaway, Nicholas Galitzine, Ella Rubin","Solène, a 40-year-old single mom, begins an unexpected romance with 24-year-old Hayes Campbell, the lead singer of August Moon, the hottest boy band on the planet.",English,United States,1 nomination,6.3,81.0,6.3,63584.0,
Jurassic World: Fallen Kingdom,2018.0,PG-13,2018-06-22,128.0,"Action, Adventure, Sci-Fi",J.A. Bayona,"Derek Connolly, Colin Trevorrow, Michael Crichton","Chris Pratt, Bryce Dallas Howard, Rafe Spall","When the island's dormant volcano begins roaring to life, Owen and Claire mount a campaign to rescue the remaining dinosaurs from this extinction-level event.","English, Russian","United States, China",5 wins & 26 nominations,6.1,47.0,6.1,351911.0,417719760.0
Little Bites,2024.0,R,2024-10-04,,Horror,Spider One,Spider One,"Krsy Fox, Jon Sklaroff, Elizabeth Phoenix Caro","In a desperate attempt to protect her ten-year-old daughter, a young widow allows a nightmarish monster to slowly eat her alive.",English,United States,N/A,,73.0,,14.0,
Se7en,1995.0,R,1995-09-22,127.0,"Crime, Drama, Mystery",David Fincher,Andrew Kevin Walker,"Morgan Freeman, Brad Pitt, Kevin Spacey","Two detectives, a rookie and a veteran, hunt a serial killer who uses the seven deadly sins as his motives.",English,United States,Nominated for 1 Oscar. 29 wins & 44 nominations total,8.6,83.0,8.6,1853781.0,100125643.0
Rampage,2018.0,PG-13,2018-04-13,107.0,"Action, Adventure, Sci-Fi",Brad Peyton,"Ryan Engle, Carlton Cuse, Ryan J. Condal","Dwayne Johnson, Naomie Harris, Malin Akerman","When three different animals become infected with a dangerous pathogen, a primatologist and a geneticist team up to stop them from destroying Chicago.","English, American Sign ",United States,7 nominations,6.1,51.0,6.1,189569.0,101028233.0
Beetlejuice,1988.0,PG,1988-03-30,92.0,"Comedy, Fantasy",Tim Burton,"Michael McDowell, Larry Wilson, Warren Skaaren","Alec Baldwin, Geena Davis, Michael Keaton","The spirits of a deceased couple are harassed by an unbearable family that has moved into their home, and hire a malicious spirit to drive them out.",English,United States,Won 1 Oscar. 7 wins & 11 nominations total,7.5,83.0,7.5,382268.0,74664632.0
The Wizard of Oz,1939.0,G,1939-08-25,102.0,"Adventure, Family, Fantasy","Victor Fleming, King Vidor","Noel Langley, Florence Ryerson, Edgar Allan Woolf","Judy Garland, Frank Morgan, Ray Bolger","Young Dorothy Gale and her dog Toto are swept away by a tornado from their Kansas farm to the magical Land of Oz and embark on a quest with three new friends to see the Wizard, who can return her to her home and fulfill the others...",English,United States,Won 2 Oscars. 13 wins & 14 nominations total,8.1,98.0,8.1,437377.0,24668669.0
Back to the Future,1985.0,PG,1985-07-03,116.0,"Adventure, Comedy, Sci-Fi",Robert Zemeckis,"Robert Zemeckis, Bob Gale","Michael J. Fox, Christopher Lloyd, Lea Thompson","Marty McFly, a 17-year-old high school student, is accidentally sent 30 years into the past in a time-traveling DeLorean invented by his close friend, the maverick scientist Doc Brown.",English,United States,Won 1 Oscar. 25 wins & 25 nominations total,8.5,93.0,8.5,1343792.0,214077472.0
Mission: Impossible - Dead Reckoning Part One,2023.0,PG-13,2023-07-12,163.0,"Action, Adventure, Thriller",Christopher McQuarrie,"Bruce Geller, Christopher McQuarrie, Erik Jendresen","Tom Cruise, Hayley Atwell, Ving Rhames",Ethan Hunt and his IMF team must track down a dangerous weapon before it falls into the wrong hands.,"English, French, Italian, Russian",United States,Nominated for 2 Oscars. 18 wins & 67 nominations total,7.7,96.0,7.7,268985.0,172135383.0
Slaughtered Vomit Dolls,2006.0,Unrated,2006-02-14,71.0,Horror,Lucifer Valentine,Lucifer Valentine,"Ameara Lavey, Pig Lizzy, Maja Lee, Pam McCartney",The gruesome tapestry of psychological manifestations of a nineteen year old bulimic runaway stripper-turned prostitute as she descends into a hellish pit of satanic nightmares and hallucinations.,English,Canada,N/A,2.4,,2.4,2396.0,
The Lord of the Rings: The Two Towers,2002.0,PG-13,2002-12-18,179.0,"Action, Adventure, Drama",Peter Jackson,"J.R.R. Tolkien, Fran Walsh, Philippa Boyens","Elijah Wood, Ian McKellen, Viggo Mortensen","While Frodo and Sam edge closer to Mordor with the help of the shifty Gollum, the divided fellowship makes a stand against Sauron's new ally, Saruman, and his hordes of Isengard.","English, Sindarin, Old English","New Zealand, United States",Won 2 Oscars. 132 wins & 138 nominations total,8.8,95.0,8.8,1827039.0,345518923.0
The Notebook,2004.0,PG-13,2004-06-25,123.0,"Drama, Romance",Nick Cassavetes,"Jeremy Leven, Jan Sardi, Nicholas Sparks","Gena Rowlands, James Garner, Rachel McAdams",An elderly man reads to a woman with dementia the story of two young lovers whose romance is threatened by the difference in their respective social classes.,English,United States,12 wins & 10 nominations,7.8,54.0,7.8,635679.0,81417274.0
"I, Robot",2004.0,PG-13,2004-07-16,115.0,"Action, Mystery, Sci-Fi",Alex Proyas,"Jeff Vintar, Akiva Goldsman, Isaac Asimov","Will Smith, Bridget Moynahan, Bruce Greenwood","In 2035, a technophobic cop investigates a crime that may have been perpetrated by a robot, which leads to a larger threat to humanity.",English,"United States, Germany",Nominated for 1 Oscar. 1 win & 15 nominations total,7.1,,7.1,585654.0,144801023.0
Transformers: The Last Knight,2017.0,PG-13,2017-06-21,154.0,"Action, Adventure, Sci-Fi",Michael Bay,"Art Marcum, Matt Holloway, Ken Nolan","Mark Wahlberg, Anthony Hopkins, Josh Duhamel","A deadly threat from Earth's history reappears and a hunt for a lost artifact takes place between Autobots and Decepticons, while Optimus Prime encounters his creator in space.",English,"United States, China, Canada",3 wins & 20 nominations,5.2,16.0,5.2,173174.0,130168683.0
Ted,2012.0,R,2012-06-29,106.0,Comedy,Seth MacFarlane,"Seth MacFarlane, Alec Sulkin, Wellesley Wild","Mark Wahlberg, Mila Kunis, Seth MacFarlane","John Bennett, a man whose childhood wish of bringing his teddy bear to life came true, now must decide between keeping the relationship with the bear, Ted or his girlfriend, Lori.","English, Japanese, Ukrainian",United States,Nominated for 1 Oscar. 13 wins & 28 nominations total,6.9,69.0,6.9,670770.0,218815487.0
Schindler's List,1993.0,R,1994-02-04,195.0,"Biography, Drama, History",Steven Spielberg,"Thomas Keneally, Steven Zaillian","Liam Neeson, Ralph Fiennes, Ben Kingsley","In German-occupied Poland during World War II, industrialist Oskar Schindler gradually becomes concerned for his Jewish workforce after witnessing their persecution by the Nazis.","English, Hebrew, German, Polish, Latin",United States,Won 7 Oscars. 91 wins & 49 nominations total,9.0,98.0,9.0,1487349.0,96898818.0
After We Fell,2021.0,R,2021-10-22,98.0,"Drama, Romance",Castille Landon,"Anna Todd, Sharon Soboil","Josephine Langford, Hero Fiennes Tiffin, Louise Lombard","Just as Tessa makes the biggest decision of her life, everything changes. Revelations about her family, and then Hardin's, throw everything they knew before in doubt and makes their hard-won future together more difficult to claim.",English,"United States, Bulgaria",1 nomination,4.8,8.0,4.8,21509.0,2170750.0
Me Before You,2016.0,PG-13,2016-06-03,110.0,"Drama, Romance",Thea Sharrock,Jojo Moyes,"Emilia Clarke, Sam Claflin, Janet McTeer",A girl in a small town forms an unlikely bond with a recently-paralyzed man she's taking care of.,"English, French",United States,6 wins & 6 nominations,7.4,54.0,7.4,297251.0,56245075.0
Brave,2012.0,PG,2012-06-19,93.0,"Animation, Action, Adventure","Mark Andrews, Brenda Chapman, Steve Purcell","Brenda Chapman, Mark Andrews, Steve Purcell","Kelly Macdonald, Billy Connolly, Emma Thompson","Determined to make her own path in life, Princess Merida defies a custom that brings chaos to her kingdom. Granted one wish, Merida must rely on her bravery and her archery skills to undo a beastly curse.",English,"United States, Japan, United Kingdom",Won 1 Oscar. 20 wins & 48 nominations total,7.1,78.0,7.1,452012.0,237283207.0
Gunner,2024.0,N/A,2024-08-16,106.0,Action,Dimitri Logothetis,"Dimitri Logothetis, Gary Scott Thompson","Luke Hemsworth, Morgan Freeman, Mykel Shannon Jenkins","Lee Gunner tries to save his sons, Luke and Travis, from a dangerous drug gang.",English,United States,N/A,3.2,,3.2,1674.0,
La La Land,2016.0,PG-13,2016-12-25,128.0,"Comedy, Drama, Music",Damien Chazelle,Damien Chazelle,"Ryan Gosling, Emma Stone, Rosemarie DeWitt","When Sebastian, a pianist, and Mia, an actress, follow their passion and achieve success in their respective fields, they find themselves torn between their love for each other and their careers.","English, Cantonese","United States, Hong Kong",Won 6 Oscars. 242 wins & 307 nominations total,8.0,91.0,8.0,693799.0,151101803.0
Shang-Chi and the Legend of the Ten Rings,2021.0,PG-13,2021-09-03,132.0,"Action, Adventure, Fantasy",Destin Daniel Cretton,"Dave Callaham, Destin Daniel Cretton, Andrew Lanham","Simu Liu, Awkwafina, Tony Leung Chiu-wai","Shang-Chi, the master of weaponry-based Kung Fu, is forced to confront his past after being drawn into the Ten Rings organization.","English, Mandarin",United States,Nominated for 1 Oscar. 19 wins & 67 nominations total,7.4,92.0,7.4,450025.0,224543292.0
The Equalizer 3,2023.0,R,2023-09-01,109.0,"Action, Crime, Thriller",Antoine Fuqua,"Richard Wenk, Michael Sloan, Richard Lindheim","Denzel Washington, Dakota Fanning, Eugenio Mastrandrea","Robert McCall finds himself at home in Southern Italy but he discovers his friends are under the control of local crime bosses. As events turn deadly, McCall knows what he has to do: become his friends' protector by taking on the ...","English, Italian","United States, Italy, Australia",6 nominations,6.8,76.0,6.8,132799.0,92373751.0
Charlie and the Chocolate Factory,2005.0,PG,2005-07-15,115.0,"Adventure, Comedy, Family",Tim Burton,"Roald Dahl, John August","Johnny Depp, Freddie Highmore, David Kelly","Charlie, a young boy from an impoverished family, and four other kids win a tour of an amazing chocolate factory run by an imaginative chocolatier, Willy Wonka, and his staff of Oompa-Loompas.",English,"United Kingdom, United States",Nominated for 1 Oscar. 15 wins & 52 nominations total,6.7,83.0,6.7,540066.0,206459076.0
Saving Private Ryan,1998.0,R,1998-07-24,169.0,"Drama, War",Steven Spielberg,Robert Rodat,"Tom Hanks, Matt Damon, Tom Sizemore","Following the Normandy Landings, a group of U.S. soldiers go behind enemy lines to retrieve a paratrooper whose brothers have been killed in action.","English, French, German, Czech",United States,Won 5 Oscars. 79 wins & 75 nominations total,8.6,94.0,8.6,1528812.0,217049603.0
Braveheart,1995.0,R,1995-05-24,178.0,"Biography, Drama, War",Mel Gibson,Randall Wallace,"Mel Gibson, Sophie Marceau, Patrick McGoohan",Scottish warrior William Wallace leads his countrymen in a rebellion to free his homeland from the tyranny of King Edward I of England.,"English, French, Latin, Gaelic, Italian",United States,Won 5 Oscars. 34 wins & 34 nominations total,8.3,76.0,8.3,1108282.0,75609945.0
Doctor Strange,2016.0,PG-13,2016-11-04,115.0,"Action, Adventure, Fantasy",Scott Derrickson,"Jon Spaihts, Scott Derrickson, C. Robert Cargill","Benedict Cumberbatch, Chiwetel Ejiofor, Rachel McAdams","While on a journey of physical and spiritual healing, a brilliant neurosurgeon is drawn into the world of the mystic arts.",English,United States,Nominated for 1 Oscar. 21 wins & 68 nominations total,7.5,89.0,7.5,822594.0,232641920.0
Deadpool,2016.0,R,2016-02-12,108.0,"Action, Comedy",Tim Miller,"Rhett Reese, Paul Wernick","Ryan Reynolds, Morena Baccarin, T.J. Miller","A wisecracking mercenary gets experimented on and becomes immortal yet hideously scarred, and sets out to track down the man who ruined his looks.",English,United States,29 wins & 78 nominations,8.0,85.0,8.0,1174691.0,363070709.0
Breathe,2017.0,PG-13,2017-10-27,118.0,"Biography, Drama, Romance",Andy Serkis,William Nicholson,"Andrew Garfield, Claire Foy, Hugh Bonneville","The inspiring true love story of Robin and Diana Cavendish, an adventurous couple who refuse to give up in the face of a devastating disease.","English, German, Spanish",United Kingdom,1 win & 5 nominations,7.1,67.0,7.1,25092.0,490131.0
Wrong Turn,2003.0,R,2003-05-30,84.0,"Horror, Thriller",Rob Schmidt,Alan B. McElroy,"Eliza Dushku, Jeremy Sisto, Emmanuelle Chriqui","Chris and a group of five friends are left stranded deep in the middle of the woods after their cars collide. As they venture deeper into the woods, they face an uncertain and bloodcurdling fate.",English,"Germany, United States",3 nominations,6.1,41.0,6.1,134705.0,15418790.0
Goodfellas,1990.0,R,1990-09-21,145.0,"Biography, Crime, Drama",Martin Scorsese,"Nicholas Pileggi, Martin Scorsese","Robert De Niro, Ray Liotta, Joe Pesci","The story of Henry Hill and his life in the mafia, covering his relationship with his wife Karen and his mob partners Jimmy Conway and Tommy DeVito.","English, Italian, Hebrew, Yiddish",United States,Won 1 Oscar. 44 wins & 38 nominations total,8.7,95.0,8.7,1287118.0,46909721.0
Shrek 2,2004.0,PG,2004-05-19,93.0,"Animation, Adventure, Comedy","Andrew Adamson, Kelly Asbury, Conrad Vernon","William Steig, Andrew Adamson, Joe Stillman","Mike Myers, Eddie Murphy, Cameron Diaz","Shrek and Fiona travel to the Kingdom of Far Far Away, where Fiona's parents are King and Queen, to celebrate their marriage. When they arrive, they find they are not as welcome as they thought they would be.",English,United States,Nominated for 2 Oscars. 18 wins & 52 nominations total,7.4,89.0,7.4,517881.0,444854717.0
Black Panther: Wakanda Forever,2022.0,PG-13,2022-11-11,161.0,"Action, Adventure, Drama",Ryan Coogler,"Ryan Coogler, Joe Robert Cole, Stan Lee","Letitia Wright, Lupita Nyong'o, Danai Gurira",The people of Wakanda fight to protect their home from intervening world powers as they mourn the death of King T'Challa.,"English, Xhosa, Maya, Spanish, Haitian, French",United States,Won 1 Oscar. 50 wins & 175 nominations total,6.7,84.0,6.7,319047.0,453829060.0
Spider-Man: Far from Home,2019.0,PG-13,2019-07-02,129.0,"Action, Adventure, Comedy",Jon Watts,"Chris McKenna, Erik Sommers, Stan Lee","Tom Holland, Samuel L. Jackson, Jake Gyllenhaal","Peter Parker, the beloved superhero Spider-Man, faces four destructive elemental monsters while on holiday in Europe. Soon, he receives help from Mysterio, a fellow hero with mysterious origins.","English, Italian, Czech","United States, Czech Republic, Australia, Canada, Italy",11 wins & 26 nominations,7.4,91.0,7.4,575059.0,391283774.0
Logan,2017.0,R,2017-03-03,137.0,"Action, Drama, Sci-Fi",James Mangold,"James Mangold, Scott Frank, Michael Green","Hugh Jackman, Patrick Stewart, Dafne Keen","In a future where mutants are nearly extinct, an elderly and weary Logan leads a quiet life. But when Laura, a mutant child pursued by scientists, comes to him for help, he must get her to safety.","English, Spanish",United States,Nominated for 1 Oscar. 28 wins & 82 nominations total,8.1,93.0,8.1,864583.0,226277068.0
Morbius,2022.0,PG-13,2022-04-01,104.0,"Action, Adventure, Horror",Daniel Espinosa,"Matt Sazama, Burk Sharpless","Jared Leto, Matt Smith, Adria Arjona","Biochemist Michael Morbius tries to cure himself of a rare blood disease, but he inadvertently infects himself with a form of vampirism instead.","English, Spanish, Russian",United States,3 wins & 4 nominations,5.1,15.0,5.1,159329.0,73865530.0
Jurassic World Dominion,2022.0,PG-13,2022-06-10,147.0,"Action, Adventure, Sci-Fi",Colin Trevorrow,"Emily Carmichael, Colin Trevorrow, Derek Connolly","Chris Pratt, Bryce Dallas Howard, Laura Dern","Four years after the destruction of Isla Nublar, Biosyn operatives attempt to track down Maisie Lockwood, while Dr Ellie Sattler investigates a genetically engineered swarm of giant insects.","English, Maltese, French","United States, China, Malta",1 win & 26 nominations,5.6,29.0,5.6,215417.0,376851080.0
Whiplash,2014.0,R,2014-10-15,106.0,"Drama, Music",Damien Chazelle,Damien Chazelle,"Miles Teller, J.K. Simmons, Melissa Benoist",A promising young drummer enrolls at a cut-throat music conservatory where his dreams of greatness are mentored by an instructor who will stop at nothing to realize a student's potential.,English,United States,Won 3 Oscars. 98 wins & 144 nominations total,8.5,94.0,8.5,1031275.0,14003391.0
White Chicks,2004.0,PG-13,2004-06-23,109.0,"Comedy, Crime",Keenen Ivory Wayans,"Keenen Ivory Wayans, Shawn Wayans, Marlon Wayans","Marlon Wayans, Shawn Wayans, Busy Philipps",Two disgraced FBI agents go way undercover in an effort to protect hotel heiresses the Wilson sisters from a kidnapping plot.,English,United States,3 wins & 13 nominations,5.8,15.0,5.8,171024.0,70831760.0
Penguins of Madagascar,2014.0,PG,2014-11-26,92.0,"Animation, Action, Adventure","Eric Darnell, Simon J. Smith","Michael Colton, John Aboud, Brandon Sawyer","Tom McGrath, Chris Miller, Christopher Knights","Skipper, Kowalski, Rico and Private join forces with undercover organization The North Wind to stop the villainous Dr. Octavius Brine from destroying the world as we know it.","English, Italian, Mandarin, Spanish, Armenian","United States, United Kingdom",8 nominations,6.6,74.0,6.6,105604.0,83850911.0
Flamin' Hot,2023.0,PG-13,2023-06-09,99.0,"Biography, Drama, History",Eva Longoria,"Lewis Colick, Linda Yvette Chávez, Richard Montanez","Jesse Garcia, Annie Gonzalez, Emilio Rivera","This is the inspiring story of Richard Montañez who, as a Frito Lay janitor, helped disrupt the food industry by channeling his Mexican heritage to turn Frito Lay snacks into an iconic global pop culture phenomenon.","English, Spanish",United States,Nominated for 1 Oscar. 7 wins & 8 nominations total,6.7,,6.7,18312.0,
The Godfather Part II,1974.0,R,1974-12-18,202.0,"Crime, Drama",Francis Ford Coppola,"Francis Ford Coppola, Mario Puzo","Al Pacino, Robert De Niro, Robert Duvall","The early life and career of Vito Corleone in 1920s New York City is portrayed, while his son, Michael, expands and tightens his grip on the family crime syndicate.","English, Italian, Spanish, Latin, Sicilian",United States,Won 6 Oscars. 17 wins & 21 nominations total,9.0,96.0,9.0,1392629.0,47834595.0
The Little Mermaid,1989.0,G,1989-11-17,83.0,"Animation, Adventure, Family","Ron Clements, John Musker","John Musker, Ron Clements, Hans Christian Andersen","Jodi Benson, Samuel E. Wright, Rene Auberjonois",A mermaid princess makes a Faustian bargain in an attempt to become human and win a prince's love.,"English, French",United States,Won 2 Oscars. 16 wins & 8 nominations total,7.6,91.0,7.6,295968.0,111543479.0
Gracie,2007.0,PG-13,2007-06-01,95.0,"Biography, Drama, Sport",Davis Guggenheim,"Lisa Marie Petersen, Karen Janszen, Andrew Shue","Carly Schroeder, Andrew Shue, Elisabeth Shue","Grace, a football enthusiast, fights an uphill battle to play in the boys' varsity team of her high school and gain support for women's soccer while dealing with the death of her brother.",English,United States,1 win & 2 nominations,6.1,62.0,6.1,4358.0,2956339.0
Ted 2,2015.0,R,2015-06-26,115.0,Comedy,Seth MacFarlane,"Seth MacFarlane, Alec Sulkin, Wellesley Wild","Mark Wahlberg, Seth MacFarlane, Amanda Seyfried","Newlywed couple Ted and Tami-Lynn want to have a baby, but in order to qualify to be a parent, Ted will have to prove he's a person in a court of law.","English, Ukrainian",United States,3 wins & 4 nominations,6.3,45.0,6.3,240842.0,81476385.0
Tangled,2010.0,PG,2010-11-24,100.0,"Animation, Adventure, Comedy","Nathan Greno, Byron Howard","Dan Fogelman, Jacob Grimm, Wilhelm Grimm","Mandy Moore, Zachary Levi, Donna Murphy","The magically long-haired Rapunzel has spent her entire life in a tower, but now that a runaway thief has stumbled upon her, she is about to discover the world for the first time, and who she really is.","English, German","United States, Japan",Nominated for 1 Oscar. 10 wins & 42 nominations total,7.7,89.0,7.7,507216.0,200821936.0
Rise of the Planet of the Apes,2011.0,PG-13,2011-08-05,105.0,"Action, Drama, Sci-Fi",Rupert Wyatt,"Rick Jaffa, Amanda Silver, Pierre Boulle","James Franco, Andy Serkis, Freida Pinto",A substance designed to help the brain repair itself gives advanced intelligence to a chimpanzee who leads an ape uprising.,"English, Sign ","United States, United Kingdom",Nominated for 1 Oscar. 21 wins & 43 nominations total,7.6,82.0,7.6,585861.0,176760185.0
No Way Up,2024.0,R,2024-02-16,90.0,"Action, Adventure, Drama",Claudio Fäh,Andy Mayson,"Colm Meaney, Will Attenborough, Jeremias Amoore",Characters from different backgrounds are thrown together when the plane they're travelling on crashes into the Pacific Ocean. A nightmare fight for survival ensues with the air supply running out and dangers creeping in from all ...,English,United Kingdom,N/A,4.6,38.0,4.6,7864.0,148582.0
Eternal Sunshine of the Spotless Mind,2004.0,R,2004-03-19,108.0,"Drama, Romance, Sci-Fi",Michel Gondry,"Charlie Kaufman, Michel Gondry, Pierre Bismuth","Jim Carrey, Kate Winslet, Tom Wilkinson","When their relationship turns sour, a couple undergoes a medical procedure to have each other erased from their memories forever.",English,United States,Won 1 Oscar. 73 wins & 111 nominations total,8.3,92.0,8.3,1102316.0,34400301.0
Mean Girls,2004.0,PG-13,2004-04-30,97.0,Comedy,Mark Waters,"Rosalind Wiseman, Tina Fey","Lindsay Lohan, Jonathan Bennett, Rachel McAdams","Cady Heron is a hit with The Plastics, the A-list girl clique at her new school, until she makes the mistake of falling for Aaron Samuels, the ex-boyfriend of alpha Plastic Regina George.","English, German, Vietnamese, Swahili","United States, Canada",7 wins & 25 nominations,7.1,84.0,7.1,448607.0,86058055.0
Cars 3,2017.0,G,2017-06-16,102.0,"Animation, Adventure, Comedy",Brian Fee,"Brian Fee, Ben Queen, Eyal Podell","Owen Wilson, Cristela Alonzo, Chris Cooper",Lightning McQueen sets out to prove to a new generation of racers that he's still the best race car in the world.,English,"United States, Japan",3 wins & 24 nominations,6.7,69.0,6.7,128849.0,152901115.0
How to Train Your Dragon: Homecoming,2019.0,TV-PG,2019-12-03,22.0,"Animation, Action, Adventure",Tim Johnson,"Jonathan Groff, Jon Pollack, Cressida Cowell","Jay Baruchel, America Ferrera, Craig Ferguson",Hiccup and Toothless reunite to remind both their kinds of the inseparable bond between vikings and dragons.,English,"United States, United Kingdom",1 win & 2 nominations,7.3,,7.3,6189.0,
The Karate Kid,1984.0,PG,1984-06-22,126.0,"Action, Drama, Family",John G. Avildsen,Robert Mark Kamen,"Ralph Macchio, Pat Morita, Elisabeth Shue","Recently relocated from NJ to LA, Daniel becomes the target of a gang of Cobra Kai dojo students. When Mr. Miyagi saves him with expert Karate skills, Daniel convinces him to teach him to defend himself, and put his bullies in the...","English, Japanese",United States,Nominated for 1 Oscar. 3 wins & 3 nominations total,7.3,90.0,7.3,251070.0,91077276.0
Darkness of Man,2024.0,R,2024-05-21,109.0,"Action, Crime, Thriller",James Cullen Bressack,"James Cullen Bressack, Jean-Claude Van Damme, Alethea Hnatko-Cho","Jean-Claude Van Damme, Kristanna Loken, Emerson Min","Interpol operative Russell Hatch witnesses the death of an informant when a seemingly routine raid goes wrong. Years later, he finds himself protecting the informant's son from a group of merciless gangs involved in an all-out tur...",English,United States,N/A,4.4,63.0,4.4,1414.0,
The Twilight Saga: New Moon,2009.0,PG-13,2009-11-20,130.0,"Adventure, Drama, Fantasy",Chris Weitz,"Melissa Rosenberg, Stephenie Meyer","Kristen Stewart, Robert Pattinson, Taylor Lautner","After Edward leaves because of an incident involving Bella, Jacob Black becomes her best friend. But what Bella doesn't realize is that Jacob also has a secret that will change their lives suddenly.","English, Italian",United States,23 wins & 24 nominations,4.8,28.0,4.8,304692.0,297816253.0
Captain America: Civil War,2016.0,PG-13,2016-05-06,147.0,"Action, Sci-Fi","Anthony Russo, Joe Russo","Christopher Markus, Stephen McFeely, Joe Simon","Chris Evans, Robert Downey Jr., Scarlett Johansson",Political involvement in the Avengers' affairs causes a rift between Captain America and Iron Man.,"English, German, Xhosa, Russian, Romanian","United States, Germany",16 wins & 73 nominations,7.8,90.0,7.8,868859.0,408084349.0
Rebel Ridge,2024.0,TV-MA,2024-09-06,131.0,"Action, Crime, Drama",Jeremy Saulnier,Jeremy Saulnier,"Aaron Pierre, Don Johnson, AnnaSophia Robb",A former Marine grapples his way through a web of small-town corruption when an attempt to post bail for his cousin escalates into a violent standoff with the local police chief.,English,United States,N/A,6.8,96.0,6.8,68190.0,
Finding Nemo,2003.0,G,2003-05-30,100.0,"Animation, Adventure, Comedy","Andrew Stanton, Lee Unkrich","Andrew Stanton, Bob Peterson, David Reynolds","Albert Brooks, Ellen DeGeneres, Alexander Gould","After his son is captured in the Great Barrier Reef and taken to Sydney, a timid clownfish sets out on a journey to bring him home.","English, Japanese, Russian","United States, Japan",Won 1 Oscar. 49 wins & 63 nominations total,8.2,99.0,8.2,1136898.0,380843261.0
The Incredibles,2004.0,PG,2004-11-05,115.0,"Animation, Action, Adventure",Brad Bird,Brad Bird,"Craig T. Nelson, Samuel L. Jackson, Holly Hunter","While trying to lead a quiet suburban life, a family of undercover superheroes are forced into action to save the world.","English, French, German, Italian, Portuguese, Russian",United States,Won 2 Oscars. 69 wins & 56 nominations total,8.0,,8.0,833041.0,261441092.0
The Croods: A New Age,2020.0,PG,2020-11-25,95.0,"Animation, Adventure, Comedy",Joel Crawford,"Kevin Hageman, Dan Hageman, Paul Fisher","Nicolas Cage, Emma Stone, Ryan Reynolds","The prehistoric family the Croods are challenged by a rival family the Bettermans, who claim to be better and more evolved.",English,"United States, Japan",31 nominations,6.9,76.0,6.9,55107.0,58568815.0
Baywatch,2017.0,R,2017-05-25,116.0,"Action, Comedy, Crime",Seth Gordon,"Michael Berk, Douglas Schwartz, Gregory J. Bonann","Dwayne Johnson, Zac Efron, Alexandra Daddario","Devoted lifeguard Mitch Buchannon butts heads with a brash new recruit, as they uncover a criminal plot that threatens the future of the bay.","English, Spanish","United Kingdom, China, United States",5 wins & 11 nominations,5.5,18.0,5.5,206861.0,58060186.0
It Chapter Two,2019.0,R,2019-09-06,169.0,"Drama, Fantasy, Horror",Andy Muschietti,"Stephen King, Gary Dauberman","Jessica Chastain, James McAvoy, Bill Hader","Twenty-seven years after their first encounter with the terrifying Pennywise, the Losers Club have grown up and moved away, until a devastating phone call brings them back.","English, North American Indian, Spanish","United States, Canada",7 wins & 34 nominations,6.5,62.0,6.5,315109.0,211622525.0
Eyes Wide Shut,1999.0,TV-MA,1999-07-16,159.0,"Drama, Mystery, Thriller",Stanley Kubrick,"Stanley Kubrick, Frederic Raphael, Arthur Schnitzler","Tom Cruise, Nicole Kidman, Todd Field","A Manhattan doctor embarks on a bizarre, night-long odyssey after his wife's admission of unfulfilled longing.",English,"United Kingdom, United States",12 wins & 30 nominations,7.5,76.0,7.5,384597.0,55691208.0
Furious 7,2015.0,PG-13,2015-04-03,137.0,"Action, Crime, Thriller",James Wan,"Chris Morgan, Gary Scott Thompson","Vin Diesel, Paul Walker, Dwayne Johnson",Deckard Shaw seeks revenge against Dominic Toretto and his family for his comatose brother.,"English, Thai, Arabic, Spanish","United States, China, Japan, Canada, United Arab Emirates",36 wins & 36 nominations,7.1,82.0,7.1,421152.0,353007020.0
Predator,1987.0,R,1987-06-12,107.0,"Action, Adventure, Horror",John McTiernan,"Jim Thomas, John Thomas","Arnold Schwarzenegger, Carl Weathers, Kevin Peter Hall",A team of commandos on a mission in a Central American jungle find themselves hunted by an extraterrestrial warrior.,"English, Spanish, Russian","United States, Mexico",Nominated for 1 Oscar. 3 wins & 6 nominations total,7.8,80.0,7.8,466197.0,59735548.0
Iron Man,2008.0,PG-13,2008-05-02,126.0,"Action, Adventure, Sci-Fi",Jon Favreau,"Mark Fergus, Hawk Ostby, Art Marcum","Robert Downey Jr., Gwyneth Paltrow, Terrence Howard","After being held captive in an Afghan cave, billionaire engineer Tony Stark creates a unique weaponized suit of armor to fight evil.","English, Persian, Urdu, Arabic, Kurdish, Hindi, Hungarian","United States, Canada",Nominated for 2 Oscars. 24 wins & 73 nominations total,7.9,94.0,7.9,1149894.0,319034126.0
Sound of Hope: The Story of Possum Trot,2024.0,PG-13,2024-07-04,130.0,Drama,Joshua Weigel,"Joshua Weigel, Rebekah Weigel","Nika King, Demetrius Grosse, Elizabeth Mitchell","The true story of Donna and Reverend WC Martin and their church in East Texas, in which 22 families adopted 77 children from the local foster system, igniting a movement for vulnerable children everywhere.",English,United States,N/A,7.1,83.0,7.1,1546.0,11647099.0
War for the Planet of the Apes,2017.0,PG-13,2017-07-14,140.0,"Action, Adventure, Drama",Matt Reeves,"Mark Bomback, Matt Reeves, Rick Jaffa","Andy Serkis, Woody Harrelson, Steve Zahn","After the apes suffer unimaginable losses, Caesar wrestles with his darker instincts and begins his own mythic quest to avenge his kind.","English, American Sign ",United States,Nominated for 1 Oscar. 28 wins & 65 nominations total,7.4,94.0,7.4,308605.0,146880162.0
Mechanic: Resurrection,2016.0,R,2016-08-26,98.0,"Action, Adventure, Crime",Dennis Gansel,"Lewis John Carlino, Philip Shelby, Tony Mosher","Jason Statham, Jessica Alba, Tommy Lee Jones",Bishop's most formidable foe kidnaps the love of his life in order to make him complete three impossible assassinations and make them look like accidents.,"English, Portuguese, Thai, Bulgarian","United States, France, Bulgaria, Germany",1 nomination,5.7,31.0,5.7,95842.0,21218403.0
Strange Darling,2023.0,R,2024-08-23,97.0,"Horror, Thriller",JT Mollner,JT Mollner,"Willa Fitzgerald, Kyle Gallner, Madisen Beaty",Nothing is what it seems when a twisted one-night stand spirals into a serial killer's vicious murder spree.,English,United States,2 wins & 3 nominations,7.1,95.0,7.1,28778.0,3083595.0
Shrek the Third,2007.0,PG,2007-05-18,93.0,"Animation, Adventure, Comedy","Chris Miller, Raman Hui","William Steig, Andrew Adamson, Jeffrey Price","Mike Myers, Cameron Diaz, Eddie Murphy","Reluctantly designated as the heir to the land of Far, Far Away, Shrek hatches a plan to install the rebellious Artie as the new king while Princess Fiona tries to fend off a coup d'état by the jilted Prince Charming.",English,United States,Nominated for 1 BAFTA Award5 wins & 17 nominations total,6.1,41.0,6.1,339821.0,322719944.0
Scream,1996.0,R,1996-12-20,111.0,"Horror, Mystery",Wes Craven,Kevin Williamson,"Neve Campbell, Courteney Cox, David Arquette","A year after the murder of her mother, a teenage girl is terrorized by a masked killer who targets her and her friends by using scary movies as part of a deadly game.",English,United States,12 wins & 11 nominations,7.4,77.0,7.4,402679.0,103046663.0
"Monsters, Inc.",2001.0,G,2001-11-23,92.0,"Animation, Adventure, Comedy","Pete Docter, David Silverman, Lee Unkrich","Pete Docter, Jill Culton, Jeff Pidgeon","Billy Crystal, John Goodman, Mary Gibbs","In order to power the city, monsters have to scare children so that they scream. However, the children are toxic to the monsters, and after a child gets through, two monsters realize things may not be what they think.",English,United States,Won 1 Oscar. 15 wins & 38 nominations total,8.1,96.0,8.1,1000657.0,290642256.0
Full Metal Jacket,1987.0,R,1987-07-10,116.0,"Drama, War",Stanley Kubrick,"Stanley Kubrick, Michael Herr, Gustav Hasford","Matthew Modine, R. Lee Ermey, Vincent D'Onofrio",A pragmatic U.S. Marine observes the dehumanizing effects the Vietnam War has on his fellow recruits from their brutal boot camp training to the bloody street fighting in Hue.,"English, Vietnamese","United Kingdom, United States",Nominated for 1 Oscar. 8 wins & 15 nominations total,8.2,90.0,8.2,805254.0,46357676.0
The Terminator,1984.0,R,1984-10-26,107.0,"Action, Adventure, Sci-Fi",James Cameron,"James Cameron, Gale Anne Hurd, William Wisher","Arnold Schwarzenegger, Linda Hamilton, Michael Biehn",A cyborg assassin from the future attempts to find and kill a young woman who is destined to give birth to a warrior who will lead a resistance to save humankind from extinction.,"English, Spanish","United Kingdom, United States",8 wins & 7 nominations,8.1,100.0,8.1,942532.0,38371200.0
Teenage Mutant Ninja Turtles,2014.0,PG-13,2014-08-08,101.0,"Action, Adventure, Comedy",Jonathan Liebesman,"Josh Appelbaum, André Nemec, Evan Daugherty","Megan Fox, Will Arnett, William Fichtner","When a kingpin threatens New York City, a group of mutated turtle warriors must emerge from the shadows to protect their home.","English, Japanese",United States,1 win & 11 nominations,5.8,21.0,5.8,223097.0,191204754.0
Raya and the Last Dragon,2021.0,PG,2021-03-05,107.0,"Animation, Action, Adventure","Don Hall, Carlos López Estrada, Paul Briggs","Qui Nguyen, Adele Lim, Paul Briggs","Kelly Marie Tran, Awkwafina, Gemma Chan","In a realm known as Kumandra, a re-imagined Earth inhabited by an ancient civilization, a warrior named Raya is determined to find the last dragon.",English,United States,Nominated for 1 Oscar. 13 wins & 62 nominations total,7.3,93.0,7.3,176337.0,54723032.0
Arena Wars,2024.0,N/A,2024-06-25,96.0,"Action, Comedy, Sci-Fi",Brandon Slagle,"Brandon Slagle, Michael Mahal, Sonny Mahal","Michael Madsen, Eric Roberts, Robert LaSardo","In 2045 convicted criminals are given the opportunity to compete on the world's #1 televised sporting event, Arena Wars. They must survive 7 rooms and 7 of the most vicious killers in the country. If they win, they regain their fr...",English,United States,N/A,5.6,,5.6,912.0,
The Fallout,2021.0,R,2022-01-27,96.0,Drama,Megan Park,Megan Park,"Jenna Ortega, Maddie Ziegler, Niles Fitch","High schooler Vada navigates the emotional fallout she experiences in the wake of a school tragedy. Relationships with her family, friends and view of the world are forever altered.",English,United States,6 wins & 8 nominations,7.0,91.0,7.0,36365.0,
Fight Club,1999.0,R,1999-10-15,139.0,Drama,David Fincher,"Chuck Palahniuk, Jim Uhls","Brad Pitt, Edward Norton, Meat Loaf",An insomniac office worker and a devil-may-care soap maker form an underground fight club that evolves into much more.,English,"Germany, United States",Nominated for 1 Oscar. 12 wins & 38 nominations total,8.8,81.0,8.8,2397013.0,37030102.0
Real Steel,2011.0,PG-13,2011-10-07,127.0,"Action, Drama, Sci-Fi",Shawn Levy,"John Gatins, Dan Gilroy, Jeremy Leven","Hugh Jackman, Evangeline Lilly, Dakota Goyo","In a near future where robot boxing is a top sport, a struggling ex-boxer feels he's found a champion in a discarded robot.","English, Ukrainian","United States, India",Nominated for 1 Oscar. 2 wins & 6 nominations total,7.1,60.0,7.1,363876.0,85468508.0
The Simpsons Movie,2007.0,PG-13,2007-07-27,87.0,"Animation, Adventure, Comedy",David Silverman,"James L. Brooks, Matt Groening, Al Jean","Dan Castellaneta, Julie Kavner, Nancy Cartwright","After Homer pollutes the town's water supply, Springfield is encased in a gigantic dome by the EPA and the Simpsons are declared fugitives.",English,"United States, North Korea, South Korea",Won 1 BAFTA Award5 wins & 34 nominations total,7.3,87.0,7.3,354568.0,183135014.0
Ready Player One,2018.0,PG-13,2018-03-29,140.0,"Action, Adventure, Sci-Fi",Steven Spielberg,"Zak Penn, Ernest Cline","Tye Sheridan, Olivia Cooke, Ben Mendelsohn","When the creator of a virtual reality called the OASIS dies, he makes a posthumous challenge to all OASIS users to find his Easter Egg, which will give the finder his fortune and control of his world.","English, Japanese","United States, India, Singapore, Canada, United Kingdom, Japan, Australia",Nominated for 1 Oscar. 11 wins & 57 nominations total,7.4,72.0,7.4,502204.0,137715350.0
Abigail,2024.0,R,2024-04-19,109.0,"Horror, Thriller","Matt Bettinelli-Olpin, Tyler Gillett","Stephen Shields, Guy Busick","Melissa Barrera, Dan Stevens, Alisha Weir","After a group of criminals kidnap the ballerina daughter of a powerful underworld figure, they retreat to an isolated mansion, unaware that they're locked inside with no normal little girl.",English,"United States, Ireland, Canada",6 nominations,6.6,83.0,6.6,72582.0,25867515.0
A Christmas Carol,2009.0,PG,2009-11-06,96.0,"Animation, Adventure, Comedy",Robert Zemeckis,"Charles Dickens, Robert Zemeckis","Jim Carrey, Gary Oldman, Colin Firth","Ebenezer Scrooge, a miserly old moneylender is visited by three Christmas spirits on Christmas Eve. Scrooge embarks on a journey of self-redemption to mend his miserly ways",English,United States,3 wins & 5 nominations,6.8,52.0,6.8,131334.0,137855863.0
Superman,1978.0,PG,1978-12-15,143.0,"Action, Adventure, Sci-Fi",Richard Donner,"Jerry Siegel, Joe Shuster, Mario Puzo","Christopher Reeve, Margot Kidder, Gene Hackman","An alien orphan is sent from his dying planet to Earth, where he grows up to become his adoptive home's first and greatest superhero.",English,"United States, United Kingdom, Switzerland, Panama",Nominated for 3 Oscars. 19 wins & 23 nominations total,7.4,93.0,7.4,190708.0,134478449.0
The Union,2024.0,PG-13,2024-08-16,107.0,"Action, Comedy, Thriller",Julian Farino,"Joe Barton, David Guggenheim","Mark Wahlberg, Halle Berry, J.K. Simmons","Construction worker Mike is thrust into the world of espionage when his high school sweetheart, Roxanne, recruits him for a high-stakes intelligence mission.",English,United States,N/A,5.4,37.0,5.4,42014.0,
The Matrix Resurrections,2021.0,R,2021-12-22,148.0,"Action, Sci-Fi",Lana Wachowski,"Lana Wachowski, David Mitchell, Aleksandar Hemon","Keanu Reeves, Carrie-Anne Moss, Yahya Abdul-Mateen II","Return to a world of two realities: one, everyday life; the other, what lies behind it. To find out if his reality is a construct, to truly know himself, Mr. Anderson will have to choose to follow the white rabbit once more.","English, French, Spanish, Japanese","United States, Australia",Nominated for 1 BAFTA Award6 wins & 37 nominations total,5.7,63.0,5.7,286825.0,37686805.0
Aquaman and the Lost Kingdom,2023.0,PG-13,2023-12-22,124.0,"Action, Adventure, Fantasy",James Wan,"David Leslie Johnson-McGoldrick, James Wan, Jason Momoa","Jason Momoa, Patrick Wilson, Yahya Abdul-Mateen II","Black Manta seeks revenge on Aquaman for his father's death. Wielding the Black Trident's power, he becomes a formidable foe. To defend Atlantis, Aquaman forges an alliance with his imprisoned brother. They must protect the kingdom.",English,"United States, United Kingdom, Canada, Australia, Iceland",6 nominations,5.6,34.0,5.6,98484.0,124481226.0
The First Omen,2024.0,R,2024-04-05,119.0,Horror,Arkasha Stevenson,"Tim Smith, Arkasha Stevenson, Keith Thomas","Nell Tiger Free, Ralph Ineson, Sonia Braga","A young American woman is sent to Rome to begin a life of service to the church, but encounters a darkness that causes her to question her faith and uncovers a terrifying conspiracy that hopes to bring about the birth of evil inca...","English, Italian","United States, Italy, Serbia, Canada",10 nominations,6.5,83.0,6.5,56020.0,20092802.0
The Flash,,TV-PG,2014-10-07,43.0,"Action, Adventure, Drama",N/A,"Greg Berlanti, Geoff Johns, Andrew Kreisberg","Grant Gustin, Candice Patton, Danielle Panabaker","After being struck by lightning, Barry Allen wakes up from his coma to discover he's been given the power of super speed, becoming the Flash, and fighting crime in Central City.",English,United States,Nominated for 1 Primetime Emmy. 29 wins & 99 nominations total,7.5,,7.5,372216.0,
Jackpot!,2024.0,R,2024-08-15,106.0,"Action, Comedy",Paul Feig,Rob Yescombe,"John Cena, Awkwafina, Simu Liu","In the near future, a 'Grand Lottery' has been newly established in California - the catch: kill the winner before sundown to legally claim their multi-billion dollar jackpot.",English,United States,1 win,5.8,31.0,5.8,26065.0,
Kung Fu Panda,2008.0,PG,2008-06-06,92.0,"Animation, Action, Adventure","Mark Osborne, John Stevenson","Jonathan Aibel, Glenn Berger, Ethan Reiff","Jack Black, Ian McShane, Angelina Jolie","To everyone's surprise, including his own, Po, an overweight, clumsy panda, is chosen as protector of the Valley of Peace. His suitability will soon be tested as the valley's arch-enemy is on his way.",English,United States,Nominated for 1 Oscar. 15 wins & 39 nominations total,7.6,87.0,7.6,535709.0,215771591.0
The Fast and the Furious,2001.0,PG-13,2001-06-22,106.0,"Action, Crime, Thriller",Rob Cohen,"Ken Li, Gary Scott Thompson, Erik Bergquist","Vin Diesel, Paul Walker, Michelle Rodriguez",Los Angeles police officer Brian O'Conner must decide where his loyalty really lies when he becomes enamored with the street racing world he has been sent undercover to end it.,"English, Spanish","United States, Germany",11 wins & 18 nominations,6.8,55.0,6.8,427944.0,144745925.0
Doctor Strange in the Multiverse of Madness,2022.0,PG-13,2022-05-06,126.0,"Action, Adventure, Fantasy",Sam Raimi,"Michael Waldron, Stan Lee, Steve Ditko","Benedict Cumberbatch, Elizabeth Olsen, Chiwetel Ejiofor","Doctor Strange teams up with a mysterious teenage girl who can travel across multiverses, to battle other-universe versions of himself which threaten to wipe out the multiverse. They seek help from the Scarlet Witch, Wong and others.","English, Spanish, Chinese",United States,10 wins & 30 nominations,6.9,74.0,6.9,495914.0,411331607.0
Grown Ups,2010.0,PG-13,2010-06-25,102.0,Comedy,Dennis Dugan,"Adam Sandler, Fred Wolf","Adam Sandler, Salma Hayek, Kevin James","After their high school basketball coach passes away, five good friends and former teammates reunite for a Fourth of July holiday weekend.","English, Spanish",United States,3 wins & 4 nominations,6.0,10.0,6.0,285691.0,162001186.0
Teenage Mutant Ninja Turtles: Mutant Mayhem,2023.0,PG,2023-08-02,99.0,"Animation, Action, Adventure","Jeff Rowe, Kyler Spears","Seth Rogen, Evan Goldberg, Jeff Rowe","Micah Abbey, Shamon Brown Jr., Nicolas Cantu",The Turtle brothers work to earn the love of New York City while facing down an army of mutants.,English,"United States, Japan, Canada",1 win & 73 nominations,7.2,95.0,7.2,69446.0,118613586.0
Out of Exile,2022.0,R,2023-01-20,107.0,"Crime, Drama, Thriller",Kyle Kauwika Harris,Kyle Kauwika Harris,"Hayley McFarland, Ryan Merriman, Peter Greene","After a botched armored car robbery, a recently paroled thief tries to balance his life and mend a troubled family as a determined FBI agent hunts down him and his crew.",English,United States,N/A,5.0,29.0,5.0,773.0,
Inglourious Basterds,2009.0,R,2009-08-21,153.0,"Adventure, Drama, War",Quentin Tarantino,Quentin Tarantino,"Brad Pitt, Diane Kruger, Eli Roth","In Nazi-occupied France during World War II, a plan to assassinate Nazi leaders by a group of Jewish U.S. soldiers coincides with a theatre owner's vengeful plans for the same.","English, German, French, Italian","United States, Germany",Won 1 Oscar. 134 wins & 172 nominations total,8.4,89.0,8.4,1622306.0,120540719.0
Dream Lover,1993.0,R,1994-05-06,103.0,"Drama, Mystery, Thriller",Nicholas Kazan,Nicholas Kazan,"James Spader, Mädchen Amick, Fredric Lehne",A successful architect suspects his second wife is not who she claims to be.,"English, German, Japanese",United States,1 nomination,6.2,57.0,6.2,6334.0,256264.0
Ice Age: Collision Course,2016.0,PG,2016-07-22,94.0,"Animation, Adventure, Comedy","Michael Thurmeier, Galen T. Chu","Michael J. Wilson, Michael Berg, Yoni Brenner","Ray Romano, Denis Leary, John Leguizamo","When Scrat's acorn sends an asteroid to Earth, the Herd must find a way to stop the asteroid from hitting Earth with the help of a returning friend.",English,"United States, United Kingdom",2 wins,5.7,18.0,5.7,77941.0,64063008.0
Get Out,2017.0,R,2017-02-24,104.0,"Horror, Mystery, Thriller",Jordan Peele,Jordan Peele,"Daniel Kaluuya, Allison Williams, Bradley Whitford","A young African-American visits his white girlfriend's parents for the weekend, where his simmering uneasiness about their reception of him eventually reaches a boiling point.","English, Swahili","United States, Japan",Won 1 Oscar. 153 wins & 214 nominations total,7.8,98.0,7.8,735721.0,176196665.0
Monsters University,2013.0,G,2013-06-21,104.0,"Animation, Adventure, Comedy",Dan Scanlon,"Dan Scanlon, Daniel Gerson, Robert L. Baird","Billy Crystal, John Goodman, Steve Buscemi","A look at the relationship between Mike Wazowski and James P. ""Sully"" Sullivan during their days at Monsters University, when they weren't necessarily the best of friends.",English,"United States, Japan",Nominated for 2 BAFTA 9 wins & 58 nominations total,7.2,80.0,7.2,400582.0,268492764.0
Pride,2014.0,R,2014-09-12,119.0,"Biography, Comedy, Drama",Matthew Warchus,Stephen Beresford,"Bill Nighy, Imelda Staunton, Dominic West",U.K. gay activists work to help miners during their lengthy strike of the National Union of Mineworkers in the summer of 1984.,"English, Welsh","United Kingdom, France, United States",Won 1 BAFTA Award10 wins & 25 nominations total,7.8,93.0,7.8,62755.0,1446634.0
The Karate Kid,1984.0,PG,1984-06-22,126.0,"Action, Drama, Family",John G. Avildsen,Robert Mark Kamen,"Ralph Macchio, Pat Morita, Elisabeth Shue","Recently relocated from NJ to LA, Daniel becomes the target of a gang of Cobra Kai dojo students. When Mr. Miyagi saves him with expert Karate skills, Daniel convinces him to teach him to defend himself, and put his bullies in the...","English, Japanese",United States,Nominated for 1 Oscar. 3 wins & 3 nominations total,7.3,90.0,7.3,251070.0,91077276.0
Midsommar,2019.0,R,2019-07-03,148.0,"Drama, Horror, Mystery",Ari Aster,Ari Aster,"Florence Pugh, Jack Reynor, Vilhelm Blomgren",A couple travels to Northern Europe to visit a rural hometown's fabled Swedish mid-summer festival. What begins as an idyllic retreat quickly devolves into an increasingly violent and bizarre competition at the hands of a pagan cult.,"English, Swedish","United States, Sweden",27 wins & 75 nominations,7.1,83.0,7.1,426649.0,27426361.0
Scream VI,2023.0,R,2023-03-10,122.0,"Horror, Mystery, Thriller","Matt Bettinelli-Olpin, Tyler Gillett","James Vanderbilt, Guy Busick, Kevin Williamson","Courteney Cox, Melissa Barrera, Jenna Ortega",The survivors of the Ghostface killings leave Woodsboro behind and start a fresh chapter in New York City.,English,"United States, Canada, United Kingdom",4 wins & 27 nominations,6.4,77.0,6.4,130126.0,108161389.0
The Fate of the Furious,2017.0,PG-13,2017-04-14,136.0,"Action, Crime, Thriller",F. Gary Gray,"Gary Scott Thompson, Chris Morgan","Vin Diesel, Jason Statham, Dwayne Johnson","When a mysterious woman seduces Dominic Toretto into the world of terrorism and a betrayal of those closest to him, the crew face trials that will test them as never before.","English, Russian, Spanish","United States, China, Japan",2 wins & 16 nominations,6.6,67.0,6.6,258939.0,226008385.0
Napoleon,2023.0,R,2023-11-22,158.0,"Action, Adventure, Biography",Ridley Scott,David Scarpa,"Joaquin Phoenix, Vanessa Kirby, Tahar Rahim","An epic that details the chequered rise and fall of French Emperor Napoleon Bonaparte and his relentless journey to power through the prism of his addictive, volatile relationship with his wife, Josephine.","English, French, Russian, German, Italian","United States, United Kingdom",Nominated for 3 Oscars. 5 wins & 44 nominations total,6.4,58.0,6.4,159309.0,61524375.0
Exorcism in Utero,2023.0,N/A,2024-10-08,94.0,Horror,Erik Skybak,Erik Skybak,"Neil Green, Allegra Sweeney, Steve Larkin",It tells the story of a woman who must save her unborn child and herself when she is possessed by a powerful ring.,English,United States,N/A,5.1,,5.1,71.0,
Lucy,2014.0,R,2014-07-25,89.0,"Action, Sci-Fi, Thriller",Luc Besson,Luc Besson,"Scarlett Johansson, Morgan Freeman, Choi Min-sik","A woman, accidentally caught in a dark deal, turns the tables on her captors and transforms into a merciless warrior evolved beyond human logic.","English, Mandarin, French, Italian, German, Spanish, Korean","France, Germany, Taiwan, Canada",1 win & 12 nominations,6.4,67.0,6.4,545135.0,126663600.0
Mulan,1998.0,G,1998-06-19,87.0,"Animation, Adventure, Comedy","Tony Bancroft, Barry Cook","Robert D. San Souci, Rita Hsiao, Chris Sanders","Ming-Na Wen, Eddie Murphy, BD Wong","To save her father from death in the army, a young maiden secretly goes in his place and becomes one of China's greatest heroines in the process.","English, Mandarin",United States,Nominated for 1 Oscar. 17 wins & 21 nominations total,7.7,86.0,7.7,324003.0,120620254.0
Seven Cemeteries,2024.0,N/A,2024-10-11,,"Fantasy, Horror, Thriller",John Gulager,"John Gulager, Joel Soisson","Danny Trejo, Efren Ramirez, Maria Canals-Barrera",A recent parolee (Danny Trejo) gets a Mexican witch to resurrect his old posse so that they can help him save a woman's ranch from a ruthless drug lord.,English,United States,N/A,,,,20.0,
The Judge,2014.0,R,2014-10-10,141.0,"Crime, Drama, Mystery",David Dobkin,"Nick Schenk, Bill Dubuque, David Dobkin","Robert Downey Jr., Robert Duvall, Vera Farmiga","Big-city lawyer Hank Palmer returns to his childhood home where his father, the town's judge, is suspected of murder. Hank sets out to discover the truth; along the way he reconnects with his estranged family.",English,United States,Nominated for 1 Oscar. 3 wins & 9 nominations total,7.4,49.0,7.4,210364.0,47119388.0
Jumanji: The Next Level,2019.0,PG-13,2019-12-13,123.0,"Action, Adventure, Comedy",Jake Kasdan,"Jake Kasdan, Jeff Pinkner, Scott Rosenberg","Dwayne Johnson, Jack Black, Kevin Hart","In Jumanji: The Next Level, the gang is back but the game has changed. As they return to rescue one of their own, the players will have to brave parts unknown from arid deserts to snowy mountains, to escape the world's most danger...",English,"United States, India, Australia, New Zealand, Thailand, Canada, South Korea, China, Netherlands",2 wins & 10 nominations,6.7,72.0,6.7,293565.0,320314960.0
Pacific Rim,2013.0,PG-13,2013-07-12,131.0,"Action, Adventure, Sci-Fi",Guillermo del Toro,"Travis Beacham, Guillermo del Toro","Idris Elba, Charlie Hunnam, Rinko Kikuchi","As a war between humankind and monstrous sea creatures wages on, a former pilot and a trainee are paired up to drive a seemingly obsolete special weapon in a desperate effort to save the world from the apocalypse.","English, Japanese, Cantonese, Mandarin","United States, Mexico",Nominated for 1 BAFTA Award7 wins & 48 nominations total,6.9,72.0,6.9,538202.0,101802906.0
Anyone But You,2023.0,R,2023-12-22,103.0,"Comedy, Romance",Will Gluck,"Ilana Wolpert, Will Gluck","Sydney Sweeney, Glen Powell, Alexandra Shipp","After an amazing first date, Bea and Ben's fiery attraction turns ice-cold--until they find themselves unexpectedly reunited at a wedding in Australia. So they do what any two mature adults would do: pretend to be a couple.",English,"Australia, United States",1 win & 4 nominations,6.1,54.0,6.1,128469.0,88319668.0
Last Straw,2023.0,N/A,2024-09-12,83.0,"Horror, Thriller",Alan Scott Neal,Taylor Sardoni,"Jessica Belkin, Taylor Kowalski, Joji Otani-Hansen","A small town killing spree lands on the doorstep of a rural diner, where a young waitress must fight for her life over the course of one long night.",English,United States,N/A,5.5,77.0,5.5,2532.0,
Miss Peregrine's Home for Peculiar Children,2016.0,PG-13,2016-09-30,127.0,"Adventure, Drama, Family",Tim Burton,"Ransom Riggs, Jane Goldman","Eva Green, Asa Butterfield, Samuel L. Jackson","When Jacob discovers clues to a mystery that stretches across time, he finds Miss Peregrine's Home for Peculiar Children. But the danger deepens after he gets to know the residents and learns about their special powers.",English,"United States, United Kingdom, Belgium, Canada",2 wins & 12 nominations,6.7,65.0,6.7,194886.0,87242834.0
Clash of the Titans,2010.0,PG-13,2010-04-02,106.0,"Action, Adventure, Fantasy",Louis Leterrier,"Travis Beacham, Phil Hay, Matt Manfredi","Sam Worthington, Liam Neeson, Ralph Fiennes","Perseus, a demigod and the son of Zeus, battles the minions of Hades and the Underworld in order to stop them from conquering Olympus and Earth.",English,"United States, United Kingdom, Australia",4 wins & 14 nominations,5.8,27.0,5.8,295933.0,163214888.0
Highlander: The Search for Vengeance,2007.0,Unrated,2007-06-05,85.0,"Animation, Action, Fantasy, Romance, Sci-Fi","Yoshiaki Kawajiri, Takuji Endo","David Abramowitz, Gregory Widen (characters)","Alistair Abell, Debi Mae West, Nolan North, Scott McNeil","An anime continuation of the HIGHLANDER saga, following immortal Colin MacLeod's quest for revenge in the future.",English,"USA, Japan, Hong Kong",N/A,6.7,,6.7,3530.0,
Hotel Transylvania,2012.0,PG,2012-09-28,91.0,"Animation, Adventure, Comedy",Genndy Tartakovsky,"Peter Baynham, Robert Smigel, Todd Durham","Adam Sandler, Kevin James, Andy Samberg","Dracula, who operates a high-end resort away from the human world, goes into overprotective mode when a boy discovers the resort and falls for the count's teenaged daughter.",English,"United States, Canada",2 wins & 15 nominations,7.0,45.0,7.0,289047.0,148313048.0
Madame Web,2024.0,PG-13,2024-02-14,116.0,"Action, Adventure, Sci-Fi",S.J. Clarkson,"Matt Sazama, Burk Sharpless, Claire Parker","Dakota Johnson, Sydney Sweeney, Isabela Merced","Forced to confront her past, Cassandra Webb, a Manhattan paramedic that may have clairvoyant abilities, forms a relationship with three young women destined for powerful futures, if they can survive their threatening present.",English,"United States, Mexico",N/A,4.0,11.0,4.0,90985.0,43817106.0
The Amazing Spider-Man 2,2014.0,PG-13,2014-05-02,142.0,"Action, Adventure, Sci-Fi",Marc Webb,"Alex Kurtzman, Roberto Orci, Jeff Pinkner","Andrew Garfield, Emma Stone, Jamie Foxx","When New York is put under siege by Oscorp, it is up to Spider-Man to save the city he swore to protect as well as his loved ones.",English,United States,4 wins & 30 nominations,6.6,50.0,6.6,550508.0,203605622.0
Star Wars: Episode IV - A New Hope,1977.0,PG,1977-05-25,121.0,"Action, Adventure, Fantasy",George Lucas,George Lucas,"Mark Hamill, Harrison Ford, Carrie Fisher","Luke Skywalker joins forces with a Jedi Knight, a cocky pilot, a Wookiee and two droids to save the galaxy from the Empire's world-destroying battle station, while also attempting to rescue Princess Leia from the mysterious Darth ...",English,United States,Won 6 Oscars. 69 wins & 30 nominations total,8.6,93.0,8.6,1479635.0,460998507.0
Incredibles 2,2018.0,PG,2018-06-15,118.0,"Animation, Action, Adventure",Brad Bird,Brad Bird,"Craig T. Nelson, Holly Hunter, Sarah Vowell",The Incredibles family takes on a new mission which involves a change in family roles: Bob Parr (Mr. Incredible) must manage the house while his wife Helen (Elastigirl) goes out to save the world.,English,"United States, Japan",Nominated for 1 Oscar. 14 wins & 81 nominations total,7.5,93.0,7.5,341353.0,608581744.0
American Pie,1999.0,R,1999-07-09,95.0,Comedy,"Paul Weitz, Chris Weitz",Adam Herz,"Jason Biggs, Chris Klein, Thomas Ian Nicholas",Four teenage boys enter a pact to lose their virginity by prom night.,English,United States,9 wins & 14 nominations,7.0,62.0,7.0,443540.0,102561004.0
Fantastic Beasts: The Secrets of Dumbledore,2022.0,PG-13,2022-04-15,142.0,"Adventure, Family, Fantasy",David Yates,"J.K. Rowling, Steve Kloves","Eddie Redmayne, Jude Law, Ezra Miller","Albus Dumbledore knows that Gellert Grindelwald is moving to take control of the wizarding world. Unable to stop him alone, he asks Newt Scamander to lead an intrepid team on a dangerous mission.","English, German, Latin","United Kingdom, United States",7 nominations,6.2,46.0,6.2,176998.0,95850844.0
Death Race,2008.0,R,2008-08-22,105.0,"Action, Sci-Fi, Thriller",Paul W.S. Anderson,"Paul W.S. Anderson, Robert Thom, Charles B. Griffith","Jason Statham, Joan Allen, Tyrese Gibson",Ex-con Jensen Ames is forced by the warden of a notorious prison to compete in our post-industrial world's most popular sport: a car race in which inmates must brutalize and kill one another on the road to victory.,English,"United States, Germany, United Kingdom",1 win & 5 nominations,6.4,41.0,6.4,221304.0,36316032.0
Thor: Ragnarok,2017.0,PG-13,2017-11-03,130.0,"Action, Adventure, Comedy",Taika Waititi,"Eric Pearson, Craig Kyle, Christopher L. Yost","Chris Hemsworth, Tom Hiddleston, Cate Blanchett","Imprisoned on the planet Sakaar, Thor must race against time to return to Asgard and stop Ragnarök, the destruction of his world, at the hands of the powerful and ruthless villain Hela.",English,United States,6 wins & 50 nominations,7.9,93.0,7.9,834531.0,315058289.0
Jack Reacher: Never Go Back,2016.0,PG-13,2016-10-21,118.0,"Action, Crime, Drama",Edward Zwick,"Richard Wenk, Edward Zwick, Marshall Herskovitz","Tom Cruise, Cobie Smulders, Aldis Hodge",Jack Reacher must uncover the truth behind a major government conspiracy in order to clear his name while on the run as a fugitive from the law.,"English, Ukrainian","China, United States",1 win,6.2,37.0,6.2,181080.0,58697076.0
Rise of the Guardians,2012.0,PG,2012-11-21,97.0,"Animation, Action, Adventure",Peter Ramsey,"David Lindsay-Abaire, William Joyce","Hugh Jackman, Alec Baldwin, Isla Fisher","When the evil spirit Pitch launches an assault on Earth, the Immortal Guardians team up to protect the innocence of children all around the world.","English, French","United States, India",14 wins & 32 nominations,7.2,74.0,7.2,196824.0,103412758.0
Bohemian Rhapsody,2018.0,PG-13,2018-11-02,134.0,"Biography, Drama, Music",Bryan Singer,"Anthony McCarten, Peter Morgan","Rami Malek, Lucy Boynton, Gwilym Lee","With his impeccable vocal abilities, Freddie Mercury and his rock band, Queen, achieve superstardom. However, amidst his skyrocketing success, he grapples with his ego, sexuality and a fatal illness.","English, British Sign ","United Kingdom, United States",Won 4 Oscars. 50 wins & 81 nominations total,7.9,60.0,7.9,607359.0,216668042.0
Journey 2: The Mysterious Island,2012.0,PG,2012-02-10,94.0,"Action, Adventure, Comedy",Brad Peyton,"Brian Gunn, Mark Gunn, Richard Outten","Josh Hutcherson, Dwayne Johnson, Michael Caine","Sean Anderson partners with his mom's husband on a mission to find his grandfather, who is thought to be missing on a mythical island.",English,United States,7 wins & 4 nominations,5.7,45.0,5.7,114215.0,103887748.0
Pacific Rim: Uprising,2018.0,PG-13,2018-03-23,111.0,"Action, Adventure, Sci-Fi",Steven S. DeKnight,"Steven S. DeKnight, Emily Carmichael, Kira Snyder","John Boyega, Scott Eastwood, Cailee Spaeny","Jake Pentecost, son of Stacker Pentecost, reunites with Mako Mori to lead a new generation of Jaeger pilots, including rival Lambert and 15-year-old hacker Amara, against a new Kaiju threat.","English, Mandarin, Russian","United Kingdom, China, Japan, United States, Mexico",6 nominations,5.6,42.0,5.6,130212.0,59874525.0
Apocalypse Now,1979.0,R,1979-08-15,147.0,"Drama, Mystery, War",Francis Ford Coppola,"John Milius, Francis Ford Coppola, Michael Herr","Martin Sheen, Marlon Brando, Robert Duvall",A U.S. Army officer serving in Vietnam is tasked with assassinating a renegade Special Forces Colonel who sees himself as a god.,"English, French, Vietnamese",United States,Won 2 Oscars. 21 wins & 33 nominations total,8.4,90.0,8.4,722779.0,96042913.0
Sing,2016.0,PG,2016-12-21,108.0,"Animation, Comedy, Family","Garth Jennings, Christophe Lourdelet",Garth Jennings,"Matthew McConaughey, Reese Witherspoon, Seth MacFarlane","In a city of humanoid animals, a hustling theater impresario's attempt to save his theater with a singing competition becomes grander than he anticipates even as its finalists find that their lives will never be the same.","English, Japanese","Japan, United States",3 wins & 25 nominations,7.1,71.0,7.1,196720.0,270578425.0
Salem's Lot,1979.0,PG,1979-11-17,200.0,Horror,Tobe Hooper,"Stephen King (novel), Paul Monash (screenplay)","David Soul, James Mason, Lance Kerwin",A novelist and a young horror fan attempt to save a small New England town which has been invaded by vampires.,English,United States,Nominated for 3 Primetime Emmys. 4 nominations total,6.7,89.0,6.7,29359.0,
Distant,2002.0,Not Rated,2002-12-20,110.0,Drama,Nuri Bilge Ceylan,Nuri Bilge Ceylan,"Muzaffer Özdemir, Mehmet Emin Toprak, Zuhal Gencer","After his wife leaves him, a photographer has an existential crisis and tries to cope with his cousin's visit.",Turkish,Turkey,31 wins & 8 nominations,7.5,87.0,7.5,23334.0,106622.0
A Different Man,2024.0,R,2024-10-04,112.0,"Comedy, Thriller",Aaron Schimberg,Aaron Schimberg,"Sebastian Stan, Renate Reinsve, Adam Pearson",An aspiring actor undergoes a radical medical procedure to transform his appearance. But his dream new face soon turns into a nightmare.,English,United States,3 wins & 4 nominations,7.4,92.0,7.4,3321.0,642121.0
Afraid,2024.0,PG-13,2024-08-30,84.0,"Horror, Mystery, Sci-Fi",Chris Weitz,Chris Weitz,"John Cho, Katherine Waterston, Keith Carradine",The Curtis family is selected to test a new home device: a digital assistant called AIA. AIA learns the family's behaviors and begins to anticipate their needs. And she can make sure nothing - and no one - gets in her family's way.,English,"United Kingdom, United States",N/A,5.1,22.0,5.1,8333.0,6725687.0
,,,,,,,,,,,,,,,,,
Up,2009.0,PG,2009-07-23,96.0,"Animation, Adventure, Comedy","Pete Docter, Bob Peterson","Pete Docter, Bob Peterson, Tom McCarthy","Edward Asner, Jordan Nagai, John Ratzenberger","78-year-old Carl Fredricksen travels to South America in his house equipped with balloons, inadvertently taking a young stowaway.",English,United States,Won 2 Oscars. 81 wins & 88 nominations total,8.3,98.0,8.3,1151249.0,293004164.0
Blended,2014.0,PG-13,2014-05-23,117.0,"Comedy, Romance",Frank Coraci,"Ivan Menchell, Clare Sera","Adam Sandler, Drew Barrymore, Wendi McLendon-Covey","After a bad blind date, a man and woman find themselves stuck together at a resort for families, where their attraction grows as their respective kids benefit from the burgeoning relationship.",English,United States,1 win & 10 nominations,6.5,15.0,6.5,148111.0,46306208.0
Oddity,2024.0,R,2024-07-19,98.0,"Horror, Thriller",Damian Mc Carthy,Damian Mc Carthy,"Carolyn Bracken, Johnny French, Steve Wall",A psychic medium attempts to uncover the truth behind her sister's murder at the site of the crime.,English,Ireland,5 wins & 1 nomination,6.7,96.0,6.7,25158.0,1200477.0
The Passion of the Christ,2004.0,R,2004-02-25,127.0,Drama,Mel Gibson,"Benedict Fitzgerald, Mel Gibson","Jim Caviezel, Monica Bellucci, Maia Morgenstern","Depicts the final twelve hours in the life of Jesus of Nazareth, on the day of his crucifixion in Jerusalem.","Aramaic, Latin, Hebrew, English",United States,Nominated for 3 Oscars. 30 wins & 24 nominations total,7.2,50.0,7.2,254297.0,370782930.0
The Jack in the Box Rises,2024.0,N/A,2024-01-11,92.0,Horror,Lawrence Fowler,"Geoff Fowler, Lawrence Fowler","Nicholas Anscombe, Isabella Colby Browne, Leona Clarke","When a creepy Jack-in-the-Box is discovered and opened on the grounds of an exclusive girls' school, six brave students soon enter a fight to the finish against the unleashed demon.",English,United Kingdom,N/A,4.1,,4.1,638.0,
Krampus,2015.0,PG-13,2015-12-04,98.0,"Comedy, Fantasy, Horror",Michael Dougherty,"Todd Casey, Michael Dougherty, Zach Shields","Adam Scott, Toni Collette, David Koechner",A boy who has a bad Christmas accidentally summons a festive demon to his family home.,"English, German","United States, Canada",5 wins & 14 nominations,6.2,66.0,6.2,85628.0,42725475.0
Gods of Egypt,2016.0,PG-13,2016-02-26,127.0,"Action, Adventure, Drama",Alex Proyas,"Matt Sazama, Burk Sharpless","Brenton Thwaites, Nikolaj Coster-Waldau, Gerard Butler","Mortal hero Bek teams with the god Horus in an alliance against Set, the merciless god of darkness, who has usurped Egypt's throne, plunging the once peaceful and prosperous empire into chaos and conflict.",English,"United States, Australia, China, Hong Kong",2 wins & 14 nominations,5.4,14.0,5.4,128317.0,31153464.0
Girl in the Basement,2021.0,TV-14,2021-02-27,88.0,"Crime, Thriller",Elisabeth Röhm,Barbara Marshall,"Judd Nelson, Stefanie Scott, Joely Fisher","Sarah is a teen girl who is looking forward to her 18th birthday to move away from her controlling father Don. But before she could even blow out the candles, Don imprisons her in the basement of their home.",English,United States,1 nomination,6.3,,6.3,14817.0,
The Emperor's New Groove,2000.0,G,2000-12-15,78.0,"Animation, Adventure, Comedy",Mark Dindal,"Chris Williams, Mark Dindal, David Reynolds","David Spade, John Goodman, Eartha Kitt","Emperor Kuzco is turned into a llama by his ex-administrator Yzma, and must now regain his throne with the help of Pacha, the gentle llama herder.",English,"United States, Japan, France",Nominated for 1 Oscar. 7 wins & 27 nominations total,7.4,86.0,7.4,231089.0,89636687.0
After We Collided,2020.0,R,2020-10-23,105.0,"Drama, Romance",Roger Kumble,"Anna Todd, Mario Celaya","Josephine Langford, Hero Fiennes Tiffin, Dylan Sprouse","Based on the 2014 romance novel of the same name, this follows the love life of two young adults.","English, Chinese",United States,1 win,5.1,13.0,5.1,40015.0,2386483.0
Deadpool 2,2018.0,R,2018-05-18,119.0,"Action, Adventure, Comedy",David Leitch,"Rhett Reese, Paul Wernick, Ryan Reynolds","Ryan Reynolds, Josh Brolin, Morena Baccarin","Foul-mouthed mutant mercenary Wade Wilson (a.k.a. Deadpool) assembles a team of fellow mutant rogues to protect a young boy with abilities from the brutal, time-traveling cyborg Cable.","English, Cantonese, Spanish, Russian","United States, Canada",6 wins & 52 nominations,7.6,84.0,7.6,691528.0,324591735.0
Carved,2018.0,N/A,2018-10-01,5.0,"Short, Horror",Justin Harding,Justin Harding,"Rick Amsbury, Dawn Sadler, Findlay James Davies",A boy's choice of an ugly pumpkin results in an unusual Jack-O-Lantern.,English,Canada,N/A,5.6,,5.6,284.0,
Beauty and the Beast,1991.0,G,1991-11-22,84.0,"Animation, Family, Fantasy","Gary Trousdale, Kirk Wise","Linda Woolverton, Brenda Chapman, Chris Sanders","Paige O'Hara, Robby Benson, Jesse Corti",A prince cursed to spend his days as a hideous monster sets out to regain his humanity by earning a young woman's love.,"English, French","United States, Japan",Won 2 Oscars. 33 wins & 32 nominations total,8.0,93.0,8.0,485547.0,218967620.0
King of Killers,2023.0,R,2023-09-01,92.0,"Action, Adventure, Crime",Kevin Grevioux,Kevin Grevioux,"Alain Moussi, Frank Grillo, Shannon Kook","Garan is a part of a group of international hitmen who are contracted to take out the most dangerous killer in the world, only to find out that they're the ones being hunted.",English,"United States, Canada",N/A,4.4,19.0,4.4,1567.0,
After Ever Happy,2022.0,R,2022-09-07,95.0,"Drama, Romance",Castille Landon,"Anna Todd, Sharon Soboil","Josephine Langford, Hero Fiennes Tiffin, Louise Lombard","As a shocking truth about a couple's families emerges, the two lovers discover they are not so different from each other.",English,United States,2 wins & 3 nominations,4.7,0.0,4.7,12345.0,1072750.0
Zack Snyder's Justice League,2021.0,R,2021-03-18,242.0,"Action, Adventure, Fantasy",Zack Snyder,"Jerry Siegel, Joe Shuster, Zack Snyder","Henry Cavill, Ben Affleck, Gal Gadot","Determined to ensure that Superman's ultimate sacrifice wasn't in vain, Bruce Wayne recruits a team of metahumans to protect the world from an approaching threat of catastrophic proportions.","English, Icelandic, French","United States, Canada, New Zealand, United Kingdom, Netherlands, Switzerland, Germany",5 wins & 6 nominations,7.9,71.0,7.9,448083.0,
Cinderella,2015.0,PG,2015-03-13,105.0,"Adventure, Drama, Family",Kenneth Branagh,"Chris Weitz, Charles Perrault","Lily James, Cate Blanchett, Richard Madden","When her father unexpectedly dies, young Ella finds herself at the mercy of her cruel stepmother and her scheming stepsisters. Never one to give up hope, Ella's fortunes begin to change after meeting a dashing stranger.",English,"United Kingdom, United States, Denmark, Canada, Italy",Nominated for 1 Oscar. 10 wins & 38 nominations total,6.9,84.0,6.9,193726.0,201151353.0
Cruella,2021.0,PG-13,2021-05-28,134.0,"Adventure, Comedy, Crime",Craig Gillespie,"Dana Fox, Tony McNamara, Aline Brosh McKenna","Emma Stone, Emma Thompson, Joel Fry","During the 1970s London punk rock revolution, young grifter Estella transforms herself into the raucous, revenge-bent Cruella de Vil.","English, French","United States, United Kingdom, Canada, Ireland",Won 1 Oscar. 29 wins & 44 nominations total,7.3,75.0,7.3,273393.0,86103234.0
Ready or Not,2019.0,R,2019-08-21,95.0,"Action, Comedy, Horror","Matt Bettinelli-Olpin, Tyler Gillett","Guy Busick, R. Christopher Murphy","Samara Weaving, Adam Brody, Mark O'Brien",A bride's wedding night takes a sinister turn when her eccentric new in-laws force her to take part in a terrifying game.,"English, Latin",United States,4 wins & 24 nominations,6.9,89.0,6.9,198498.0,28714231.0
The Twilight Saga: Breaking Dawn - Part 1,2011.0,PG-13,2011-11-18,117.0,"Adventure, Drama, Fantasy",Bill Condon,"Melissa Rosenberg, Stephenie Meyer","Kristen Stewart, Robert Pattinson, Taylor Lautner","The Quileutes close in on expecting parents Edward and Bella, whose unborn child poses a threat to the Wolf Pack and the towns people of Forks.","English, Portuguese",United States,11 wins & 22 nominations,4.9,26.0,4.9,258303.0,281287133.0
The Bad Guys,2022.0,PG,2022-04-22,100.0,"Animation, Adventure, Comedy",Pierre Perifel,"Aaron Blabey, Etan Cohen","Sam Rockwell, Marc Maron, Awkwafina","To avoid prison, a gang of notorious animal criminals pretends to seek being rehabilitated, only for their leader to realize that he genuinely wants to change his ways.","English, Spanish","United States, United Kingdom",2 wins & 30 nominations,6.8,88.0,6.8,63246.0,97459240.0
Percy Jackson,,TV-G,2017-06-24,,Adventure,N/A,N/A,"Riley Wake, Sammy Carroll, Jessica Jose-Nickerson","Based on the novels by Rick Riordan, this series follows a young demigod named Percy Jackson and his friends from Camp Half-Blood as they go on quests to save the world from Kronos's army.",English,United States,N/A,6.8,,6.8,63.0,
Fly Me to the Moon,2024.0,PG-13,2024-07-12,132.0,"Comedy, Romance",Greg Berlanti,"Keenan Flynn, Bill Kirstein, Rose Gilroy","Scarlett Johansson, Channing Tatum, Woody Harrelson","Marketing maven Kelly Jones wreaks havoc on NASA launch director Cole Davis's already difficult task. When the White House deems the mission too important to fail, the countdown truly begins.",English,"United States, United Kingdom",2 nominations,6.6,65.0,6.6,28083.0,20532222.0
Avengers: Age of Ultron,2015.0,PG-13,2015-05-01,141.0,"Action, Adventure, Sci-Fi",Joss Whedon,"Joss Whedon, Stan Lee, Jack Kirby","Robert Downey Jr., Chris Evans, Mark Ruffalo","When Tony Stark and Bruce Banner try to jump-start a dormant peacekeeping program called Ultron, things go horribly wrong and it's up to Earth's mightiest heroes to stop the villainous Ultron from enacting his terrible plan.","English, Korean",United States,8 wins & 52 nominations,7.3,76.0,7.3,939559.0,459005868.0
Indiana Jones and the Temple of Doom,1984.0,PG,1984-05-23,118.0,"Action, Adventure",Steven Spielberg,"Willard Huyck, Gloria Katz, George Lucas","Harrison Ford, Kate Capshaw, Ke Huy Quan","In 1935, Indiana Jones is tasked by Indian villagers with reclaiming a rock stolen from them by a secret cult beneath the catacombs of an ancient palace.","English, Sinhala, Hindi",United States,Won 1 Oscar. 11 wins & 22 nominations total,7.5,77.0,7.5,542678.0,179870271.0
The Twilight Saga: Breaking Dawn - Part 2,2012.0,PG-13,2012-11-16,115.0,"Adventure, Drama, Fantasy",Bill Condon,"Stephenie Meyer, Melissa Rosenberg","Kristen Stewart, Robert Pattinson, Taylor Lautner","After the birth of Renesmee/Nessie, the Cullens gather other vampire clans in order to protect the child from a false allegation that puts the family in front of the Volturi.",English,United States,Nominated for 1 BAFTA Award22 wins & 17 nominations total,5.6,49.0,5.6,266961.0,292324737.0
The Matrix Reloaded,2003.0,R,2003-05-15,138.0,"Action, Sci-Fi","Lana Wachowski, Lilly Wachowski","Lilly Wachowski, Lana Wachowski","Keanu Reeves, Laurence Fishburne, Carrie-Anne Moss","Freedom fighters Neo, Trinity and Morpheus continue to lead the revolt against the Machine Army, unleashing their arsenal of extraordinary skills and weaponry against the systematic forces of repression and exploitation.","English, French, Italian",United States,8 wins & 34 nominations,7.2,74.0,7.2,639539.0,281576461.0
Dog,2022.0,PG-13,2022-02-18,101.0,"Comedy, Drama","Reid Carolin, Channing Tatum","Reid Carolin, Brett Rodriguez","Channing Tatum, Ryder McLaughlin, Aavi Haas","Two hard-charging former Army Rangers paired against their will, Briggs and a Belgian Malinois named Lulu, race down the Pacific Coast in hopes of making it to a fellow soldier's funeral on time.","English, Spanish, Arabic",United States,2 wins & 1 nomination,6.5,77.0,6.5,48194.0,61778069.0
The Meg,2018.0,PG-13,2018-08-10,113.0,"Action, Horror, Sci-Fi",Jon Turteltaub,"Dean Georgaris, Jon Hoeber, Erich Hoeber","Jason Statham, Bingbing Li, Rainn Wilson",A group of scientists exploring the Marianas Trench encounter the largest marine predator that has ever existed - the Megalodon.,"English, Mandarin, Thai, Japanese","United States, China",5 wins & 6 nominations,5.7,47.0,5.7,212780.0,145522784.0
Land of Bad,2024.0,R,2024-02-16,113.0,"Action, Thriller",William Eubank,"David Frigerio, William Eubank","Liam Hemsworth, Russell Crowe, Luke Hemsworth",A Delta Force team fights for survival as an Air Force drone pilot becomes its eyes in the sky.,English,United States,N/A,6.6,67.0,6.6,44789.0,4620045.0
Soul,2020.0,PG,2020-11-29,100.0,"Animation, Adventure, Comedy","Pete Docter, Kemp Powers","Pete Docter, Mike Jones, Kemp Powers","Jamie Foxx, Tina Fey, Graham Norton","Joe is a middle-school band teacher whose life hasn't quite gone the way he expected. His true passion is jazz. But when he travels to another realm to help someone find their passion, he soon discovers what it means to have soul.","English, Korean, Inuktitut",United States,Won 2 Oscars. 125 wins & 94 nominations total,8.0,95.0,8.0,395161.0,946154.0
Jumanji: Welcome to the Jungle,2017.0,PG-13,2017-12-20,119.0,"Action, Adventure, Comedy",Jake Kasdan,"Chris McKenna, Erik Sommers, Scott Rosenberg","Dwayne Johnson, Karen Gillan, Kevin Hart","Four teenagers are sucked into a magical video game, and the only way they can escape is to work together to finish the game.",English,"United States, Australia, Canada, Mexico, India, United Kingdom",5 wins & 15 nominations,7.0,77.0,7.0,464700.0,404540171.0
Maze Runner: The Death Cure,2018.0,PG-13,2018-01-26,143.0,"Action, Adventure, Sci-Fi",Wes Ball,"T.S. Nowlin, James Dashner","Dylan O'Brien, Ki Hong Lee, Kaya Scodelario","Young hero Thomas embarks on a mission to find a cure for a deadly disease known as ""The Flare"".",English,United States,7 nominations,6.3,43.0,6.3,171858.0,58032443.0
The Princess Switch,2018.0,TV-PG,2018-11-16,101.0,"Comedy, Drama, Family",Mike Rohl,"Robin Bernheim, Megan Metzger","Vanessa Hudgens, Sam Palladio, Nick Sagar","Competing in a Christmas baking competition in Belgravia, a Chicago baker bumps into the prince's fiancée--who looks just like her. They switch lives for two days.",English,United States,N/A,6.1,63.0,6.1,31853.0,
138 - Hotel Transylvania: Transformania (2022),2022.0,N/A,2022-02-01,,N/A,N/A,N/A,N/A,N/A,N/A,N/A,N/A,,,,,
Die Alone,2024.0,TV-MA,2024-10-18,91.0,"Horror, Thriller",Lowell Dean,Lowell Dean,"Carrie-Anne Moss, Douglas Smith, Frank Grillo",Tells the story of a young man who has amnesia. He bands together with a rugged survivalist in a zombie-like outbreak to find his girlfriend.,English,"Canada, United States",1 win,5.7,70.0,5.7,1259.0,
Dead Poets Society,1989.0,PG,1989-06-09,128.0,"Comedy, Drama",Peter Weir,Tom Schulman,"Robin Williams, Robert Sean Leonard, Ethan Hawke","Maverick teacher John Keating returns in 1959 to the prestigious New England boys' boarding school where he was once a star student, using poetry to embolden his pupils to new heights of self-expression.","English, Latin",United States,Won 1 Oscar. 20 wins & 19 nominations total,8.1,85.0,8.1,569254.0,95860116.0
It's a Wonderful Life,1946.0,PG,1947-01-07,130.0,"Drama, Family, Fantasy",Frank Capra,"Frances Goodrich, Albert Hackett, Frank Capra","James Stewart, Donna Reed, Lionel Barrymore",An angel is sent from Heaven to help a desperately frustrated businessman by showing him what life would have been like if he had never existed.,"English, French",United States,Nominated for 5 Oscars. 7 wins & 6 nominations total,8.6,94.0,8.6,507065.0,1483643.0
The Mouse Trap,2024.0,Not Rated,2024-08-06,80.0,"Comedy, Horror, Thriller",Jamie Bailey,Simon Phillips,"Simon Phillips, Sophie McIntosh, Madeline Kelman","It's Alex's 21st Birthday, but she's stuck at the amusement arcade on a late shift so her friends decide to surprise her, but a masked killer dressed as Mickey Mouse decides to play a game of his own with them which she must survive.",English,Canada,N/A,2.5,,2.5,1829.0,
Five Nights at Freddy's,2023.0,PG-13,2023-10-27,109.0,"Horror, Mystery, Thriller",Emma Tammi,"Scott Cawthon, Seth Cuddeback, Emma Tammi","Josh Hutcherson, Piper Rubio, Elizabeth Lail","A troubled security guard begins working at Freddy Fazbear's Pizza. During his five nights on the job, he realizes that something is wrong with the pizzeria and pretty soon finds the truth about its animatronics.",English,United States,22 nominations,5.4,32.0,5.4,106495.0,137275620.0
Megamind vs. The Doom Syndicate,2024.0,TV-G,2024-03-01,83.0,"Animation, Action, Adventure",Eric Fogel,"Alan Schoolcraft, Brent Simons, Eric Acosta","Keith Ferguson, Laura Post, Josh Brener","Megamind's former villain team, The Doom Syndicate, has returned. Newly crowned hero Megamind's must now keep up evil appearances until he can assemble his friends to stop his former evil teammates from launching Metro City to the...",English,"Canada, United States, India",N/A,2.4,9.0,2.4,5048.0,
The Little Mermaid,1989.0,G,1989-11-17,83.0,"Animation, Adventure, Family","Ron Clements, John Musker","John Musker, Ron Clements, Hans Christian Andersen","Jodi Benson, Samuel E. Wright, Rene Auberjonois",A mermaid princess makes a Faustian bargain in an attempt to become human and win a prince's love.,"English, French",United States,Won 2 Oscars. 16 wins & 8 nominations total,7.6,91.0,7.6,295968.0,111543479.0
No Time to Die,2021.0,PG-13,2021-10-08,163.0,"Action, Adventure, Thriller",Cary Joji Fukunaga,"Neal Purvis, Robert Wade, Cary Joji Fukunaga","Daniel Craig, Ana de Armas, Rami Malek","James Bond has left active service. His peace is short-lived when Felix Leiter, an old friend from the CIA, turns up asking for help, leading Bond onto the trail of a mysterious villain armed with dangerous new technology.","English, French, Italian, Russian, Spanish, Norwegian, German","United Kingdom, United States",Won 1 Oscar. 50 wins & 77 nominations total,7.3,83.0,7.3,456041.0,160891007.0
Pixels,2015.0,PG-13,2015-07-24,105.0,"Action, Comedy, Fantasy",Chris Columbus,"Tim Herlihy, Timothy Dowling, Patrick Jean","Adam Sandler, Kevin James, Michelle Monaghan","When aliens misinterpret video feeds of classic arcade games as a declaration of war, they attack the Earth in the form of the video games.",English,"United States, China",5 wins & 9 nominations,5.6,18.0,5.6,164569.0,78747585.0
Shazam! Fury of the Gods,2023.0,PG-13,2023-03-17,130.0,"Action, Adventure, Comedy",David F. Sandberg,"Henry Gayden, Chris Morgan, Bill Parker","Zachary Levi, Asher Angel, Jack Dylan Grazer","The film continues the story of teenage Billy Batson who, upon reciting the magic word ""SHAZAM!"", is transformed into his adult superhero alter ego, Shazam.","English, Greek, French, Spanish","United States, Germany, New Zealand, United Kingdom, India, South Korea, Canada",8 nominations,5.9,49.0,5.9,130930.0,57638006.0
A Haunted House 2,2014.0,R,2014-04-18,86.0,"Comedy, Fantasy, Horror",Michael Tiddes,"Marlon Wayans, Rick Alvarez","Marlon Wayans, Jaime Pressly, Cedric The Entertainer","Having exorcised the demons of his ex, Malcolm is starting fresh with his new girlfriend and her two children. After moving into their dream home, however, Malcolm is once again plagued by bizarre paranormal events.",English,United States,2 nominations,4.7,8.0,4.7,23822.0,17329486.0
Zodiac,2007.0,R,2007-03-02,157.0,"Crime, Drama, Mystery",David Fincher,"James Vanderbilt, Robert Graysmith","Jake Gyllenhaal, Robert Downey Jr., Mark Ruffalo","Between 1968 and 1983, a San Francisco cartoonist becomes an amateur detective obsessed with tracking down the Zodiac Killer, an unidentified individual who terrorizes Northern California with a killing spree.",English,United States,3 wins & 71 nominations,7.7,90.0,7.7,615992.0,33080084.0
Baby Driver,2017.0,R,2017-06-28,113.0,"Action, Crime, Drama",Edgar Wright,Edgar Wright,"Ansel Elgort, Jon Bernthal, Jon Hamm","Coerced into working for a crime boss, a young getaway driver must face the music when a doomed heist threatens his life, love, and freedom.","English, American Sign ","United Kingdom, United States",Nominated for 3 Oscars. 43 wins & 66 nominations total,7.5,92.0,7.5,630719.0,107825862.0
Scary Movie 4,2006.0,PG-13,2006-04-14,83.0,Comedy,David Zucker,"Craig Mazin, Jim Abrahams, Pat Proft","Anna Faris, Regina Hall, Craig Bierko",Cindy finds out a little boy haunts the house she lives in and she goes on a quest to solve his murder.,"English, Japanese",United States,1 win & 3 nominations,5.1,34.0,5.1,131372.0,90710620.0
Mission: Impossible - Rogue Nation,2015.0,PG-13,2015-07-31,131.0,"Action, Adventure, Thriller",Christopher McQuarrie,"Bruce Geller, Christopher McQuarrie, Drew Pearce","Tom Cruise, Rebecca Ferguson, Jeremy Renner",Ethan and his team take on their most impossible mission yet when they have to eradicate an international rogue organization as highly skilled as they are and committed to destroying the IMF.,"English, Swedish, German, Russian","United States, China, United Kingdom, Austria, Morocco, Hong Kong",6 wins & 26 nominations,7.4,94.0,7.4,417538.0,195042377.0
Addams Family Values,1993.0,PG-13,1993-11-19,94.0,"Comedy, Fantasy",Barry Sonnenfeld,"Charles Addams, Paul Rudnick","Anjelica Huston, Raul Julia, Christopher Lloyd","The Addams Family try to rescue their beloved Uncle Fester from his gold-digging new love, a black widow named Debbie.",English,United States,Nominated for 1 Oscar. 3 wins & 17 nominations total,6.8,75.0,6.8,114442.0,48919043.0
Madagascar,2005.0,PG,2005-06-24,86.0,"Animation, Adventure, Comedy","Eric Darnell, Tom McGrath","Mark Burton, Billy Frolick, Eric Darnell","Chris Rock, Ben Stiller, David Schwimmer","A group of animals who have spent all their life in a New York zoo end up in the jungles of Madagascar, and must adjust to living in the wild.","English, Portuguese, Spanish, German, French, American Sign ","United States, Canada, United Kingdom",4 wins & 32 nominations,6.9,55.0,6.9,446840.0,193595521.0
Cinderella,2015.0,PG,2015-03-13,105.0,"Adventure, Drama, Family",Kenneth Branagh,"Chris Weitz, Charles Perrault","Lily James, Cate Blanchett, Richard Madden","When her father unexpectedly dies, young Ella finds herself at the mercy of her cruel stepmother and her scheming stepsisters. Never one to give up hope, Ella's fortunes begin to change after meeting a dashing stranger.",English,"United Kingdom, United States, Denmark, Canada, Italy",Nominated for 1 Oscar. 10 wins & 38 nominations total,6.9,84.0,6.9,193726.0,201151353.0
The Green Mile,1999.0,R,1999-12-10,189.0,"Crime, Drama, Fantasy",Frank Darabont,"Stephen King, Frank Darabont","Tom Hanks, Michael Clarke Duncan, David Morse","A tale set on death row, where gentle giant John Coffey possesses the mysterious power to heal people's ailments. When the lead guard, Paul Edgecombe, recognizes John's gift, he tries to help stave off the condemned man's execution.","English, French",United States,Nominated for 4 Oscars. 15 wins & 37 nominations total,8.6,79.0,8.6,1440593.0,136801374.0
Iron Man 2,2010.0,PG-13,2010-05-07,124.0,"Action, Sci-Fi",Jon Favreau,"Justin Theroux, Stan Lee, Don Heck","Robert Downey Jr., Mickey Rourke, Gwyneth Paltrow","With the world now aware of his identity as Iron Man, Tony Stark must contend with both his declining health and a vengeful mad man with ties to his father's legacy.","English, French, Russian",United States,Nominated for 1 Oscar. 7 wins & 45 nominations total,6.9,72.0,6.9,884673.0,312433331.0
The Tomorrow War,2021.0,PG-13,2021-07-02,138.0,"Action, Adventure, Drama",Chris McKay,Zach Dean,"Chris Pratt, Yvonne Strahovski, J.K. Simmons",A family man is drafted to fight in a future war where the fate of humanity relies on his ability to confront the past.,English,United States,8 nominations,6.6,52.0,6.6,233714.0,
Scary Movie 3,2003.0,PG-13,2003-10-24,84.0,Comedy,David Zucker,"Craig Mazin, Pat Proft, Shawn Wayans","Anna Faris, Charlie Sheen, Regina Hall","Cindy must investigate mysterious crop circles and video tapes, and help the President in preventing an alien invasion.",English,"United States, Canada",2 wins & 4 nominations,5.6,35.0,5.6,161252.0,110003217.0
The Forge,2024.0,PG,2024-08-23,124.0,"Drama, Family",Alex Kendrick,"Alex Kendrick, Stephen Kendrick","Cameron Arnett, Priscilla C. Shirer, Aspen Kennedy","After graduating from high school without any plans for the future, Isaiah receives a push to start making better life decisions.",English,United States,N/A,6.4,69.0,6.4,2180.0,28898302.0
Apocalypto,2006.0,R,2006-12-08,139.0,"Action, Adventure, Drama",Mel Gibson,"Mel Gibson, Farhad Safinia","Gerardo Taracena, Raoul Max Trujillo, Dalia Hernández","As the Mayan kingdom faces its decline, a young man is taken on a perilous journey to a world ruled by fear and oppression.","Maya, English","United States, Mexico",Nominated for 3 Oscars. 9 wins & 23 nominations total,7.8,65.0,7.8,336742.0,50866635.0
The Princess Diaries,2001.0,G,2001-08-03,115.0,"Comedy, Family, Romance",Garry Marshall,"Meg Cabot, Gina Wendkos","Julie Andrews, Anne Hathaway, Hector Elizondo","Mia Thermopolis has just found out that she is the heir apparent to the throne of Genovia. With her friends Lilly and Michael Moscovitz in tow, she tries to navigate through the rest of her sixteenth year.","English, Dutch, Italian","United States, United Kingdom",3 wins & 11 nominations,6.4,49.0,6.4,168760.0,108248956.0
Legend,2015.0,R,2015-11-20,132.0,"Biography, Crime, Drama",Brian Helgeland,"Brian Helgeland, John Pearson","Tom Hardy, Emily Browning, Taron Egerton",Identical twin gangsters Ronald and Reginald Kray terrorize London during the 1960s.,English,"United Kingdom, France, United States",6 wins & 12 nominations,6.9,60.0,6.9,208642.0,1872994.0
The Girl Next Door,2004.0,R,2004-04-09,109.0,"Comedy, Drama, Romance",Luke Greenfield,"David Wagner, Brent Goldberg, Stuart Blumberg","Emile Hirsch, Nicholas Downs, Elisha Cuthbert",A teenager's dreams come true when a former porn star moves in next door and they fall in love.,English,United States,2 wins & 4 nominations,6.7,56.0,6.7,245094.0,14589444.0
House of Ga'a,2024.0,TV-MA,2024-07-26,119.0,"Biography, Drama, History",Bolanle Austen-Peters,Tunde Babalola,"Femi Branch, Mike Afolarin, Funke Akindele","A ruthless Prime Minister desperate for revenge ferociously rises to power, stopping at nothing to become more powerful than the kings he served.",English,Nigeria,N/A,3.8,,3.8,460.0,
Fifty Shades Darker,2017.0,R,2017-02-10,118.0,"Drama, Mystery, Romance",James Foley,"Niall Leonard, E.L. James","Dakota Johnson, Jamie Dornan, Eric Johnson","While Christian wrestles with his inner demons, Anastasia must confront the anger and envy of the women who came before her.",English,"United States, China, Japan",3 wins & 13 nominations,4.6,11.0,4.6,114292.0,114581250.0
Star Wars: The Last Jedi,2008.0,N/A,2008-09-16,3.0,"Short, Action, Fantasy",N/A,N/A,Taylor Clark,Two kids fight with light sabers around the house.,English,United States,N/A,7.1,,7.1,157.0,
Birdman or (The Unexpected Virtue of Ignorance),2014.0,R,2014-11-14,119.0,"Comedy, Drama",Alejandro G. Iñárritu,"Alejandro G. Iñárritu, Nicolás Giacobone, Alexander Dinelaris","Michael Keaton, Zach Galifianakis, Edward Norton","A washed-up superhero actor attempts to revive his fading career by writing, directing, and starring in a Broadway production.",English,United States,Won 4 Oscars. 192 wins & 294 nominations total,7.7,91.0,7.7,674508.0,42340598.0
The Family Plan,2023.0,PG-13,2023-12-15,118.0,"Action, Comedy",Simon Cellan Jones,David Coggeshall,"Mark Wahlberg, Michelle Monaghan, Ciarán Hinds",A former top assassin living incognito as a suburban dad must take his unsuspecting family on the run when his past catches up to him.,"English, French, German, Swedish",United States,1 nomination,6.3,27.0,6.3,48550.0,
Rebel Moon - Part Two: The Scargiver,2024.0,PG-13,2024-04-19,122.0,"Action, Adventure, Drama",Zack Snyder,"Zack Snyder, Kurt Johnstad, Shay Hatten","Sofia Boutella, Djimon Hounsou, Ed Skrein","Kora and surviving warriors prepare to defend Veldt, their new home, alongside its people against the Realm. The warriors face their pasts, revealing their motivations before the Realm's forces arrive to crush the growing rebellion.",English,United States,1 win,5.3,,5.3,54460.0,
Jennifer's Body,2009.0,R,2009-09-18,102.0,"Comedy, Horror",Karyn Kusama,Diablo Cody,"Megan Fox, Amanda Seyfried, Adam Brody",A newly-possessed high-school cheerleader turns into a succubus who specializes in killing her male classmates. Can her best friend put an end to the horror?,"English, Spanish","United States, Canada",3 wins & 4 nominations,5.5,46.0,5.5,156351.0,16204793.0
The Mummy,1999.0,PG-13,1999-05-07,124.0,"Action, Adventure, Fantasy",Stephen Sommers,"Stephen Sommers, Lloyd Fonvielle, Kevin Jarre","Brendan Fraser, Rachel Weisz, John Hannah","At an archaeological dig in the ancient city of Hamunaptra, an American serving in the French Foreign Legion accidentally awakens a mummy who begins to wreak havoc as he searches for the reincarnation of his long-lost love.","English, Egyptian (Ancient), Arabic, Chinese, Hebrew, Hungarian",United States,Nominated for 1 Oscar. 5 wins & 24 nominations total,7.1,62.0,7.1,473025.0,157095368.0
Wrong Turn,2003.0,R,2003-05-30,84.0,"Horror, Thriller",Rob Schmidt,Alan B. McElroy,"Eliza Dushku, Jeremy Sisto, Emmanuelle Chriqui","Chris and a group of five friends are left stranded deep in the middle of the woods after their cars collide. As they venture deeper into the woods, they face an uncertain and bloodcurdling fate.",English,"Germany, United States",3 nominations,6.1,41.0,6.1,134705.0,15418790.0
Shrek Forever After,2010.0,PG,2010-06-18,93.0,"Animation, Adventure, Comedy",Mike Mitchell,"Josh Klausner, Darren Lemke, William Steig","Mike Myers, Cameron Diaz, Eddie Murphy",Rumpelstiltskin tricks a mid-life crisis burdened Shrek into allowing himself to be erased from existence and cast in a dark alternate timeline where Rumpelstiltskin rules supreme.,English,"United States, France",1 win & 13 nominations,6.3,58.0,6.3,230039.0,238736787.0
Tron: Legacy,2010.0,PG,2010-12-17,125.0,"Action, Adventure, Sci-Fi",Joseph Kosinski,"Edward Kitsis, Adam Horowitz, Brian Klugman","Jeff Bridges, Garrett Hedlund, Olivia Wilde",The son of a virtual world designer goes looking for his father and ends up inside the digital world that his father designed. He meets his father's corrupted creation and a unique ally who was born inside the digital world.,English,"United States, India, United Kingdom, Mexico, Japan, Canada",Nominated for 1 Oscar. 10 wins & 52 nominations total,6.8,51.0,6.8,360183.0,172062763.0
Nobody,2021.0,R,2021-03-26,92.0,"Action, Crime, Drama",Ilya Naishuller,Derek Kolstad,"Bob Odenkirk, Aleksey Serebryakov, Connie Nielsen","A docile family man slowly reveals his true character after his house gets burgled by two petty thieves, which, coincidentally, leads him into a bloody war with a Russian crime boss.","English, Russian, Spanish","United States, Japan, China",5 wins & 18 nominations,7.4,84.0,7.4,337808.0,27568035.0
Django Unchained,2012.0,R,2012-12-25,165.0,"Comedy, Drama, Western",Quentin Tarantino,Quentin Tarantino,"Jamie Foxx, Christoph Waltz, Leonardo DiCaprio","With the help of a German bounty-hunter, a freed slave sets out to rescue his wife from a brutal plantation owner in Mississippi.","English, German, French, Italian",United States,Won 2 Oscars. 58 wins & 158 nominations total,8.5,87.0,8.5,1742451.0,162805434.0
WALL·E,2008.0,G,2008-06-29,98.0,"Animation, Adventure, Family",Andrew Stanton,"Andrew Stanton, Pete Docter, Jim Reardon","Ben Burtt, Elissa Knight, Jeff Garlin","A robot who is responsible for cleaning a waste-covered Earth meets another robot and falls in love with her. Together, they set out on a journey that will alter the fate of mankind.",English,"United States, Japan",Won 1 Oscar. 96 wins & 95 nominations total,8.4,95.0,8.4,1226415.0,223808164.0
Ice Age: Dawn of the Dinosaurs,2009.0,PG,2009-07-01,94.0,"Animation, Adventure, Comedy","Carlos Saldanha, Michael Thurmeier","Michael Berg, Peter Ackerman, Mike Reiss","Ray Romano, John Leguizamo, Denis Leary","When Sid's attempt to adopt three dinosaur eggs gets him abducted by their real mother to an underground lost world, his friends attempt to rescue him.",English,"United States, United Kingdom, Canada",3 wins & 13 nominations,6.9,46.0,6.9,270515.0,196573705.0
The Jungle Book,2016.0,PG,2016-04-15,106.0,"Animation, Action, Adventure",Jon Favreau,"Justin Marks, Rudyard Kipling","Neel Sethi, Bill Murray, Ben Kingsley","After a threat from the tiger Shere Khan forces him to flee the jungle, a man-cub named Mowgli embarks on a journey of self discovery with the help of panther Bagheera and free-spirited bear Baloo.",English,"United Kingdom, United States, New Zealand, France, Canada, India",Won 1 Oscar. 33 wins & 56 nominations total,7.4,94.0,7.4,295251.0,364001123.0
Rush Hour,1998.0,PG-13,1998-09-18,98.0,"Action, Comedy, Crime",Brett Ratner,"Ross LaManna, Jim Kouf","Jackie Chan, Chris Tucker, Ken Leung","A loyal and dedicated Hong Kong Inspector teams up with a reckless and loudmouthed L.A.P.D. detective to rescue the Chinese Consul's kidnapped daughter, while trying to arrest a dangerous crime lord along the way.","English, Cantonese, Mandarin, Japanese, Chinese",United States,6 wins & 9 nominations,7.0,62.0,7.0,303215.0,141186864.0
Justice League,2017.0,PG-13,2017-11-17,120.0,"Action, Adventure, Fantasy",Zack Snyder,"Jerry Siegel, Joe Shuster, Chris Terrio","Ben Affleck, Gal Gadot, Jason Momoa","Steppenwolf and his Parademons return after eons to capture Earth. However, Batman seeks the help of Wonder Woman to recruit and assemble Flash, Cyborg and Aquaman to fight the powerful new enemy.","English, Irish Gaelic, Russian, Icelandic","United States, Canada, United Kingdom",2 wins & 15 nominations,6.1,39.0,6.1,484587.0,229024295.0
Insidious: The Red Door,2023.0,PG-13,2023-07-07,107.0,"Horror, Mystery, Thriller",Patrick Wilson,"Leigh Whannell, Scott Teems","Ty Simpkins, Patrick Wilson, Rose Byrne",The Lamberts must go deeper into The Further than ever before to put their demons to rest once and for all.,English,"United States, Canada",2 nominations,5.5,40.0,5.5,54718.0,82156962.0
Planet of the Apes,2001.0,PG-13,2001-07-27,120.0,"Action, Adventure, Sci-Fi",Tim Burton,"Pierre Boulle, William Broyles Jr., Lawrence Konner","Mark Wahlberg, Helena Bonham Carter, Tim Roth","In 2029, an Air Force astronaut crash-lands on a mysterious planet where evolved, talking apes dominate a race of primitive humans.",English,United States,Nominated for 2 BAFTA 11 wins & 32 nominations total,5.7,43.0,5.7,236073.0,180011740.0
A Quiet Place Part II,2020.0,PG-13,2021-05-28,97.0,"Drama, Horror, Sci-Fi",John Krasinski,"John Krasinski, Bryan Woods, Scott Beck","Emily Blunt, Millicent Simmonds, Cillian Murphy","Following the events at home, the Abbott family now face the terrors of the outside world. Forced to venture into the unknown, they realize the creatures that hunt by sound are not the only threats lurking beyond the sand path.","English, American Sign ",United States,Nominated for 1 BAFTA Award14 wins & 44 nominations total,7.2,91.0,7.2,291569.0,160072261.0
X,2022.0,R,2022-03-18,105.0,"Horror, Mystery, Thriller",Ti West,Ti West,"Mia Goth, Jenna Ortega, Brittany Snow","In 1979, a group of young filmmakers set out to make an adult film in a rural Texas farm, but when their reclusive, elderly hosts catch them in the act, the crew find themselves fighting for their lives.",English,United States,4 wins & 49 nominations,6.5,94.0,6.5,191638.0,11765309.0
Halloween Ends,2022.0,R,2022-10-14,111.0,"Drama, Horror, Mystery",David Gordon Green,"John Carpenter, Debra Hill, Paul Brad Logan","Jamie Lee Curtis, Andi Matichak, James Jude Courtney","The plot follows the outcast Corey Cunningham who falls in love with Laurie Strode's granddaughter while a series of events, including crossing paths with Michael Myers, drives him to become a serial killer.",English,United States,3 wins & 21 nominations,5.0,40.0,5.0,76298.0,64079860.0
Elvis,2022.0,PG-13,2022-06-24,159.0,"Biography, Drama, Music",Baz Luhrmann,"Baz Luhrmann, Sam Bromell, Craig Pearce","Tom Hanks, Austin Butler, Olivia DeJonge","The life of American music icon Elvis Presley, from his childhood to becoming a rock and movie star in the 1950s while maintaining a complex relationship with his manager, Colonel Tom Parker.",English,"United States, Australia",Nominated for 8 Oscars. 93 wins & 233 nominations total,7.3,77.0,7.3,243519.0,151040048.0
Predators,2010.0,R,2010-07-09,107.0,"Action, Adventure, Sci-Fi",Nimród Antal,"Alex Litvak, Michael Finch, Jim Thomas","Adrien Brody, Laurence Fishburne, Topher Grace",A group of elite warriors parachute into an unfamiliar jungle and are hunted by members of a merciless alien race.,"English, Spanish, Russian",United States,2 wins & 4 nominations,6.4,65.0,6.4,248479.0,52000688.0
Bumblebee,2018.0,PG-13,2018-12-21,114.0,"Action, Adventure, Sci-Fi",Travis Knight,Christina Hodson,"Hailee Steinfeld, Jorge Lendeborg Jr., John Cena","On the run in the year 1987, Bumblebee finds refuge in a junkyard in a small California beach town. On the cusp of turning 18 and trying to find her place in the world, Charlie Watson discovers Bumblebee, battle-scarred and broken.",English,"United States, China",2 wins & 13 nominations,6.7,91.0,6.7,193420.0,127195589.0
The Intern,2015.0,PG-13,2015-09-25,121.0,"Comedy, Drama",Nancy Meyers,Nancy Meyers,"Robert De Niro, Anne Hathaway, Rene Russo","Seventy-year-old widower Ben Whittaker has discovered that retirement isn't all it's cracked up to be. Seizing an opportunity to get back in the game, he becomes a senior intern at an online fashion site, founded and run by Jules ...","English, Japanese",United States,1 win & 9 nominations,7.1,60.0,7.1,284896.0,75764672.0
Batman Begins,2005.0,PG-13,2005-06-15,140.0,"Action, Crime, Drama",Christopher Nolan,"Bob Kane, David S. Goyer, Christopher Nolan","Christian Bale, Michael Caine, Ken Watanabe","After witnessing his parents' death, Bruce learns the art of fighting to confront injustice. When he returns to Gotham as Batman, he must stop a secret society that intends to destroy the city.","English, Mandarin","United States, United Kingdom",Nominated for 1 Oscar. 15 wins & 79 nominations total,8.2,85.0,8.2,1613697.0,206863479.0
Thelma the Unicorn,2024.0,PG,2024-05-17,93.0,"Animation, Adventure, Comedy","Jared Hess, Lynn Wang","Jared Hess, Jerusha Hess, Aaron Blabey","Brittany Howard, Will Forte, Jon Heder","When a rare pink and glitter-filled moment of fate makes Thelma the Pony's wish of being a unicorn come true, she rises to instant international pop-superstar stardom, but at an unexpected cost.",English,"Canada, United States",1 win,5.8,63.0,5.8,2532.0,
Virgo,2024.0,N/A,2024-10-18,87.0,Horror,Jakob Ivar Ekvall,Jakob Ivar Ekvall,"Inez Micaella Andersson, Victor Iván, Wilma G. Sand","The young punk band ""The Rasperries"" is touring Sweden in a worn-out van. Along the way, they meet Ava, a charming and intense goth girl who offers them an after-party - while pursuing a dark agenda of her own.",Swedish,Sweden,N/A,7.0,,7.0,35.0,
Fall,2022.0,PG-13,2022-08-12,107.0,"Action, Thriller",Scott Mann,"Jonathan Frank, Scott Mann","Grace Caroline Currey, Virginia Gardner, Mason Gooding","When a high-rise climb goes wrong, best friends Becky and Hunter find themselves stuck at the top of a 2,000-foot TV tower.",English,"United Kingdom, United States",4 nominations,6.4,79.0,6.4,114610.0,7240521.0
Luca,2021.0,PG,2021-06-18,95.0,"Animation, Adventure, Comedy",Enrico Casarosa,"Enrico Casarosa, Jesse Andrews, Simon Stephenson","Jacob Tremblay, Jack Dylan Grazer, Emma Berman","On the Italian Riviera, an unlikely but strong friendship grows between a human being and a sea monster disguised as a human.","English, Italian",United States,Nominated for 1 Oscar. 6 wins & 83 nominations total,7.4,91.0,7.4,202404.0,1324302.0
Operation Fortune: Ruse de Guerre,2023.0,R,2023-03-03,114.0,"Action, Comedy, Thriller",Guy Ritchie,"Guy Ritchie, Ivan Atkinson, Marn Davies","Jason Statham, Aubrey Plaza, Cary Elwes",Special agent Orson Fortune and his team of operatives recruit one of Hollywood's biggest movie stars to help them on an undercover mission when the sale of a deadly new weapons technology threatens to disrupt the world order.,"English, Japanese, Spanish, Turkish, Ukrainian, Hebrew","United Kingdom, United States, China, Indonesia, Turkey",N/A,6.3,51.0,6.3,94881.0,6496125.0
The Truman Show,1998.0,PG,1998-06-05,103.0,"Comedy, Drama",Peter Weir,Andrew Niccol,"Jim Carrey, Ed Harris, Laura Linney",An insurance salesman discovers his whole life is actually a reality TV show.,English,United States,Nominated for 3 Oscars. 40 wins & 69 nominations total,8.2,94.0,8.2,1234214.0,125618201.0
Caddo Lake,2024.0,PG-13,2024-10-10,99.0,"Drama, Mystery, Thriller","Logan George, Celine Held","Celine Held, Logan George","Dylan O'Brien, Eliza Scanlen, Caroline Falk","When an 8-year-old girl disappears on Caddo Lake, a series of past deaths and disappearances begin to link together, altering a broken family's history.",English,United States,N/A,6.9,78.0,6.9,27508.0,
The Equalizer 2,2018.0,R,2018-07-20,121.0,"Action, Crime, Thriller",Antoine Fuqua,"Richard Wenk, Michael Sloan, Richard Lindheim","Denzel Washington, Pedro Pascal, Ashton Sanders","Robert McCall serves an unflinching justice for the exploited and oppressed, but how far will he go when that is someone he loves?","English, French, Turkish, Hebrew, Arabic, Spanish",United States,1 win & 4 nominations,6.7,52.0,6.7,206216.0,102084362.0
The Mummy Returns,2001.0,PG-13,2001-05-04,130.0,"Action, Adventure, Fantasy",Stephen Sommers,Stephen Sommers,"Brendan Fraser, Rachel Weisz, John Hannah","The mummified body of Imhotep is shipped to a museum in London, where he once again wakes and begins his campaign of rage and terror.","English, Arabic","United States, Morocco, United Kingdom, Jordan",6 wins & 19 nominations,6.4,46.0,6.4,351774.0,202019785.0
Snack Shack,2024.0,R,2024-04-02,112.0,Comedy,Adam Rehmeier,Adam Rehmeier,"Conor Sherry, Gabriel LaBelle, Mika Abdalla","Nebraska City, 1991, two best friends get the chance to run the swimming pool snack shack, that later comes to be the perfect scenario for transgression, fun, personal discovery and romance.",English,United States,1 nomination,7.0,81.0,7.0,7871.0,455708.0
The Hateful Eight,2015.0,R,2015-12-30,168.0,"Crime, Drama, Mystery",Quentin Tarantino,Quentin Tarantino,"Samuel L. Jackson, Kurt Russell, Jennifer Jason Leigh","In the dead of a Wyoming winter, a bounty hunter and his prisoner find shelter in a cabin currently inhabited by a collection of nefarious characters.","English, Spanish, French, Persian",United States,Won 1 Oscar. 46 wins & 116 nominations total,7.8,74.0,7.8,675621.0,54117416.0
Matilda,1996.0,PG,1996-08-02,98.0,"Comedy, Family, Fantasy",Danny DeVito,"Roald Dahl, Nicholas Kazan, Robin Swicord","Danny DeVito, Rhea Perlman, Mara Wilson",A girl gifted with a keen intellect and psychic powers uses both to get even with her callous family and free her kindly schoolteacher from the tyrannical grip of a sadistic headmistress.,English,United States,3 wins & 7 nominations,7.0,92.0,7.0,180728.0,33459416.0
,,,,,,,,,,,,,,,,,
Edge of Tomorrow,2014.0,PG-13,2014-06-06,113.0,"Action, Adventure, Sci-Fi",Doug Liman,"Christopher McQuarrie, Jez Butterworth, John-Henry Butterworth","Tom Cruise, Emily Blunt, Bill Paxton","A soldier fighting aliens gets to relive the same day over and over again, the day restarting every time he dies.",English,"United States, Canada, India",11 wins & 38 nominations,7.9,91.0,7.9,756979.0,100206256.0
Paradox Effect,2024.0,N/A,2024-09-24,87.0,Action,Scott Weintrob,"Samuel Bartlett, Ferdinando Dell'Omo, Andrea Iervolino","Olga Kurylenko, Harvey Keitel, Oliver Trevena","An ex junkie witnesses a murder. She is forced to cooperate with the killer to save her daughter's life. She must fight time, the police and criminal underworld to save the only person who means something to her.",N/A,United States,2 wins,5.8,,5.8,6149.0,
The Princess and the Frog,2009.0,G,2009-12-11,97.0,"Animation, Adventure, Comedy","Ron Clements, John Musker","Ron Clements, John Musker, Greg Erb","Anika Noni Rose, Keith David, Oprah Winfrey","A waitress desperate to fulfill her dreams as a restaurant owner is set on a journey to turn a frog prince back into a human, but she has to face the same problem after she kisses him.","English, French","United States, Brazil, Canada",Nominated for 3 Oscars. 10 wins & 42 nominations total,7.2,85.0,7.2,172620.0,104400899.0
The Parent Trap,1998.0,PG,1998-07-29,128.0,"Adventure, Comedy, Drama",Nancy Meyers,"Erich Kästner, David Swift, Nancy Meyers","Lindsay Lohan, Dennis Quaid, Natasha Richardson","Identical twins Annie and Hallie, separated at birth and each raised by one of their biological parents, discover each other for the first time at summer camp and make a plan to bring their wayward parents back together.","English, French","United States, United Kingdom",2 wins & 7 nominations,6.7,87.0,6.7,159402.0,66308518.0
The Shack,2017.0,PG-13,2017-03-03,132.0,"Drama, Fantasy",Stuart Hazeldine,"John Fusco, Andrew Lanham, Destin Daniel Cretton","Sam Worthington, Octavia Spencer, Tim McGraw","A grieving man receives a mysterious, personal invitation to meet with God at a place called ""The Shack.""",English,"United States, Canada, Hong Kong",3 wins & 2 nominations,6.3,20.0,6.3,40093.0,57386418.0
Blue Beetle,2023.0,PG-13,2023-08-18,127.0,"Action, Adventure, Sci-Fi",Angel Manuel Soto,Gareth Dunnet-Alcocer,"Xolo Maridueña, Bruna Marquezine, Becky G","An alien scarab chooses Jaime Reyes to be its symbiotic host, bestowing the recent college graduate with a suit of armor that's capable of extraordinary powers, forever changing his destiny as he becomes the superhero known as Blu...","English, Spanish, Portuguese","United States, Mexico, Canada, Germany",3 wins & 12 nominations,5.9,77.0,5.9,102998.0,72488072.0
V/H/S/Beyond,2024.0,N/A,2024-10-04,114.0,Horror,"Jay Cheel, Jordan Downey, Christian Long","Evan Dickson, Jordan Downey, Mike Flanagan","Phillip Andre Botello, Jolene Andersen, Tyler Andrews","Six bloodcurdling tapes unleash horror in a sci-fi inspired hellscape, pushing the boundaries of fear and suspense.",English,United States,N/A,6.3,89.0,6.3,199.0,
Trolls Band Together,2023.0,PG,2023-11-17,91.0,"Animation, Adventure, Comedy","Walt Dohrn, Tim Heitz","Elizabeth Tippet, Thomas Dam","Anna Kendrick, Justin Timberlake, Kenan Thompson","Poppy discovers that Branch was once part of the boy band 'BroZone' with his brothers, Floyd, John Dory, Spruce and Clay. When Floyd is kidnapped, Branch and Poppy embark on a journey to reunite his two other brothers and rescue F...","English, Spanish","United States, United Kingdom",5 wins & 6 nominations,6.0,64.0,6.0,16941.0,102996915.0
Annabelle Comes Home,2019.0,R,2019-06-26,106.0,"Horror, Mystery, Thriller",Gary Dauberman,"Gary Dauberman, James Wan","Vera Farmiga, Patrick Wilson, Mckenna Grace","While babysitting the daughter of Ed and Lorraine Warren, a teenager and her friend unknowingly awaken an evil spirit trapped in a doll.",English,United States,2 nominations,5.9,64.0,5.9,90668.0,74152591.0
A Quiet Place,2018.0,PG-13,2018-04-06,90.0,"Drama, Horror, Sci-Fi",John Krasinski,"Bryan Woods, Scott Beck, John Krasinski","Emily Blunt, John Krasinski, Millicent Simmonds",A family struggles for survival in a world invaded by alien creatures with ultra-sensitive hearing.,"American Sign , English",United States,Nominated for 1 Oscar. 38 wins & 129 nominations total,7.5,96.0,7.5,612972.0,188024361.0
The Hunchback of Notre Dame,1996.0,G,1996-06-21,91.0,"Animation, Drama, Family","Gary Trousdale, Kirk Wise","Tab Murphy, Victor Hugo, Irene Mecchi","Demi Moore, Jason Alexander, Mary Kay Bergman","A deformed bell-ringer must assert his independence from a vicious government minister in order to help his friend, a gypsy dancer.","English, Latin",United States,Nominated for 1 Oscar. 8 wins & 26 nominations total,7.0,72.0,7.0,174800.0,100138851.0
The Nun,2018.0,R,2018-09-07,96.0,"Horror, Mystery, Thriller",Corin Hardy,"Gary Dauberman, James Wan","Demián Bichir, Taissa Farmiga, Jonas Bloquet",A priest with a haunted past and a novice on the threshold of her final vows are sent by the Vatican to investigate the death of a young nun in Romania and confront a malevolent force in the form of a demonic nun.,"English, French, Romanian, Latin",United States,2 wins & 1 nomination,5.3,24.0,5.3,177355.0,117481222.0
One Fast Move,2024.0,R,2024-08-08,108.0,Action,Kelly Blatz,Kelly Blatz,"KJ Apa, Eric Dane, Maia Reficco","A young man seeks out his estranged father to pursue his dream of becoming a professional motorcycle racer. With help from his love interest and a motorcycle shop owner, he begins to break down the walls his father's absence had c...",English,United States,N/A,5.0,60.0,5.0,1971.0,
Five Feet Apart,2019.0,PG-13,2019-03-15,116.0,"Drama, Romance",Justin Baldoni,"Mikki Daughtry, Tobias Iaconis","Haley Lu Richardson, Cole Sprouse, Moises Arias","Stella spends most of her time in the hospital as a cystic fibrosis patient. Her life is full of routines, boundaries and self-control -- all of which get put to the test when she meets Will, a charming boy who has the same illness.","English, French",United States,3 wins & 8 nominations,7.2,52.0,7.2,87379.0,45729221.0
Wrong Turn 5: Bloodlines,2012.0,R,2013-02-22,91.0,"Adventure, Horror",Declan O'Brien,"Declan O'Brien, Alan B. McElroy (characters created by)","Doug Bradley, Camilla Arfwedson, Simon Ginty, Roxanne McKee","A group of college students, on a trip to the Mountain Man Festival on Halloween in West Virginia, encounter a clan of cannibals.",English,"USA, Bulgaria",N/A,4.1,,4.1,18978.0,
A Man Called Otto,2022.0,PG-13,2023-01-13,126.0,"Comedy, Drama",Marc Forster,"Fredrik Backman, Hannes Holm, David Magee","Tom Hanks, Mariana Treviño, Rachel Keller","Otto is a grump who's given up on life following the loss of his wife and wants to end it all. When a young family moves in nearby, he meets his match in quick-witted Marisol, leading to a friendship that will turn his world around.","English, Spanish","United States, Sweden, Canada, Ireland, United Kingdom",1 win & 8 nominations,7.5,70.0,7.5,175753.0,64267657.0
Ghostbusters: Afterlife,2021.0,PG-13,2021-11-19,124.0,"Adventure, Comedy, Fantasy",Jason Reitman,"Gil Kenan, Jason Reitman, Ivan Reitman","Carrie Coon, Paul Rudd, Finn Wolfhard","When a single mom and her two kids arrive in a small town, they begin to discover their connection to the original Ghostbusters and the secret legacy their grandfather left behind.",English,"United States, Canada",Nominated for 1 BAFTA Award1 win & 21 nominations total,7.0,64.0,7.0,227874.0,129360575.0
The Predator,2018.0,R,2018-09-14,107.0,"Action, Adventure, Sci-Fi",Shane Black,"Fred Dekker, Shane Black, Jim Thomas","Boyd Holbrook, Trevante Rhodes, Jacob Tremblay","When a young boy accidentally triggers the universe's most lethal hunters' return to Earth, only a ragtag crew of ex-soldiers and a disgruntled scientist can prevent the end of the human race.","English, Spanish","Canada, United States, United Kingdom, India, Australia, Brazil, China",1 win & 8 nominations,5.3,34.0,5.3,149476.0,51024708.0
Bad Boys for Life,2020.0,R,2020-01-17,124.0,"Action, Comedy, Crime","Adil El Arbi, Bilall Fallah","Peter Craig, Joe Carnahan, Chris Bremner","Will Smith, Martin Lawrence, Vanessa Hudgens",Miami detectives Mike Lowrey and Marcus Burnett must face off against a mother-and-son pair of drug lords who wreak vengeful havoc on their city.,"English, Spanish",United States,3 wins & 15 nominations,6.5,76.0,6.5,186268.0,206305244.0
Horizon: An American Saga - Chapter 1,2024.0,R,2024-06-28,181.0,"Drama, Western",Kevin Costner,"Jon Baird, Kevin Costner, Mark Kasdan","Kevin Costner, Sienna Miller, Sam Worthington","Chronicles a multi-faceted, 15-year span of pre-and post-Civil War expansion and settlement of the American west.",English,United States,N/A,6.7,51.0,6.7,28656.0,29035702.0
Hidden Figures,2016.0,PG,2017-01-06,127.0,"Biography, Drama, History",Theodore Melfi,"Allison Schroeder, Theodore Melfi, Margot Lee Shetterly","Taraji P. Henson, Octavia Spencer, Janelle Monáe","Three female African-American mathematicians play a pivotal role in astronaut John Glenn's launch into orbit. Meanwhile, they also have to deal with racial and gender discrimination at work.",English,United States,Nominated for 3 Oscars. 37 wins & 94 nominations total,7.8,93.0,7.8,262111.0,169607287.0
Pirates of the Caribbean: Dead Men Tell No Tales,2017.0,PG-13,2017-05-26,129.0,"Action, Adventure, Fantasy","Joachim Rønning, Espen Sandberg","Jeff Nathanson, Terry Rossio, Ted Elliott","Johnny Depp, Geoffrey Rush, Javier Bardem",Captain Jack Sparrow searches for the Trident of Poseidon to rule the sea while being pursued by old rival Captain Salazar and a crew of deadly ghosts who have escaped from the Devil's Triangle.,"English, Spanish","United States, Australia, United Kingdom, Canada",1 win & 14 nominations,6.5,30.0,6.5,355395.0,172558876.0
Retribution,2023.0,R,2023-08-25,91.0,"Action, Thriller",Nimród Antal,"Alberto Marini, Christopher Salmanpour","Liam Neeson, Noma Dumezweni, Lilly Aspell",A bank executive receives a bomb threat while driving his children to school that his car will explode if they stop and get out.,"English, German","France, Germany, Spain, United States, Canada",1 nomination,5.3,30.0,5.3,23817.0,6937696.0
Aliens,1986.0,R,1986-07-18,137.0,"Action, Adventure, Sci-Fi",James Cameron,"James Cameron, David Giler, Walter Hill","Sigourney Weaver, Michael Biehn, Carrie Henn","Decades after surviving the Nostromo incident, Ellen Ripley is sent out to re-establish contact with a terraforming colony but finds herself battling the Alien Queen and her offspring.","English, Spanish","United Kingdom, United States",Won 2 Oscars. 20 wins & 25 nominations total,8.4,94.0,8.4,791744.0,85160248.0
War of the Worlds,2005.0,PG-13,2005-06-29,117.0,"Action, Adventure, Sci-Fi",Steven Spielberg,"Josh Friedman, David Koepp, H.G. Wells","Tom Cruise, Dakota Fanning, Tim Robbins",An alien invasion threatens the future of humanity. The catastrophic nightmare is depicted through the eyes of one American family fighting for survival.,English,"United States, Japan, North Korea",Nominated for 3 Oscars. 16 wins & 49 nominations total,6.5,76.0,6.5,483366.0,234280354.0
Shazam!,2019.0,PG-13,2019-04-05,132.0,"Action, Adventure, Comedy",David F. Sandberg,"Henry Gayden, Darren Lemke, Bill Parker","Zachary Levi, Mark Strong, Asher Angel",A newly fostered young boy in search of his mother instead finds unexpected super powers and soon gains a powerful enemy.,"English, Spanish","United States, Canada",27 nominations,7.0,90.0,7.0,391917.0,140480049.0
xXx: Return of Xander Cage,2017.0,PG-13,2017-01-20,107.0,"Action, Adventure, Thriller",D.J. Caruso,"Rich Wilkes, F. Scott Frazier","Vin Diesel, Donnie Yen, Deepika Padukone","Xander Cage is left for dead after an incident, though he secretly returns to action for a new, tough assignment with his handler Augustus Gibbons.","English, Spanish, Portuguese, Mandarin, Tagalog, Russian","China, Canada, United States",2 wins & 7 nominations,5.2,46.0,5.2,98321.0,44898413.0
MaXXXine,2024.0,R,2024-07-05,103.0,"Crime, Horror",Ti West,Ti West,"Charley Rowan McCain, Simon Prast, Mia Goth","In 1980s Hollywood, adult film star and aspiring actress Maxine Minx finally gets her big break. But as a mysterious killer stalks the starlets of Hollywood, a trail of blood threatens to reveal her sinister past.",English,"United States, United Kingdom, New Zealand, Finland",4 nominations,6.4,72.0,6.4,47102.0,15097632.0
The Hangover Part II,2011.0,R,2011-05-26,102.0,Comedy,Todd Phillips,"Craig Mazin, Scot Armstrong, Todd Phillips","Bradley Cooper, Zach Galifianakis, Ed Helms","Two years after the bachelor party in Las Vegas, Phil, Stu, Alan, and Doug jet to Thailand for Stu's wedding. Stu's plan for a subdued pre-wedding brunch, however, goes seriously awry.","English, Thai",United States,5 wins & 18 nominations,6.5,34.0,6.5,546024.0,254464305.0
The Gray Man,2022.0,PG-13,2022-07-22,122.0,"Action, Mystery, Thriller","Joe Russo, Anthony Russo","Joe Russo, Christopher Markus, Stephen McFeely","Ryan Gosling, Chris Evans, Ana de Armas","When the CIA's most skilled operative, whose true identity is known to none, accidentally uncovers dark agency secrets, a psychopathic former colleague puts a bounty on his head, setting off a global manhunt by international assas...",English,"United States, Czech Republic, United Kingdom, Canada, Thailand, Denmark, France, Cambodia, Vietnam",8 nominations,6.5,45.0,6.5,249701.0,
Blade Runner,1982.0,R,1982-06-25,117.0,"Action, Drama, Sci-Fi",Ridley Scott,"Hampton Fancher, David Webb Peoples, Philip K. Dick","Harrison Ford, Rutger Hauer, Sean Young",A blade runner must pursue and terminate four replicants who stole a ship in space and have returned to Earth to find their creator.,"English, German, Cantonese, Japanese, Hungarian, Arabic, Korean","United States, United Kingdom",Nominated for 2 Oscars. 13 wins & 22 nominations total,8.1,89.0,8.1,837319.0,32914489.0
Scarface,1983.0,R,1983-12-09,170.0,"Crime, Drama",Brian De Palma,"Oliver Stone, Howard Hawks, Ben Hecht","Al Pacino, Michelle Pfeiffer, Steven Bauer","Miami in the 1980s: a determined criminal-minded Cuban immigrant becomes the biggest drug smuggler in Florida, and is eventually undone by his own drug addiction.","English, Spanish",United States,8 nominations,8.3,79.0,8.3,940918.0,45967303.0
Insurgent,2024.0,N/A,2024-04-28,9.0,"Short, Western",Joe Lemieux,Joe Lemieux,"Gabrielle Rosson, Kris Salvi, Justin Thibault",N/A,English,United States,2 nominations,,,,,
Predestination,2014.0,R,2015-01-09,97.0,"Action, Drama, Sci-Fi","Michael Spierig, Peter Spierig","Michael Spierig, Peter Spierig, Robert A. Heinlein","Ethan Hawke, Sarah Snook, Noah Taylor","As his last assignment, a temporal agent is tasked to travel back in time and prevent a bomb attack in New York in 1975. The hunt, however, turns out to be beyond the bounds of possibility.",English,"Australia, United States",12 wins & 20 nominations,7.4,84.0,7.4,312253.0,68372.0
Lee,2023.0,R,2024-09-13,117.0,"Biography, Drama, History",Ellen Kuras,"Liz Hannah, Marion Hume, John Collee","Kate Winslet, Andy Samberg, Alexander Skarsgård","The story of American photographer Lee Miller, a fashion model who became an acclaimed war correspondent for Vogue magazine during World War II.","English, French","United Kingdom, United States, Australia, Singapore, Hungary",2 nominations,6.9,67.0,6.9,8578.0,1919913.0
The Prestige,2006.0,PG-13,2006-10-20,130.0,"Drama, Mystery, Sci-Fi",Christopher Nolan,"Jonathan Nolan, Christopher Nolan, Christopher Priest","Christian Bale, Hugh Jackman, Scarlett Johansson",Rival 19th-century magicians engage in a bitter battle for trade secrets.,English,"United Kingdom, United States",Nominated for 2 Oscars. 6 wins & 44 nominations total,8.5,77.0,8.5,1477853.0,53089891.0
Kung Fu Panda 3,2016.0,PG,2016-01-29,95.0,"Animation, Action, Adventure","Alessandro Carloni, Jennifer Yuh Nelson","Jonathan Aibel, Glenn Berger, Ethan Reiff","Jack Black, Bryan Cranston, Dustin Hoffman","Continuing his ""legendary adventures of awesomeness"", Po must face two hugely epic, but different threats: one supernatural and the other a little closer to home.",English,"United States, China",1 win & 10 nominations,7.1,87.0,7.1,196606.0,143528619.0
Ghostbusters: Frozen Empire,2024.0,PG-13,2024-03-22,115.0,"Adventure, Comedy, Fantasy",Gil Kenan,"Gil Kenan, Jason Reitman, Ivan Reitman","Paul Rudd, Carrie Coon, Finn Wolfhard","When the discovery of an ancient artifact unleashes an evil force, Ghostbusters new and old must join forces to protect their home and save the world from a second ice age.",English,"United States, Canada, United Kingdom",3 nominations,6.1,42.0,6.1,83879.0,113376590.0
Beauty and the Beast,1991.0,G,1991-11-22,84.0,"Animation, Family, Fantasy","Gary Trousdale, Kirk Wise","Linda Woolverton, Brenda Chapman, Chris Sanders","Paige O'Hara, Robby Benson, Jesse Corti",A prince cursed to spend his days as a hideous monster sets out to regain his humanity by earning a young woman's love.,"English, French","United States, Japan",Won 2 Oscars. 33 wins & 32 nominations total,8.0,93.0,8.0,485547.0,218967620.0
Kung Fu Games,2024.0,R,2024-09-10,98.0,Action,Ryan C Jaeger,"H. Daniel Gross, Ryan C Jaeger","Caitlin Dechelle, Mark Strange, Jade Xu","Notorious fighters are trapped in lethal martial arts games by a sadistic magnate. Armed only with their combat skills, they face brutal battles for survival in a deadly kill-or-be-killed showdown.",English,United States,N/A,3.3,,3.3,317.0,
Zombieland,2009.0,R,2009-10-02,88.0,"Action, Comedy, Horror",Ruben Fleischer,"Rhett Reese, Paul Wernick","Jesse Eisenberg, Emma Stone, Woody Harrelson","A shy student trying to reach his family in Ohio, a gun-toting bruiser in search of the last Twinkie and a pair of sisters striving to get to an amusement park join forces in a trek across a zombie-filled America.","English, Spanish, French",United States,10 wins & 29 nominations,7.5,89.0,7.5,635344.0,75590286.0
Dawn of the Planet of the Apes,2014.0,PG-13,2014-07-11,130.0,"Action, Adventure, Drama",Matt Reeves,"Mark Bomback, Rick Jaffa, Amanda Silver","Gary Oldman, Keri Russell, Andy Serkis",The fragile peace between apes and humans is threatened as mistrust and betrayal threaten to plunge both tribes into a war for dominance over the Earth.,"English, American Sign ","United States, United Kingdom, Canada",Nominated for 1 Oscar. 17 wins & 48 nominations total,7.6,91.0,7.6,492691.0,208545589.0
Nymphomaniac: Vol. II,2013.0,Not Rated,2014-03-20,124.0,Drama,Lars von Trier,Lars von Trier,"Charlotte Gainsbourg, Stellan Skarsgård, Willem Dafoe","The continuation of Joe's sexually dictated life delves into the darker aspects of her adulthood, obsessions and what led to her being in Seligman's care.",English,"Denmark, Germany, Belgium, United Kingdom, France, Sweden",14 wins & 31 nominations,6.6,58.0,6.6,99437.0,327167.0
Poor Things,2023.0,R,2024-02-27,141.0,"Comedy, Drama, Romance",Yorgos Lanthimos,"Tony McNamara, Alasdair Gray","Emma Stone, Mark Ruffalo, Willem Dafoe","An account of the fantastical evolution of Bella Baxter, a young woman brought back to life by the brilliant and unorthodox scientist Dr. Godwin Baxter.","English, French, Portuguese","Ireland, United Kingdom, United States, Hungary",Won 4 Oscars. 119 wins & 411 nominations total,7.8,93.0,7.8,312656.0,34553225.0
Leo,2023.0,Not Rated,2023-11-21,164.0,"Action, Crime, Drama",Lokesh Kanagaraj,"Lokesh Kanagaraj, Rathna Kumar, Deeraj Vaidy","Joseph Vijay, Sanjay Dutt, Trisha Krishnan","Parthiban is a mild-mannered cafe owner in Kashmir, who fends off a gang of murderous thugs and gains attention from a drug cartel claiming he was once a part of them.",Tamil,India,1 win & 11 nominations,7.2,82.0,7.2,64235.0,
,,,,,,,,,,,,,,,,,
The Sixth Sense,1999.0,PG-13,1999-08-06,107.0,"Drama, Mystery, Thriller",M. Night Shyamalan,M. Night Shyamalan,"Bruce Willis, Haley Joel Osment, Toni Collette",A child psychologist starts treating a young boy with a disturbing secret.,"English, Latin, Spanish",United States,Nominated for 6 Oscars. 37 wins & 56 nominations total,8.2,86.0,8.2,1077246.0,293506292.0
Warrior,2011.0,PG-13,2011-09-09,140.0,"Action, Drama, Sport",Gavin O'Connor,"Gavin O'Connor, Anthony Tambakis, Cliff Dorfman","Tom Hardy, Nick Nolte, Joel Edgerton","The youngest son of an alcoholic former boxer returns home, where he's trained by his father for competition in a mixed martial arts tournament - a path that puts the fighter on a collision course with his estranged, older brother.","English, Spanish",United States,Nominated for 1 Oscar. 6 wins & 22 nominations total,8.1,84.0,8.1,505843.0,13657115.0
Hitman: Agent 47,2015.0,R,2015-08-21,96.0,"Action, Adventure, Crime",Aleksander Bach,"Skip Woods, Michael Finch, Morten Iversen","Rupert Friend, Hannah Ware, Zachary Quinto",An assassin teams up with a woman to help her find her father and uncover the mysteries of her ancestry.,English,"United States, United Kingdom, Germany, Canada",2 nominations,5.7,8.0,5.7,97737.0,22467450.0
It's What's Inside,2024.0,R,2024-10-04,103.0,"Comedy, Mystery, Sci-Fi",Greg Jardin,Greg Jardin,"Brittany O'Grady, James Morosini, Gavin Leatherwood","A group of friends gather for a pre-wedding party that descends into an existential nightmare when an estranged friend arrives with a mysterious game that awakens long-hidden secrets, desires and grudges.",English,United States,N/A,6.6,,6.6,24945.0,
Late Night with the Devil,2023.0,R,2024-03-22,93.0,Horror,"Cameron Cairnes, Colin Cairnes","Colin Cairnes, Cameron Cairnes","David Dastmalchian, Laura Gordon, Ian Bliss","A live television broadcast in 1977 goes horribly wrong, unleashing evil into the nation's living rooms.",English,"Australia, United Arab Emirates, United States",6 wins & 8 nominations,7.0,97.0,7.0,96239.0,10001000.0
Leave the World Behind,2023.0,R,2023-12-08,138.0,"Drama, Mystery, Thriller",Sam Esmail,"Rumaan Alam, Sam Esmail","Julia Roberts, Mahershala Ali, Ethan Hawke","A family's getaway to a luxurious rental home takes an ominous turn when a cyberattack knocks out their devices, and two strangers appear at their door.",English,United States,1 win & 11 nominations,6.4,74.0,6.4,215261.0,
Descendants,2015.0,TV-G,2015-07-31,112.0,"Comedy, Family, Fantasy",Kenny Ortega,"Josann McGibbon, Sara Parriott","Dove Cameron, Cameron Boyce, Booboo Stewart",The teenage son of the king and queen of Auradon offers the trouble-making children of villains a chance to attend prep school in the kingdom.,English,United States,Nominated for 1 Primetime Emmy. 2 wins & 4 nominations total,6.3,90.0,6.3,27218.0,
The Twilight Saga: Eclipse,2010.0,PG-13,2010-06-30,124.0,"Action, Adventure, Drama",David Slade,"Melissa Rosenberg, Stephenie Meyer","Kristen Stewart, Robert Pattinson, Taylor Lautner","As a string of mysterious killings grips Seattle, Bella, whose high school graduation is fast approaching, is forced to choose between her love for vampire Edward and her friendship with werewolf Jacob.",English,United States,23 wins & 35 nominations,5.1,46.0,5.1,264840.0,300531751.0
Arrival,2016.0,PG-13,2016-11-11,116.0,"Drama, Mystery, Sci-Fi",Denis Villeneuve,"Eric Heisserer, Ted Chiang","Amy Adams, Jeremy Renner, Forest Whitaker","Linguist Louise Banks leads a team of investigators when gigantic spaceships touch down around the world. As nations teeter on the verge of global war, Banks and her crew must find a way to communicate with the extraterrestrial vi...","English, Mandarin, Russian","United States, Canada",Won 1 Oscar. 71 wins & 268 nominations total,7.9,94.0,7.9,794547.0,100546139.0
Léon: The Professional,1994.0,R,1994-11-18,110.0,"Action, Crime, Drama",Luc Besson,Luc Besson,"Jean Reno, Gary Oldman, Natalie Portman","12-year-old Mathilda is reluctantly taken in by Léon, a professional assassin, after her family is murdered. An unusual relationship forms as she becomes his protégée and learns the assassin's trade.","English, Italian, French","France, United States",5 wins & 16 nominations,8.5,75.0,8.5,1271727.0,19501238.0
The Hangover Part III,2013.0,R,2013-05-23,100.0,"Comedy, Crime",Todd Phillips,"Todd Phillips, Craig Mazin, Jon Lucas","Bradley Cooper, Zach Galifianakis, Ed Helms","When one of their own is kidnapped by an angry gangster, the Wolf Pack must track down Mr. Chow, who has escaped from prison and is on the run.","English, Spanish",United States,2 wins & 7 nominations,5.8,21.0,5.8,341591.0,112200072.0
Sin City: A Dame to Kill For,2014.0,R,2014-08-22,102.0,"Action, Crime, Thriller","Frank Miller, Robert Rodriguez",Frank Miller,"Mickey Rourke, Jessica Alba, Josh Brolin",Some of Sin City's most hard-boiled citizens cross paths with a few of its more reviled inhabitants.,English,"United States, United Kingdom",4 wins & 6 nominations,6.5,43.0,6.5,172527.0,13757804.0
Underworld: Blood Wars,2016.0,R,2017-01-06,91.0,"Action, Fantasy, Thriller",Anna Foerster,"Cory Goodman, Kyle Ward, Kevin Grevioux","Kate Beckinsale, Theo James, Tobias Menzies",Vampire death dealer Selene (Kate Beckinsale) fights to end the eternal war between the Lycan clan and the Vampire faction that betrayed her.,"English, Saami",United States,N/A,5.8,21.0,5.8,82335.0,30353973.0
The Hunger Games: Catching Fire,2013.0,PG-13,2013-11-22,146.0,"Action, Adventure, Sci-Fi",Francis Lawrence,"Simon Beaufoy, Michael Arndt, Suzanne Collins","Jennifer Lawrence, Josh Hutcherson, Liam Hemsworth",Katniss Everdeen and Peeta Mellark become targets of the Capitol after their victory in the 74th Hunger Games sparks a rebellion in the Districts of Panem.,English,United States,22 wins & 68 nominations,7.5,90.0,7.5,733816.0,424668047.0
Man of Steel,2013.0,PG-13,2013-06-14,143.0,"Action, Adventure, Sci-Fi",Zack Snyder,"David S. Goyer, Christopher Nolan, Jerry Siegel","Henry Cavill, Amy Adams, Michael Shannon",An alien child is evacuated from his dying world and sent to Earth to live among humans. His peace is threatened when other survivors of his home planet invade Earth.,English,"United States, United Kingdom",Nominated for 1 BAFTA Award7 wins & 46 nominations total,7.1,57.0,7.1,821920.0,291045518.0
Shutter Island,2010.0,R,2010-02-19,138.0,"Drama, Mystery, Thriller",Martin Scorsese,"Laeta Kalogridis, Dennis Lehane","Leonardo DiCaprio, Emily Mortimer, Mark Ruffalo",Two US marshals are sent to a mental institution on an inhospitable island in order to investigate the disappearance of a patient.,"English, German",United States,11 wins & 66 nominations,8.2,69.0,8.2,1499828.0,128012934.0
Lone Survivor,2013.0,R,2014-01-10,121.0,"Action, Biography, Drama",Peter Berg,"Peter Berg, Marcus Luttrell, Patrick Robinson","Mark Wahlberg, Taylor Kitsch, Emile Hirsch","Marcus Luttrell and his team set out on a mission to capture or kill notorious Taliban leader Ahmad Shah, in late June 2005. Marcus and his team are left to fight for their lives in one of the most valiant efforts of modern warfare.","English, Pashtu, Arabic","United States, United Kingdom",Nominated for 2 Oscars. 6 wins & 16 nominations total,7.5,75.0,7.5,311655.0,125095601.0
The Hunger Games: Mockingjay - Part 1,2014.0,PG-13,2014-11-21,123.0,"Action, Adventure, Sci-Fi",Francis Lawrence,"Peter Craig, Danny Strong, Suzanne Collins","Jennifer Lawrence, Josh Hutcherson, Liam Hemsworth","Katniss Everdeen is in District 13 after she shatters the games forever. Under the leadership of President Coin and the advice of her trusted friends, Katniss spreads her wings as she fights to save Peeta and a nation moved by her...",English,"United States, Canada, France",21 wins & 32 nominations,6.6,69.0,6.6,513279.0,337135885.0
The Killer,2023.0,R,2023-11-10,118.0,"Action, Adventure, Crime",David Fincher,"Alexis Nolent, Luc Jacamon, Andrew Kevin Walker","Michael Fassbender, Tilda Swinton, Charles Parnell","After a fateful near-miss, an assassin battles his employers and himself, on an international manhunt he insists isn't personal.",English,United States,2 wins & 40 nominations,6.7,85.0,6.7,198546.0,
The Proposal,2009.0,PG-13,2009-06-19,108.0,"Comedy, Drama, Romance",Anne Fletcher,Peter Chiarelli,"Sandra Bullock, Ryan Reynolds, Mary Steenburgen","When New York editor Margaret faces deportation, she convinces her assistant Andrew to marry her in return for a promotion. However, when she visits his hometown, it changes her in many ways.",English,United States,7 wins & 20 nominations,6.8,45.0,6.8,372086.0,163958031.0
Heart of Stone,2023.0,PG-13,2023-08-11,122.0,"Action, Crime, Thriller",Tom Harper,"Greg Rucka, Allison Schroeder","Gal Gadot, Jamie Dornan, Alia Bhatt",An intelligence operative for a shadowy global peacekeeping agency races to stop a hacker from stealing its most valuable and dangerous weapon.,English,United States,2 wins & 4 nominations,5.7,31.0,5.7,62663.0,
PAW Patrol: The Mighty Movie,2023.0,PG,2023-09-29,88.0,"Animation, Action, Adventure",Cal Brunker,"Cal Brunker, Bob Barlen, Shane Morris","Dan Duran, Kristen Bell, James Marsden","A magical meteor falls in Adventure City and gives the PAW Patrol superpowers, transforming them into the Mighty Pups. But they face their most powerful challenge when Humdinger teams up with a mad scientist to steal their powers.",English,"Canada, United States",1 win & 8 nominations,5.9,72.0,5.9,5518.0,65231360.0
Dungeons & Dragons: Honor Among Thieves,2023.0,PG-13,2023-03-31,134.0,"Action, Adventure, Comedy","John Francis Daley, Jonathan Goldstein","Jonathan Goldstein, John Francis Daley, Michael Gilio","Chris Pine, Michelle Rodriguez, Regé-Jean Page","A charming thief and a band of unlikely adventurers embark on an epic quest to retrieve a lost relic, but things go dangerously awry when they run afoul of the wrong people.",English,"United States, Canada, United Kingdom, Iceland, Ireland, Australia",4 wins & 19 nominations,7.2,,7.2,245548.0,93277026.0
Tarot,2024.0,PG-13,2024-05-03,92.0,Horror,"Spenser Cohen, Anna Halberg","Spenser Cohen, Anna Halberg, Nicholas Adams","Harriet Slater, Adain Bradley, Jacob Batalon","When a group of friends recklessly violates the sacred rule of Tarot readings, they unknowingly unleash an unspeakable evil trapped within the cursed cards. One by one, they come face to face with fate and end up in a race against...",English,"Serbia, United States",N/A,4.8,17.0,4.8,25307.0,18771004.0
Alita: Battle Angel,2019.0,PG-13,2019-02-14,122.0,"Action, Adventure, Sci-Fi",Robert Rodriguez,"James Cameron, Laeta Kalogridis, Yukito Kishiro","Rosa Salazar, Christoph Waltz, Jennifer Connelly","A deactivated cyborg's revived, but can't remember anything of her past and goes on a quest to find out who she is.","English, Spanish","Japan, Canada, United States",10 wins & 25 nominations,7.3,61.0,7.3,300531.0,85838210.0
The Good Dinosaur,2015.0,PG,2015-11-25,93.0,"Animation, Action, Adventure",Peter Sohn,"Bob Peterson, Peter Sohn, Erik Benson","Jeffrey Wright, Frances McDormand, Maleah Nipay-Padilla","In a world where dinosaurs and humans live side-by-side, an Apatosaurus named Arlo makes an unlikely human friend.",English,"United States, Japan",9 wins & 41 nominations,6.7,76.0,6.7,130324.0,123087120.0
Mr. Crocket,2024.0,TV-MA,2024-10-11,88.0,Horror,Brandon Espy,"Carl Reid, Brandon Espy","Jerrika Hinton, Ayden Gavin, Kristolyn Lloyd",A mother embarks on a perilous quest to rescue her son from a demonic children's show host who is kidnapping kids.,English,United States,N/A,5.4,67.0,5.4,2824.0,
,,,,,,,,,,,,,,,,,
Star Wars: The Rise of Skywalker. Poetic Version,2020.0,N/A,2020-01-14,,"Short, Action, Music",Nikolai Kurbatov,Nikolai Kurbatov,Nikolai Kurbatov,N/A,Russian,Russia,N/A,,,,,
Geostorm,2017.0,PG-13,2017-10-20,109.0,"Action, Sci-Fi, Thriller",Dean Devlin,"Dean Devlin, Paul Guyot","Gerard Butler, Jim Sturgess, Abbie Cornish","When the network of satellites designed to control the global climate starts to attack Earth, it's a race against the clock for its creator to uncover the real threat before a worldwide Geostorm wipes out everything and everyone.",English,"United States, Hong Kong, Japan, United Arab Emirates",1 win & 1 nomination,5.3,18.0,5.3,122301.0,33700160.0
Miller's Girl,2024.0,R,2024-01-26,93.0,"Comedy, Drama",Jade Halley Bartlett,Jade Halley Bartlett,"Martin Freeman, Jenna Ortega, Bashir Salahuddin",A creative writing assignment yields complex results between a teacher and his talented student.,English,United States,N/A,5.2,,5.2,18208.0,
The Instigators,2024.0,R,2024-08-09,101.0,"Action, Comedy, Crime",Doug Liman,"Chuck MacLean, Casey Affleck","Matt Damon, Casey Affleck, Hong Chau",Follows two robbers who must go on the run with the help of one of their therapists after a theft doesn't go as planned.,English,United States,N/A,6.2,40.0,6.2,31484.0,
Hit Man,2023.0,R,2024-06-07,115.0,"Comedy, Crime, Romance",Richard Linklater,"Richard Linklater, Glen Powell, Skip Hollandsworth","Glen Powell, Adria Arjona, Austin Amelio","A professor moonlighting as a hit man of sorts for his city police department, descends into dangerous, dubious territory when he finds himself attracted to a woman who enlists his services.",English,United States,1 win & 6 nominations,6.8,95.0,6.8,95747.0,
Ghostbusters,1984.0,PG,1984-06-08,105.0,"Action, Comedy, Fantasy",Ivan Reitman,"Dan Aykroyd, Harold Ramis, Rick Moranis","Bill Murray, Dan Aykroyd, Sigourney Weaver","Three parapsychologists forced out of their university funding set up shop as a unique ghost removal service in New York City, attracting frightened yet skeptical customers.",English,United States,Nominated for 2 Oscars. 9 wins & 9 nominations total,7.8,95.0,7.8,461863.0,243578797.0
Love Lies Bleeding,2024.0,R,2024-05-03,104.0,"Action, Adventure, Crime",Rose Glass,"Rose Glass, Weronika Tofilska","Anna Baryshnikov, Kristen Stewart, Dave Franco","Reclusive gym manager Lou falls hard for Jackie, an ambitious bodybuilder headed through town to Vegas in pursuit of her dream. But their love ignites violence, pulling them deep into the web of Lou's criminal family.",English,"United Kingdom, United States",3 wins & 21 nominations,6.7,94.0,6.7,46846.0,8335797.0
Grown Ups 2,2013.0,PG-13,2013-07-12,101.0,Comedy,Dennis Dugan,"Fred Wolf, Adam Sandler, Tim Herlihy","Adam Sandler, Kevin James, Chris Rock","After moving his family back to his hometown to be with his friends and their kids, Lenny finds out that between old bullies, new bullies, schizo bus drivers, drunk cops on skis, and four hundred costumed party crashers sometimes ...","English, Spanish, Ukrainian",United States,5 wins & 15 nominations,5.4,8.0,5.4,173844.0,133668525.0
"Crazy, Stupid, Love.",2011.0,PG-13,2011-07-29,118.0,"Comedy, Drama, Romance","Glenn Ficarra, John Requa",Dan Fogelman,"Steve Carell, Ryan Gosling, Julianne Moore","A middle-aged husband's life changes dramatically when his wife asks him for a divorce. He seeks to rediscover his manhood with the help of a newfound friend, Jacob, learning to pick up girls at bars.",English,United States,5 wins & 23 nominations,7.4,79.0,7.4,578827.0,84379584.0
After Everything,2023.0,R,2023-09-13,93.0,"Drama, Romance",Castille Landon,"Castille Landon, Anna Todd","Hero Fiennes Tiffin, Josephine Langford, Mimi Keene","After breaking up with his true love, best-selling author Hardin Scott travels to Portugal in an attempt to make amends for his past behavior.","English, Portuguese",United States,1 win,4.7,,4.7,9020.0,
Emmanuelle,1974.0,Unrated,1974-12-03,95.0,"Drama, Romance",Just Jaeckin,"Emmanuelle Arsan, Jean-Louis Richard","Sylvia Kristel, Alain Cuny, Marika Green",The wife of a French diplomat in Bangkok embarks on a voyage of self-discovery.,French,France,N/A,5.2,38.0,5.2,11305.0,
Love,2015.0,TV-MA,2015-10-30,135.0,"Drama, Romance",Gaspar Noé,Gaspar Noé,"Aomi Muyock, Karl Glusman, Klara Kristin","Murphy is an American living in Paris who enters a highly sexually and emotionally charged relationship with Electra. Unaware of the effect it will have on their relationship, they invite their pretty neighbor into their bed.","English, French","France, Belgium",2 wins & 1 nomination,6.1,42.0,6.1,68732.0,249083.0
Black Hawk Down,2001.0,R,2002-01-18,144.0,"Action, Drama, History",Ridley Scott,"Mark Bowden, Ken Nolan","Josh Hartnett, Ewan McGregor, Tom Sizemore","The story of 160 elite U.S. soldiers who dropped into Mogadishu in October 1993 to capture two top lieutenants of a renegade warlord, but found themselves in a desperate battle with a large force of heavily armed Somalis.","English, Somali, Arabic","United States, United Kingdom",Won 2 Oscars. 11 wins & 37 nominations total,7.7,76.0,7.7,431870.0,108638745.0
Maleficent,2014.0,PG,2014-05-30,97.0,"Action, Adventure, Drama",Robert Stromberg,"Linda Woolverton, Charles Perrault, Milt Banta","Angelina Jolie, Elle Fanning, Sharlto Copley","A vengeful fairy is driven to curse an infant princess, only to discover that the child could be the one person who can restore peace to their troubled land.",English,"United States, India, Canada, Italy, United Kingdom, Zambia",Nominated for 1 Oscar. 12 wins & 44 nominations total,6.9,54.0,6.9,406971.0,241410378.0
Straight Outta Compton,2015.0,R,2015-08-14,147.0,"Biography, Drama, History",F. Gary Gray,"Jonathan Herman, Andrea Berloff, S. Leigh Savidge","O'Shea Jackson Jr., Corey Hawkins, Jason Mitchell",The rap group NWA emerges from the mean streets of Compton in the mid-1980s and revolutionizes hip-hop culture with their music and tales about life in the hood.,English,"United States, Japan",Nominated for 1 Oscar. 28 wins & 40 nominations total,7.8,89.0,7.8,223091.0,161197785.0
Mission: Impossible - Ghost Protocol,2011.0,PG-13,2011-12-21,132.0,"Action, Adventure, Thriller",Brad Bird,"Bruce Geller, Josh Appelbaum, André Nemec","Tom Cruise, Jeremy Renner, Simon Pegg","The IMF is shut down when it's implicated in the bombing of the Kremlin, causing Ethan Hunt and his new team to go rogue to clear their organization's name.","English, Russian, French, Arabic, Swedish","United States, United Arab Emirates, Russia, Canada, Czech Republic, India",5 wins & 30 nominations,7.4,94.0,7.4,535192.0,209397903.0
Don't Be a Menace to South Central While Drinking Your Juice in the Hood,1996.0,R,1996-01-12,89.0,"Comedy, Crime",Paris Barclay,"Shawn Wayans, Marlon Wayans, Phil Beauman","Shawn Wayans, Marlon Wayans, Keenen Ivory Wayans","A parody of several U.S. films about being in the 'Hood', for instance Boyz n the Hood (1991), South Central (1992), Menace II Society (1993), Higher Learning (1995) and Juice (1992).","English, Spanish",United States,1 nomination,6.5,32.0,6.5,63325.0,20109115.0
Halloween,1978.0,R,1978-10-27,91.0,"Horror, Thriller",John Carpenter,"John Carpenter, Debra Hill","Donald Pleasence, Jamie Lee Curtis, Tony Moran","Fifteen years after murdering his sister on Halloween night 1963, Michael Myers escapes from a mental hospital and returns to the small town of Haddonfield, Illinois, to kill again.",English,United States,9 wins & 3 nominations,7.7,96.0,7.7,315031.0,47160000.0
Jupiter Ascending,2015.0,PG-13,2015-02-06,127.0,"Action, Adventure, Sci-Fi","Lana Wachowski, Lilly Wachowski","Lilly Wachowski, Lana Wachowski","Channing Tatum, Mila Kunis, Eddie Redmayne",A young woman discovers her destiny as an heiress of intergalactic nobility and must fight to protect the inhabitants of Earth from an ancient and destructive industry.,"English, Russian","United States, Australia",4 wins & 16 nominations,5.3,27.0,5.3,196474.0,47387723.0
King Arthur: Legend of the Sword,2017.0,PG-13,2017-05-12,126.0,"Action, Adventure, Drama",Guy Ritchie,"Joby Harold, Guy Ritchie, Lionel Wigram","Charlie Hunnam, Astrid Bergès-Frisbey, Jude Law","Robbed of his birthright, Arthur comes up the hard way in the back alleys of the city. But once he pulls the sword from the stone, he is forced to acknowledge his true legacy - whether he likes it or not.","English, Spanish","United Kingdom, United States, India, Canada",10 nominations,6.7,31.0,6.7,236499.0,39175066.0
Creed,2015.0,PG-13,2015-11-25,133.0,"Action, Drama, Sport",Ryan Coogler,"Ryan Coogler, Aaron Covington, Sylvester Stallone","Michael B. Jordan, Sylvester Stallone, Tessa Thompson","The former World Heavyweight Champion Rocky Balboa serves as a trainer and mentor to Adonis Johnson, the son of his late friend and former rival Apollo Creed.","English, Spanish",United States,Nominated for 1 Oscar. 45 wins & 65 nominations total,7.6,95.0,7.6,315861.0,109778883.0
Star Wars: Episode III - Revenge of the Sith,2005.0,PG-13,2005-05-19,140.0,"Action, Adventure, Fantasy",George Lucas,George Lucas,"Hayden Christensen, Natalie Portman, Ewan McGregor","With the Clone Wars coming to it's end, Obi-Wan Kenobi pursues a new threat, while Anakin Skywalker is lured by Chancellor Palpatine into a sinister plot for galactic domination.",English,"United States, Italy, Switzerland, Thailand, United Kingdom",Nominated for 1 Oscar. 29 wins & 64 nominations total,7.6,80.0,7.6,863417.0,380270577.0
About Time,2013.0,R,2013-11-08,123.0,"Comedy, Drama, Fantasy",Richard Curtis,Richard Curtis,"Domhnall Gleeson, Rachel McAdams, Bill Nighy","At the age of 21, Tim discovers he can travel in time and change what happens and has happened in his own life. His decision to make his world a better place by getting a girlfriend turns out not to be as easy as you might think.",English,"United States, United Kingdom",3 wins & 9 nominations,7.8,71.0,7.8,399413.0,15322921.0
Evil Dead Rise,2023.0,R,2023-04-21,96.0,Horror,Lee Cronin,Lee Cronin,"Mirabai Pease, Richard Crouchley, Anna-Maree Thomas","A twisted tale of two estranged sisters whose reunion is cut short by the rise of flesh-possessing demons, thrusting them into a primal battle for survival as they face the most nightmarish version of family imaginable.",English,"Ireland, New Zealand, United States",36 nominations,6.5,85.0,6.5,146680.0,67233054.0
3 Days in Malay,2023.0,R,2023-08-11,99.0,"Action, History, War",Louis Mandylor,Brandon Slagle,"Louis Mandylor, Donald Cerrone, Quinton 'Rampage' Jackson",A small group must defend an airfield for three days against the Japanese assault during the fight for Malay in World War 2.,English,"Thailand, United States",N/A,2.7,,2.7,442.0,
Black Swan,2010.0,R,2010-12-17,108.0,"Drama, Thriller",Darren Aronofsky,"Mark Heyman, Andres Heinz, John J. McLaughlin","Natalie Portman, Mila Kunis, Vincent Cassel","Nina is a talented but unstable ballerina on the verge of stardom. Pushed to the breaking point by her artistic director and a seductive rival, Nina's grip on reality slips, plunging her into a waking nightmare.","English, French, Italian",United States,Won 1 Oscar. 98 wins & 279 nominations total,8.0,85.0,8.0,841271.0,106954678.0
Little Man,2006.0,PG-13,2006-07-14,98.0,"Comedy, Crime",Keenen Ivory Wayans,"Keenen Ivory Wayans, Shawn Wayans, Marlon Wayans","Shawn Wayans, Marlon Wayans, Kerry Washington",A wannabe-dad mistakes a vertically-challenged criminal on the lam for his newly-adopted son.,English,United States,6 wins & 15 nominations,4.5,12.0,4.5,61128.0,58645052.0
Coach Carter,2005.0,PG-13,2005-01-14,136.0,"Biography, Drama, Sport",Thomas Carter,"Mark Schwahn, John Gatins","Samuel L. Jackson, Rick Gonzalez, Robert Ri'chard",Controversy surrounds high school basketball coach Ken Carter after he benches his entire team for breaking their academic contract with him.,English,"United States, Germany",3 wins & 15 nominations,7.3,64.0,7.3,175726.0,67264877.0
Jack Reacher,2012.0,PG-13,2012-12-21,130.0,"Action, Mystery, Thriller",Christopher McQuarrie,"Lee Child, Christopher McQuarrie","Tom Cruise, Rosamund Pike, Richard Jenkins","Jack Reacher, a homicide investigator, digs deeper into a case involving a trained military sniper responsible for a mass shooting.",English,United States,1 win & 6 nominations,7.0,64.0,7.0,372864.0,80070736.0
Shrek: Thriller Night,2011.0,TV-Y7,2011-09-13,6.0,"Animation, Short, Comedy","Sean Bishop, Gary Trousdale","Sean Bishop, Elaine Rogan, David Feiss","Michael Gough, Dean Edwards, Holly Fields","Shrek is bored on Halloween, and wants to have something scary. The power of Thriller gives him more than he bargained for.",English,United States,N/A,6.2,,6.2,1104.0,
Meet Joe Black,1998.0,PG-13,1998-11-13,178.0,"Drama, Fantasy, Romance",Martin Brest,"Ron Osborn, Jeff Reno, Kevin Wade","Brad Pitt, Anthony Hopkins, Claire Forlani","Death, who takes the form of a young man killed in an accident, asks a media mogul to act as his guide to teach him about life on Earth and, in the process, he falls in love with the mogul's daughter.","English, Dutch",United States,3 wins & 6 nominations,7.2,46.0,7.2,272707.0,44619100.0
The Exorcism,2024.0,R,2024-06-21,95.0,"Horror, Thriller",Joshua John Miller,"M.A. Fortin, Joshua John Miller","Russell Crowe, Ryan Simpkins, Sam Worthington",A troubled actor begins to exhibit a disruptive behavior while shooting a horror film. His estranged daughter wonders if he's slipping back into his past addictions or if there's something more sinister at play.,English,United States,N/A,4.1,28.0,4.1,9358.0,4530418.0
Uncharted,2022.0,PG-13,2022-02-18,116.0,"Action, Adventure",Ruben Fleischer,"Rafe Judkins, Art Marcum, Matt Holloway","Tom Holland, Mark Wahlberg, Antonio Banderas","Street-smart Nathan Drake is recruited by seasoned treasure hunter Victor ""Sully"" Sullivan to recover a fortune amassed by Ferdinand Magellan, and lost 500 years ago by the House of Moncada.","English, Spanish, Latin","United States, Spain",5 nominations,6.3,,6.3,270161.0,148648820.0
Cars 2,2011.0,G,2011-06-24,106.0,"Animation, Adventure, Comedy","John Lasseter, Bradford Lewis","John Lasseter, Bradford Lewis, Dan Fogelman","Owen Wilson, Larry the Cable Guy, Michael Caine",Star race car Lightning McQueen and his pal Mater head overseas to compete in the World Grand Prix race. But the road to the championship becomes rocky as Mater gets caught up in an intriguing adventure of his own: international e...,"English, Japanese, Italian, French","United States, Japan",1 win & 19 nominations,6.2,39.0,6.2,227378.0,191452396.0
The Hobbit: The Desolation of Smaug,2013.0,PG-13,2013-12-13,161.0,"Adventure, Fantasy",Peter Jackson,"Fran Walsh, Philippa Boyens, Peter Jackson","Ian McKellen, Martin Freeman, Richard Armitage","The dwarves, along with Bilbo Baggins and Gandalf the Grey, continue their quest to reclaim the Lonely Mountain, their homeland, from the dragon Smaug.",English,"New Zealand, United States",Nominated for 3 Oscars. 19 wins & 90 nominations total,7.8,74.0,7.8,718874.0,258387334.0
The Shining,1980.0,R,1980-06-13,146.0,"Drama, Horror",Stanley Kubrick,"Stephen King, Stanley Kubrick, Diane Johnson","Jack Nicholson, Shelley Duvall, Danny Lloyd","A family heads to an isolated hotel for the winter, where a sinister presence influences the father into violence. At the same time, his psychic son sees horrifying forebodings from both the past and the future.",English,"United Kingdom, United States",6 wins & 9 nominations,8.4,83.0,8.4,1139463.0,45634352.0
Shark Tale,2004.0,PG,2004-11-05,90.0,"Animation, Adventure, Comedy","Bibo Bergeron, Vicky Jenson, Rob Letterman","Michael J. Wilson, Rob Letterman, Scott Aukerman","Will Smith, Robert De Niro, Renée Zellweger","When a son of a gangster shark boss is accidentally killed while on the hunt, his would-be prey and his vegetarian brother decide to use the incident to their own advantage.",English,"United States, France",Nominated for 1 Oscar. 3 wins & 16 nominations total,6.0,35.0,6.0,202388.0,160861908.0
The Last Samurai,2003.0,R,2003-12-05,154.0,"Action, Drama",Edward Zwick,"John Logan, Edward Zwick, Marshall Herskovitz","Tom Cruise, Ken Watanabe, Billy Connolly","In 19th century Japan, Nathan Algren, a US army captain, is hired by the Japanese emperor to train his army in the modern warfare techniques. Captain Algren finds himself trapped in a struggle between two eras and two worlds.","English, Japanese, Spanish, Danish","United States, New Zealand, Japan",Nominated for 4 Oscars. 20 wins & 67 nominations total,7.8,66.0,7.8,478300.0,111127263.0
The Nun II,2023.0,R,2023-09-08,110.0,"Horror, Mystery, Thriller",Michael Chaves,"Ian Goldberg, Richard Naing, Akela Cooper","Taissa Farmiga, Jonas Bloquet, Storm Reid","1956 in France, a priest is horribly murdered. An evil is spreading. Once again, Sister Irene comes face-to-face with Valak, the demon nun.","English, French, Italian, Romanian",United States,1 win & 12 nominations,5.6,51.0,5.6,66424.0,86267073.0
Violent Night,2022.0,R,2022-12-02,112.0,"Action, Comedy, Thriller",Tommy Wirkola,"Pat Casey, Josh Miller","David Harbour, John Leguizamo, Beverly D'Angelo","When an elite team of mercenaries breaks into a family compound on Christmas Eve, a disgruntled Santa Claus must take them out to save both the hostages and his Holiday.",English,"United States, Canada, Japan",1 win & 2 nominations,6.7,74.0,6.7,103127.0,50057405.0
Maleficent: Mistress of Evil,2019.0,PG,2019-10-18,119.0,"Adventure, Drama, Family",Joachim Rønning,"Linda Woolverton, Noah Harpster, Micah Fitzerman-Blue","Angelina Jolie, Elle Fanning, Harris Dickinson","Maleficent and her goddaughter Aurora begin to question the complex family ties that bind them as they are pulled in different directions by impending nuptials, unexpected allies, and dark new forces at play.",English,"United Kingdom, Canada, United States, France",Nominated for 1 Oscar. 1 win & 11 nominations total,6.6,40.0,6.6,122008.0,113929605.0
Gladiator,2000.0,R,2000-05-05,155.0,"Action, Adventure, Drama",Ridley Scott,"David Franzoni, John Logan, William Nicholson","Russell Crowe, Joaquin Phoenix, Connie Nielsen",A former Roman General sets out to exact vengeance against the corrupt emperor who murdered his family and sent him into slavery.,English,"United States, United Kingdom, Malta, Morocco",Won 5 Oscars. 60 wins & 104 nominations total,8.5,80.0,8.5,1665601.0,187705427.0
Once Upon a Time... in Hollywood,2019.0,R,2019-07-26,161.0,"Comedy, Drama",Quentin Tarantino,Quentin Tarantino,"Leonardo DiCaprio, Brad Pitt, Margot Robbie","As Hollywood's Golden Age is winding down during the summer of 1969, television actor Rick Dalton and his stunt double Cliff Booth endeavor to achieve lasting success in Hollywood while meeting several colorful characters along th...","English, Italian, Spanish, German","United States, United Kingdom, China",Won 2 Oscars. 147 wins & 382 nominations total,7.6,86.0,7.6,878315.0,142502728.0
The Hunger Games: The Ballad of Songbirds & Snakes,2023.0,PG-13,2023-11-17,157.0,"Action, Adventure, Drama",Francis Lawrence,"Michael Lesslie, Michael Arndt, Suzanne Collins","Rachel Zegler, Tom Blyth, Viola Davis",Coriolanus Snow mentors and develops feelings for the female District 12 tribute during the 10th Hunger Games.,English,"United States, Canada",7 wins & 22 nominations,6.7,64.0,6.7,146251.0,166350594.0
The Man from U.N.C.L.E.,2015.0,PG-13,2015-08-14,116.0,"Action, Adventure, Comedy",Guy Ritchie,"Guy Ritchie, Lionel Wigram, Jeff Kleeman","Henry Cavill, Armie Hammer, Alicia Vikander","In the early 1960s, CIA agent Napoleon Solo and KGB operative Illya Kuryakin participate in a joint mission against a mysterious criminal organization, which is working to proliferate nuclear weapons.","English, Russian, German, Italian","United Kingdom, United States",7 wins & 7 nominations,7.2,68.0,7.2,341647.0,45445109.0
Thor,2011.0,PG-13,2011-05-06,115.0,"Action, Fantasy",Kenneth Branagh,"Ashley E. Miller, Zack Stentz, Don Payne","Chris Hemsworth, Anthony Hopkins, Natalie Portman","The powerful but arrogant god Thor is cast out of Asgard to live amongst humans in Midgard (Earth), where he soon becomes one of their finest defenders.",English,United States,5 wins & 30 nominations,7.0,77.0,7.0,915528.0,181030624.0
Resident Evil: Welcome to Raccoon City,2021.0,R,2021-11-24,107.0,"Action, Horror, Sci-Fi",Johannes Roberts,Johannes Roberts,"Kaya Scodelario, Robbie Amell, Hannah John-Kamen","Set in 1998, this origin story explores the secrets of the mysterious Spencer Mansion and the ill-fated Raccoon City.",English,"Canada, Germany",1 win & 2 nominations,5.2,30.0,5.2,66269.0,17000612.0
The Dark Knight Rises,2012.0,PG-13,2012-07-20,164.0,"Action, Drama, Thriller",Christopher Nolan,"Jonathan Nolan, Christopher Nolan, David S. Goyer","Christian Bale, Tom Hardy, Anne Hathaway","Bane, an imposing terrorist, attacks Gotham City and disrupts its eight-year-long period of peace. This forces Bruce Wayne to come out of hiding and don the cape and cowl of Batman again.","English, Arabic","United States, United Kingdom",Nominated for 1 BAFTA Award45 wins & 103 nominations total,8.4,87.0,8.4,1867630.0,448149584.0
Godzilla,2014.0,PG-13,2014-05-16,123.0,"Action, Adventure, Sci-Fi",Gareth Edwards,"Dave Callaham, Max Borenstein","Aaron Taylor-Johnson, Elizabeth Olsen, Bryan Cranston","The world is beset by the appearance of monstrous creatures, but one of them may be the only one who can save humanity.","English, Japanese","United States, Japan",7 wins & 31 nominations,6.4,76.0,6.4,449071.0,200676069.0
Ford v Ferrari,2019.0,PG-13,2019-11-15,152.0,"Action, Biography, Drama",James Mangold,"Jez Butterworth, John-Henry Butterworth, Jason Keller","Matt Damon, Christian Bale, Jon Bernthal",American car designer Carroll Shelby and driver Ken Miles battle corporate interference and the laws of physics to build a revolutionary race car for Ford in order to defeat Ferrari at the 24 Hours of Le Mans in 1966.,"English, Italian, French, Japanese",United States,Won 2 Oscars. 26 wins & 88 nominations total,8.1,92.0,8.1,498571.0,117624357.0
That's My Boy,2012.0,R,2012-06-15,116.0,"Comedy, Drama",Sean Anders,David Caspe,"Adam Sandler, Andy Samberg, Leighton Meester","While in his teens, Donny fathered a son, Todd, and raised him as a single parent until Todd's 18th birthday. Now Donny resurfaces just before Todd's wedding after years apart, sending the groom-to-be's world crashing down.",English,United States,5 wins & 10 nominations,5.6,,5.6,112710.0,36931089.0
The Ritual,2017.0,TV-MA,2018-02-09,94.0,"Horror, Mystery, Thriller",David Bruckner,"Joe Barton, Adam Nevill","Rafe Spall, Arsher Ali, Robert James-Collier","A group of old college friends reunite for a trip to a most dangerous country in Europe - Sweden, encountering a menacing presence there stalking them.","English, Swedish","United Kingdom, Canada",4 wins & 5 nominations,6.3,74.0,6.3,126001.0,
Toy Story 3,2010.0,G,2010-06-29,103.0,"Animation, Adventure, Comedy",Lee Unkrich,"John Lasseter, Andrew Stanton, Lee Unkrich","Tom Hanks, Tim Allen, Joan Cusack","The toys are mistakenly delivered to a day-care center instead of the attic right before Andy leaves for college, and it's up to Woody to convince the other toys that they weren't abandoned and to return home.","English, Spanish",United States,Won 2 Oscars. 63 wins & 96 nominations total,8.3,98.0,8.3,908222.0,415004880.0
2001: A Space Odyssey,1968.0,G,1968-05-12,149.0,"Adventure, Sci-Fi",Stanley Kubrick,"Stanley Kubrick, Arthur C. Clarke","Keir Dullea, Gary Lockwood, William Sylvester","When a mysterious artifact is uncovered on the Moon, a spacecraft manned by two humans and one supercomputer is sent to Jupiter to find its origins.","English, Russian, French","United Kingdom, United States",Won 1 Oscar. 18 wins & 14 nominations total,8.3,92.0,8.3,736646.0,60481243.0
Fantastic Four: Rise of the Silver Surfer,2007.0,PG,2007-06-15,92.0,"Action, Adventure, Fantasy",Tim Story,"Don Payne, Mark Frost, John Turman","Ioan Gruffudd, Jessica Alba, Chris Evans",The Fantastic Four learn that they aren't the only super-powered beings in the universe when they square off against the powerful Silver Surfer and the planet-eating Galactus.,"English, Japanese, Chinese, Arabic","United Kingdom, Germany, United States, Hong Kong, China, Thailand",3 wins & 17 nominations,5.6,37.0,5.6,281854.0,131921738.0
In Time,2011.0,PG-13,2011-10-28,109.0,"Action, Sci-Fi, Thriller",Andrew Niccol,Andrew Niccol,"Justin Timberlake, Amanda Seyfried, Cillian Murphy","In a future where people stop aging at 25, but are engineered to live only one more year, having the means to buy your way out of the situation is a shot at immortal youth. Will Salas is accused of murder and on the run with a hos...",English,United States,2 nominations,6.7,36.0,6.7,458019.0,37520095.0
Nanny McPhee,2005.0,PG,2006-01-27,97.0,"Comedy, Family, Fantasy",Kirk Jones,"Emma Thompson, Christianna Brand","Emma Thompson, Colin Firth, Angela Lansbury","Widower Cedric Brown hires Nanny McPhee to care for his seven rambunctious children, who have chased away all previous nannies. Taunted by Simon and his siblings, Nanny McPhee uses mystical powers to instill discipline.",English,"United Kingdom, France, United States",3 wins & 4 nominations,6.6,74.0,6.6,86775.0,47144110.0
Eternals,2021.0,PG-13,2021-11-05,156.0,"Action, Adventure, Fantasy",Chloé Zhao,"Chloé Zhao, Patrick Burleigh, Ryan Firpo","Gemma Chan, Richard Madden, Angelina Jolie","The saga of the Eternals, a race of immortal beings who lived on Earth and shaped its history and civilizations.","English, American Sign , Marathi, Assyrian Neo-Aramaic, Spanish, Sumerian, Latin, Sanskrit, Greek, Ancient (to 1453), Arabic",United States,7 wins & 18 nominations,6.3,47.0,6.3,396372.0,164870234.0
Daddy's Home,2015.0,PG-13,2015-12-25,96.0,"Comedy, Family",Sean Anders,"Brian Burns, Sean Anders, John Morris","Will Ferrell, Mark Wahlberg, Linda Cardellini","Brad Whitaker is a radio host trying to get his stepchildren to love him and call him Dad. But his plans turn upside down when their biological father, Dusty Mayron, returns.","English, Ukrainian",United States,1 win & 4 nominations,6.2,31.0,6.2,130476.0,150357137.0
Rambo,2008.0,R,2008-01-25,92.0,"Action, Adventure, Thriller",Sylvester Stallone,"Art Monterastelli, Sylvester Stallone, David Morrell","Sylvester Stallone, Julie Benz, Matthew Marsden","In Thailand, John Rambo joins a group of mercenaries to venture into war-torn Burma, and rescue a group of Christian aid workers who were kidnapped by the ruthless local infantry unit.","English, Burmese, Thai","Germany, United States",1 win & 1 nomination,7.0,38.0,7.0,248136.0,42754105.0
Thelma,2017.0,Not Rated,2017-09-15,116.0,"Drama, Fantasy, Horror",Joachim Trier,"Eskil Vogt, Joachim Trier","Eili Harboe, Kaya Wilkins, Henrik Rafaelsen",A confused religious girl tries to deny her feelings for a female friend who's in love with her. This causes her suppressed subconsciously-controlled psychokinetic powers to reemerge with devastating results.,"Norwegian, Swedish, English","Norway, France, Denmark, Sweden",15 wins & 47 nominations,6.9,92.0,6.9,37487.0,147391.0
The Help,2011.0,PG-13,2011-08-10,146.0,Drama,Tate Taylor,"Tate Taylor, Kathryn Stockett","Viola Davis, Emma Stone, Octavia Spencer","An aspiring author during the civil rights movement of the 1960s decides to write a book detailing the African American maids' point of view on the white families for which they work, and the hardships they go through on a daily b...",English,"United States, India",Won 1 Oscar. 79 wins & 121 nominations total,8.1,76.0,8.1,501417.0,169708112.0
Hitman,2007.0,R,2007-11-21,94.0,"Action, Crime, Thriller",Xavier Gens,Skip Woods,"Timothy Olyphant, Dougray Scott, Olga Kurylenko","A gun-for-hire known only as Agent 47 hired by a group known only as 'The Organization' is ensnared in a political conspiracy, which finds him pursued by both Interpol and the Russian military as he treks across Russia and Eastern...","English, Russian, Serbo-Croatian","France, United States, United Kingdom",2 wins,6.2,,6.2,180182.0,39687694.0
Wrong Turn 2: Dead End,2007.0,R,2007-10-09,93.0,"Adventure, Horror",Joe Lynch,"Turi Meyer, Alfredo Septién, Alan B. McElroy (characters)","Erica Leerhsen, Henry Rollins, Texas Battle, Aleksa Palladino",A group of reality show contestants find themselves fighting for their survival against a family of hideously deformed inbred cannibals who plan to ruthlessly butcher them all.,English,"USA, Germany, Canada",1 win.,5.5,67.0,5.5,39555.0,
Aladdin,1992.0,G,1992-11-25,90.0,"Animation, Adventure, Comedy","Ron Clements, John Musker","Ron Clements, John Musker, Ted Elliott","Scott Weinger, Robin Williams, Linda Larkin",A kind-hearted street urchin and a power-hungry Grand Vizier vie for a magic lamp that has the power to make their deepest wishes come true.,English,United States,Won 2 Oscars. 35 wins & 22 nominations total,8.0,95.0,8.0,477786.0,217350219.0
The Last Witch Hunter,2015.0,PG-13,2015-10-23,106.0,"Action, Adventure, Fantasy",Breck Eisner,"Cory Goodman, Matt Sazama, Burk Sharpless","Vin Diesel, Rose Leslie, Elijah Wood",The last witch hunter is all that stands between humanity and the combined forces of the most horrifying witches in history.,English,"United States, China, Canada",1 nomination,5.9,18.0,5.9,111369.0,27367660.0
The Thin Red Line,1998.0,R,1999-01-15,170.0,"Drama, History, War",Terrence Malick,"James Jones, Terrence Malick","Jim Caviezel, Sean Penn, Nick Nolte","Adaptation of James Jones' autobiographical 1962 novel, focusing on the conflict at Guadalcanal during the second World War.","English, Tok Pisin, Japanese, Greek",United States,Nominated for 7 Oscars. 22 wins & 47 nominations total,7.6,80.0,7.6,202928.0,36400491.0
,,,,,,,,,,,,,,,,,
Killers of the Flower Moon,2023.0,R,2023-10-20,206.0,"Crime, Drama, History",Martin Scorsese,"Eric Roth, Martin Scorsese, David Grann","Leonardo DiCaprio, Robert De Niro, Lily Gladstone","When oil is discovered in 1920s Oklahoma under Osage Nation land, the Osage people are murdered one by one - until the FBI steps in to unravel the mystery.","English, Osage, Latin, French",United States,Nominated for 10 Oscars. 128 wins & 418 nominations total,7.6,93.0,7.6,262628.0,68026901.0
John Wick: Chapter 3 - Parabellum,2019.0,R,2019-05-17,130.0,"Action, Crime, Thriller",Chad Stahelski,"Derek Kolstad, Shay Hatten, Chris Collins","Keanu Reeves, Halle Berry, Ian McShane","John Wick is on the run after killing a member of the international assassins' guild, and with a $14 million price tag on his head, he is the target of hit men and women everywhere.","English, Russian, Japanese, Indonesian, Mandarin, Italian, Arabic, Latin","United States, Morocco, Ukraine, Italy",18 wins & 29 nominations,7.4,89.0,7.4,438868.0,171015687.0
The Matrix Revolutions,2003.0,R,2003-11-05,129.0,"Action, Sci-Fi","Lana Wachowski, Lilly Wachowski","Lilly Wachowski, Lana Wachowski","Keanu Reeves, Laurence Fishburne, Carrie-Anne Moss",The human city of Zion defends itself against the massive invasion of the machines as Neo fights to end the war at another front while also opposing the rogue Agent Smith.,"English, French","United States, Australia",5 wins & 36 nominations,6.7,33.0,6.7,551907.0,139313948.0
Catch Me If You Can,2002.0,PG-13,2002-12-25,141.0,"Biography, Crime, Drama",Steven Spielberg,"Frank Abagnale Jr., Stan Redding, Jeff Nathanson","Leonardo DiCaprio, Tom Hanks, Christopher Walken","Barely 17 yet, Frank is a skilled forger who has passed as a doctor, lawyer and pilot. FBI agent Carl becomes obsessed with tracking down the con man, who only revels in the pursuit.","English, French","United States, Canada",Nominated for 2 Oscars. 16 wins & 46 nominations total,8.1,96.0,8.1,1130900.0,164615351.0
How to Lose a Guy in 10 Days,2003.0,PG-13,2003-02-07,116.0,"Comedy, Romance",Donald Petrie,"Michele Alexander, Jeannie Long, Kristen Buckley","Kate Hudson, Matthew McConaughey, Adam Goldberg","Benjamin Barry is an advertising executive and ladies' man who, to win a big campaign, bets that he can make a woman fall in love with him in 10 days.",English,"United States, Germany",1 win & 8 nominations,6.5,42.0,6.5,283642.0,105813373.0
Legally Blonde,2001.0,PG-13,2001-07-13,96.0,"Comedy, Romance",Robert Luketic,"Amanda Brown, Karen McCullah, Kirsten Smith","Reese Witherspoon, Luke Wilson, Selma Blair","Fashionable sorority queen Elle Woods follows her ex-boyfriend to law school, where she discovers that there is more to her than just looks.","English, Vietnamese",United States,6 wins & 14 nominations,6.5,72.0,6.5,257821.0,96520674.0
Halloween,1978.0,R,1978-10-27,91.0,"Horror, Thriller",John Carpenter,"John Carpenter, Debra Hill","Donald Pleasence, Jamie Lee Curtis, Tony Moran","Fifteen years after murdering his sister on Halloween night 1963, Michael Myers escapes from a mental hospital and returns to the small town of Haddonfield, Illinois, to kill again.",English,United States,9 wins & 3 nominations,7.7,96.0,7.7,315031.0,47160000.0
Taken 2,2012.0,PG-13,2012-10-05,92.0,"Action, Crime, Thriller",Olivier Megaton,"Luc Besson, Robert Mark Kamen","Liam Neeson, Famke Janssen, Maggie Grace","In Istanbul, retired CIA operative Bryan Mills and his wife are taken hostage by the father of a kidnapper Mills killed while rescuing his daughter.","English, Turkish, Arabic, Albanian","France, United States, Turkey, United Kingdom",1 win & 3 nominations,6.2,22.0,6.2,326284.0,139854287.0
Moana,2016.0,PG,2016-11-23,107.0,"Animation, Adventure, Comedy","Ron Clements, John Musker, Don Hall","Jared Bush, Ron Clements, John Musker","Auli'i Cravalho, Dwayne Johnson, Rachel House","In ancient Polynesia, when a terrible curse incurred by the demigod Maui reaches Moana's island, she answers the Ocean's call to seek out Maui to set things right.","English, French",United States,Nominated for 2 Oscars. 22 wins & 90 nominations total,7.6,95.0,7.6,392465.0,248757044.0
The Day After Tomorrow,2004.0,PG-13,2004-05-28,124.0,"Action, Adventure, Sci-Fi",Roland Emmerich,"Roland Emmerich, Jeffrey Nachmanoff","Dennis Quaid, Jake Gyllenhaal, Emmy Rossum","Jack Hall, paleoclimatologist, must make a daring trek from Washington, D.C. to New York City to reach his son, trapped in the cross-hairs of a sudden international storm which plunges the planet into a new Ice Age.","English, Japanese, French, Arabic",United States,Won 1 BAFTA Award6 wins & 12 nominations total,6.5,45.0,6.5,487546.0,186740799.0
Mission: Impossible - Ghost Protocol,2011.0,PG-13,2011-12-21,132.0,"Action, Adventure, Thriller",Brad Bird,"Bruce Geller, Josh Appelbaum, André Nemec","Tom Cruise, Jeremy Renner, Simon Pegg","The IMF is shut down when it's implicated in the bombing of the Kremlin, causing Ethan Hunt and his new team to go rogue to clear their organization's name.","English, Russian, French, Arabic, Swedish","United States, United Arab Emirates, Russia, Canada, Czech Republic, India",5 wins & 30 nominations,7.4,94.0,7.4,535192.0,209397903.0
The Client,1994.0,PG-13,1994-07-20,119.0,"Crime, Drama, Mystery",Joel Schumacher,"John Grisham, Akiva Goldsman, Robert Getchell","Susan Sarandon, Tommy Lee Jones, Brad Renfro",A young boy who witnessed the suicide of a mafia lawyer hires an attorney to protect him when the District Attorney tries to use him to take down a mob family.,English,United States,Nominated for 1 Oscar. 3 wins & 4 nominations total,6.7,80.0,6.7,75221.0,92115211.0
Pretty Woman,1990.0,R,1990-03-23,119.0,"Comedy, Romance",Garry Marshall,J.F. Lawton,"Richard Gere, Julia Roberts, Jason Alexander","Edward, a rich entrepreneur, hires Vivian, a prostitute, to accompany him to a few social events. Trouble ensues when he falls in love with her and they try to bridge the gap between their worlds.",English,United States,Nominated for 1 Oscar. 8 wins & 11 nominations total,7.1,64.0,7.1,374154.0,178406268.0
The Hobbit: An Unexpected Journey,2012.0,PG-13,2012-12-14,169.0,"Adventure, Fantasy",Peter Jackson,"Fran Walsh, Philippa Boyens, Peter Jackson","Martin Freeman, Ian McKellen, Richard Armitage","A reluctant Hobbit, Bilbo Baggins, sets out to the Lonely Mountain with a spirited group of dwarves to reclaim their mountain home and the gold within it from the dragon Smaug.",English,"New Zealand, United States",Nominated for 3 Oscars. 11 wins & 76 nominations total,7.8,64.0,7.8,888477.0,303030651.0
Grease,1978.0,PG,1978-06-16,110.0,"Comedy, Musical, Romance",Randal Kleiser,"Jim Jacobs, Warren Casey, Bronte Woodard","John Travolta, Olivia Newton-John, Stockard Channing","Good girl Sandy Olsson and greaser Danny Zuko fell in love over the summer. When they unexpectedly discover they're now in the same high school, will they be able to rekindle their romance?",English,United States,Nominated for 1 Oscar. 8 wins & 10 nominations total,7.2,66.0,7.2,307344.0,190071103.0
Alice in Terrorland,2023.0,N/A,2023-12-28,77.0,Horror,Richard John Taylor,"Lewis Carroll, Richard John Taylor","Rula Lenska, Lizzy Willis, Jon-Paul Gates","A recently bereaved teenage girl goes to live with her grandmother in a secluded woodland house, unaware that sinister forces lurk within.",English,United Kingdom,N/A,2.8,,2.8,1433.0,
Meteor,1979.0,PG,1979-10-19,108.0,"Action, Drama, Sci-Fi",Ronald Neame,"Stanley Mann, Edmund H. North","Sean Connery, Natalie Wood, Karl Malden",The U.S. must join forces with the U.S.S.R. in order to destroy a gigantic asteroid heading straight for Earth.,"English, Russian","United States, Hong Kong",Nominated for 1 Oscar. 1 nomination total,5.1,5.0,5.1,8418.0,8400000.0
Megamind,2010.0,PG,2010-11-05,95.0,"Animation, Action, Adventure",Tom McGrath,"Alan Schoolcraft, Brent Simons","Will Ferrell, Jonah Hill, Brad Pitt","Evil genius Megamind finally defeats his do-gooder nemesis, Metro Man, but is left without a purpose in a superhero-free world.",English,"United States, Australia",2 wins & 16 nominations,7.3,73.0,7.3,302524.0,148415853.0
The Valet,2022.0,PG-13,2022-05-20,124.0,"Comedy, Drama, Romance",Richard Wong,"Bob Fisher, Rob Greenberg, Francis Veber","Eugenio Derbez, Samara Weaving, Max Greenfield",A movie star enlists a parking valet at a Beverly Hills restaurant to pose as her lover to cover for her relationship with a married man.,"English, Spanish, Korean, Latin",United States,4 nominations,6.7,76.0,6.7,16639.0,
The Forever Purge,2021.0,R,2021-07-02,103.0,"Action, Crime, Horror",Everardo Gout,James DeMonaco,"Ana de la Reguera, Tenoch Huerta, Josh Lucas",All the rules are broken as a sect of lawless marauders decides that the annual Purge does not stop at daybreak and instead should never end.,"English, Spanish","United States, Mexico",1 win,5.4,49.0,5.4,45386.0,44539245.0
Split,2016.0,PG-13,2017-01-20,117.0,"Horror, Thriller",M. Night Shyamalan,M. Night Shyamalan,"James McAvoy, Anya Taylor-Joy, Haley Lu Richardson",Three girls are kidnapped by a man with a diagnosed 23 distinct personalities. They must try to escape before the apparent emergence of a frightful new 24th.,English,"United States, Japan",10 wins & 27 nominations,7.3,79.0,7.3,572189.0,138291365.0
Elf,2003.0,PG,2003-11-07,97.0,"Adventure, Comedy, Family",Jon Favreau,David Berenbaum,"Will Ferrell, James Caan, Bob Newhart","Raised as an oversized elf, Buddy travels from the North Pole to New York City to meet his biological father, Walter Hobbs, who doesn't know he exists and is in desperate need of some Christmas spirit.",English,United States,2 wins & 8 nominations,7.1,86.0,7.1,315982.0,178053220.0
The Book of Eli,2010.0,R,2010-01-15,118.0,"Action, Adventure, Drama","Albert Hughes, Allen Hughes",Gary Whitta,"Denzel Washington, Mila Kunis, Ray Stevenson","A drifter fights his way across a ravaged, post-apocalyptic America while protecting a sacred book that holds the secrets to humanity's salvation.",English,United States,3 wins & 16 nominations,6.8,47.0,6.8,345115.0,94835059.0
Alice in Wonderland,2010.0,PG,2010-03-05,108.0,"Adventure, Family, Fantasy",Tim Burton,"Linda Woolverton, Lewis Carroll","Mia Wasikowska, Johnny Depp, Helena Bonham Carter","Nineteen-year-old Alice returns to the magical world from her childhood adventure, where she reunites with her old friends and learns of her true destiny: to end the Red Queen's reign of terror.",English,"United States, Italy, Canada, Japan, United Kingdom",Won 2 Oscars. 35 wins & 63 nominations total,6.4,50.0,6.4,448059.0,334191110.0
Call Me by Your Name,2017.0,R,2018-01-19,132.0,"Drama, Romance",Luca Guadagnino,"James Ivory, André Aciman","Timothée Chalamet, Armie Hammer, Michael Stuhlbarg","It's the summer of 1983, and 17-year-old Elio is spending the days with his family at their villa in Lombardy, Italy. He soon meets Oliver, who's working as an intern for Elio's father. They discover the heady beauty of awakening ...","English, Italian, French, German, Hebrew","Brazil, France, Italy, United States",Won 1 Oscar. 104 wins & 262 nominations total,7.8,95.0,7.8,328576.0,18095701.0
Hidden,2015.0,R,2015-09-15,84.0,"Horror, Sci-Fi, Thriller","Matt Duffer, Ross Duffer","Matt Duffer, Ross Duffer","Alexander Skarsgård, Andrea Riseborough, Emily Alyn Lind",A family takes refuge in a bomb shelter to avoid a dangerous outbreak.,English,United States,N/A,6.4,83.0,6.4,26520.0,
Purple Hearts,2022.0,TV-14,2022-07-29,122.0,"Drama, Music, Romance",Elizabeth Allen Rosenbaum,"Kyle Jarrow, Liz W. Garcia","Sofia Carson, Nicholas Galitzine, Chosen Jacobs","In spite of their many differences, Cassie, a struggling singer-songwriter, and Luke, a troubled Marine, agree to marry solely for military benefits, but when tragedy strikes, the line between real and pretend begins to blur.","English, Spanish",United States,1 win & 2 nominations,6.7,33.0,6.7,58600.0,
Love Actually,2003.0,R,2003-11-14,135.0,"Comedy, Drama, Romance",Richard Curtis,Richard Curtis,"Hugh Grant, Martine McCutcheon, Liam Neeson","Follows the lives of eight very different couples in dealing with their love lives in various loosely interrelated tales all set during a frantic month before Christmas in London, England.","English, Portuguese, French","United Kingdom, France, United States",Won 1 BAFTA Award11 wins & 29 nominations total,7.6,64.0,7.6,538923.0,60221410.0
From Straight A's to XXX,2017.0,TV-14,2017-02-11,87.0,"Biography, Drama",Vanessa Parise,Anne-Marie Hess,"Haley Pullos, Sasha Clements, Judd Nelson","In order to pay her college tuition, a young woman turns to the adult film industry and must balance her personal life with a new life as porn star Belle Knox.",English,Canada,N/A,5.2,,5.2,1873.0,
Barbie: Princess Charm School,2011.0,TV-Y,2011-09-13,81.0,"Animation, Family, Fantasy",Ezekiel Norton,"Elise Allen, Kati Rocky (story by)","Diana Kaarina, Morwenna Banks, Nicole Oliver, Brittney Wilson","Barbie stars as Blair, a kind-hearted girl who is chosen to attend Princess Charm School. In this magical place, she makes new friends and discovers that there's a princess in every girl!",English,"USA, Canada",N/A,6.5,,6.5,2137.0,
The Elephant Man,1980.0,PG,1980-10-10,124.0,"Biography, Drama",David Lynch,"Christopher De Vore, Eric Bergren, David Lynch","Anthony Hopkins, John Hurt, Anne Bancroft","A Victorian surgeon rescues a heavily disfigured man who is mistreated while scraping a living as a side-show freak. Behind his monstrous façade, there is revealed a person of kindness, intelligence and sophistication.","English, French","United States, United Kingdom",Nominated for 8 Oscars. 11 wins & 22 nominations total,8.2,92.0,8.2,262603.0,26010864.0
10 Cloverfield Lane,2016.0,PG-13,2016-03-11,103.0,"Drama, Horror, Mystery",Dan Trachtenberg,"Josh Campbell, Matt Stuecken, Damien Chazelle","John Goodman, Mary Elizabeth Winstead, John Gallagher Jr.",A young woman is held in an underground bunker by a man who insists that a hostile event has left the surface of the Earth uninhabitable.,English,United States,16 wins & 48 nominations,7.2,91.0,7.2,363476.0,72082998.0
Jaws,1975.0,PG,1975-06-20,124.0,"Adventure, Drama, Thriller",Steven Spielberg,"Peter Benchley, Carl Gottlieb","Roy Scheider, Robert Shaw, Richard Dreyfuss","When a massive killer shark unleashes chaos on a beach community off Long Island, it's up to a local sheriff, a marine biologist, and an old seafarer to hunt the beast down.",English,United States,Won 3 Oscars. 16 wins & 20 nominations total,8.1,97.0,8.1,677803.0,266567580.0
Hercules,1997.0,G,1997-06-27,93.0,"Animation, Action, Adventure","Ron Clements, John Musker","Ron Clements, John Musker, Don McEnery","Tate Donovan, Susan Egan, James Woods",The son of Zeus and Hera is stripped of his immortality as an infant and must become a true hero in order to reclaim it.,"English, Spanish, Greek",United States,Nominated for 1 Oscar. 9 wins & 16 nominations total,7.3,82.0,7.3,261230.0,99112101.0
The Last Kumite,2024.0,18+,2024-05-14,105.0,Action,Ross W. Clarkson,"Ross W. Clarkson, Sean David Lowe","Mathis Landwehr, Matthias Hues, Kurt McKinney","One last kumite, one final battle - for the life of his daughter.",English,United States,N/A,4.7,,4.7,2075.0,
Alien: Covenant,2017.0,R,2017-05-19,122.0,"Horror, Sci-Fi, Thriller",Ridley Scott,"Dan O'Bannon, Ronald Shusett, Jack Paglen","Michael Fassbender, Katherine Waterston, Billy Crudup","The crew of a colony ship, bound for a remote planet, discover an uncharted paradise with a threat beyond their imagination, and must attempt a harrowing escape.","English, German","United Kingdom, United States",3 wins & 18 nominations,6.4,65.0,6.4,320398.0,74262031.0
Constantine,2005.0,R,2005-02-18,121.0,"Action, Fantasy, Horror",Francis Lawrence,"Jamie Delano, Garth Ennis, Kevin Brodbin","Keanu Reeves, Rachel Weisz, Djimon Hounsou","Detective Angela approaches Constantine, a demon hunter, to help her investigate her twin sister's mysterious death. As he digs deeper, he realizes that demons are trying to enter the human world.","English, Filipino, Tagalog","United States, Germany",2 wins & 11 nominations,7.0,46.0,7.0,383904.0,75976178.0
National Treasure,2004.0,PG,2004-11-19,131.0,"Action, Adventure, Mystery",Jon Turteltaub,"Jim Kouf, Cormac Wibberley, Marianne Wibberley","Nicolas Cage, Diane Kruger, Justin Bartha",A historian races to find the legendary Templar Treasure before a team of mercenaries.,"English, Spanish, German",United States,1 win & 9 nominations,6.9,46.0,6.9,361258.0,173008894.0
The Karate Kid Part II,1986.0,PG,1986-06-20,113.0,"Action, Family, Sport",John G. Avildsen,Robert Mark Kamen,"Pat Morita, Ralph Macchio, Pat E. Johnson","Daniel accompanies his mentor, Mr. Miyagi, to Miyagi's childhood home in Okinawa. Miyagi visits his dying father and confronts his old rival, while Daniel falls in love and inadvertently makes a new rival of his own.",English,United States,Nominated for 1 Oscar. 4 wins & 3 nominations total,6.1,47.0,6.1,101615.0,115103979.0
Jurassic World,2015.0,PG-13,2015-06-12,124.0,"Action, Adventure, Sci-Fi",Colin Trevorrow,"Rick Jaffa, Amanda Silver, Colin Trevorrow","Chris Pratt, Bryce Dallas Howard, Ty Simpkins","A new theme park, built on the original site of Jurassic Park, creates a genetically modified hybrid dinosaur, the Indominus Rex, which escapes containment and goes on a killing spree.",English,"United States, Canada",15 wins & 58 nominations,6.9,72.0,6.9,689976.0,653406625.0
Puss in Boots,2011.0,PG,2011-11-15,90.0,"Animation, Action, Adventure",Chris Miller,"Tom Wheeler, Brian Lynch, William Davies","Antonio Banderas, Salma Hayek, Zach Galifianakis","An outlaw cat, his childhood egg-friend, and a seductive thief kitty set out in search for the eggs of the fabled Golden Goose to clear his name, restore his lost honor, and regain the trust of his mother and town.","English, Spanish",United States,Nominated for 1 Oscar. 9 wins & 43 nominations total,6.6,86.0,6.6,196207.0,149260504.0
A Nightmare on Elm Street,1984.0,R,1984-11-16,91.0,Horror,Wes Craven,Wes Craven,"Heather Langenkamp, Johnny Depp, Robert Englund","Teenager Nancy Thompson must uncover the dark truth concealed by her parents after she and her friends become targets of the spirit of a serial killer with a bladed glove in their dreams, in which if they die, it kills them in rea...",English,United States,6 wins & 7 nominations,7.4,94.0,7.4,271297.0,25624448.0
Scream 4,2011.0,R,2011-04-15,111.0,"Horror, Mystery",Wes Craven,Kevin Williamson,"Neve Campbell, Courteney Cox, David Arquette","Ten years have passed, and Sidney Prescott, who has put herself back together thanks in part to her writing, is visited by the Ghostface Killer.",English,United States,1 win & 6 nominations,6.2,60.0,6.2,175696.0,38180928.0
Justice League: Crisis on Infinite Earths - Part One,2024.0,PG-13,2024-01-09,93.0,"Animation, Action, Adventure",Jeff Wamester,"James Krieg, George Pérez, Marv Wolfman","Matt Bomer, Jensen Ackles, Darren Criss","The Anti-Monitor, the Monitor's evil counterpart, is released into the DC Multiverse and begins to destroy the different Earths that compose it. The Monitor attempts to recruit heroes from across the Multiverse to fight back.",English,United States,N/A,6.2,88.0,6.2,6955.0,
Beauty and the Beast: The Enchanted Christmas,1997.0,G,1997-11-11,72.0,"Animation, Family, Fantasy, Music, Musical",Andrew Knight,"Flip Kobler, Cindy Marcus, Bill Motz, Bob Roth, Carter Crocker, Karl Geurs","Paige O'Hara, Robby Benson, Jerry Orbach, David Ogden Stiers","Astonished to find the Beast (Robbie Benson) has a deep-seeded hatred for the Christmas season, Belle (Paige O'Hara) endeavors to change his mind on the matter.",English,"Canada, USA",2 wins & 6 nominations.,6.0,13.0,6.0,9553.0,
The Witch,2015.0,R,2016-02-19,92.0,"Drama, Fantasy, Horror",Robert Eggers,Robert Eggers,"Anya Taylor-Joy, Ralph Ineson, Kate Dickie",An isolated Puritan family in 1630s New England comes unraveled by the forces of witchcraft and possession.,English,"United States, Canada, United Kingdom",43 wins & 72 nominations,7.0,91.0,7.0,316769.0,25138705.0
The Godfather Part III,1990.0,R,1990-12-25,162.0,"Crime, Drama",Francis Ford Coppola,"Mario Puzo, Francis Ford Coppola","Al Pacino, Diane Keaton, Andy Garcia","Follows Michael Corleone, now in his 60s, as he seeks to free his family from crime and find a suitable successor to his empire.","English, Italian, German, Latin, Persian",United States,Nominated for 7 Oscars. 6 wins & 23 nominations total,7.6,67.0,7.6,432148.0,66761392.0
Luck,2022.0,G,2022-08-05,105.0,"Animation, Adventure, Comedy","Peggy Holmes, Javier Abad","Kiel Murray, Jonathan Aibel, Glenn Berger","Eva Noblezada, Simon Pegg, Jane Fonda",The curtain is pulled back on the millennia-old battle between the organizations of good luck and bad luck that secretly affects everyday lives.,English,"United States, Spain",5 nominations,6.4,49.0,6.4,31090.0,
I Am Legend,2007.0,PG-13,2007-12-14,101.0,"Action, Drama, Horror",Francis Lawrence,"Mark Protosevich, Akiva Goldsman, Richard Matheson","Will Smith, Alice Braga, Charlie Tahan","Years after a plague kills most of humanity and transforms the rest into monsters, the sole survivor in New York City struggles valiantly to find a cure.",English,"United States, United Kingdom",9 wins & 23 nominations,7.2,68.0,7.2,834228.0,256393010.0
Pokémon: Detective Pikachu,2019.0,PG,2019-05-10,104.0,"Action, Adventure, Comedy",Rob Letterman,"Dan Hernandez, Benji Samit, Rob Letterman","Ryan Reynolds, Justice Smith, Kathryn Newton","In a world where people collect Pokémon to do battle, a boy comes across an intelligent talking Pikachu who seeks to be a detective.","English, Japanese","United States, Japan, United Kingdom, Canada",10 nominations,6.5,68.0,6.5,187021.0,144174568.0
The Adventure of A.R.I.: My Robot Friend,2020.0,PG,2020-03-10,89.0,"Family, Sci-Fi",Stephen Shimek,"Michael Baumgarten, Jerome Reygner-Kalfon, Sebastien Semon","Jude Manley, Sophia Alongi, J.R. Brown",A teenager summons the courage to help a friendly robot known as A.R.I. kidnapped by a ruthless lab director working for a powerful corporation seeking to turn him into a dangerous weapon in order to rule the world.,English,France,N/A,4.4,,4.4,1020.0,
The Final Destination,2009.0,R,2009-08-28,82.0,"Horror, Thriller",David R. Ellis,"Eric Bress, Jeffrey Reddick","Nick Zano, Krista Allen, Andrew Fiscella",A horrifying premonition saves a young man and his friends from death during a racetrack accident but terrible fates await them nonetheless.,English,United States,2 wins & 2 nominations,5.1,28.0,5.1,118440.0,66477700.0
Divergent,2014.0,PG-13,2014-03-21,139.0,"Action, Adventure, Mystery",Neil Burger,"Evan Daugherty, Vanessa Taylor, Veronica Roth","Shailene Woodley, Theo James, Kate Winslet","In a world divided by factions based on virtues, Tris learns she's Divergent and won't fit in. When she discovers a plot to destroy Divergents, Tris and the mysterious Four must find out what makes Divergents dangerous before it's...","English, Spanish",United States,7 wins & 11 nominations,6.6,41.0,6.6,497374.0,150947895.0
The Abyss,1989.0,PG-13,1989-08-09,140.0,"Adventure, Drama, Mystery",James Cameron,James Cameron,"Ed Harris, Mary Elizabeth Mastrantonio, Michael Biehn",A civilian diving team is enlisted to search for a lost nuclear submarine and faces danger while encountering an alien aquatic species.,English,United States,Won 1 Oscar. 9 wins & 16 nominations total,7.5,89.0,7.5,198051.0,54981151.0
John Wick: Chapter 2,2017.0,R,2017-02-10,122.0,"Action, Crime, Thriller",Chad Stahelski,Derek Kolstad,"Keanu Reeves, Riccardo Scamarcio, Ian McShane","After returning to the criminal underworld to repay a debt, John Wick discovers that a large bounty has been put on his life.","English, Italian, Russian, Sign , Hebrew","United States, Italy, Hong Kong, Canada",4 wins & 10 nominations,7.4,89.0,7.4,524805.0,92029184.0
John Wick,2014.0,R,2014-10-24,101.0,"Action, Crime, Thriller",Chad Stahelski,Derek Kolstad,"Keanu Reeves, Michael Nyqvist, Alfie Allen","John Wick is a former hitman grieving the loss of his true love. When his home is broken into, robbed, and his dog killed, he is forced to return to action to exact revenge.","English, Russian, Hungarian",United States,5 wins & 10 nominations,7.4,86.0,7.4,757872.0,43037835.0
Den of Thieves,2018.0,R,2018-01-19,140.0,"Action, Crime, Drama",Christian Gudegast,"Christian Gudegast, Paul T. Scheuring","Gerard Butler, Pablo Schreiber, O'Shea Jackson Jr.",An elite unit of the LA County Sheriff's Dept. and the state's most successful bank robbery crew clash as the outlaws plan a seemingly impossible heist on the Federal Reserve Bank.,"English, Polynesian, Spanish",United States,1 nomination,7.0,41.0,7.0,127435.0,44947622.0
Rango,2011.0,PG,2011-03-04,107.0,"Animation, Action, Adventure",Gore Verbinski,"John Logan, Gore Verbinski, James Ward Byrkit","Johnny Depp, Isla Fisher, Timothy Olyphant","Rango is an ordinary chameleon who accidentally winds up in the town of Dirt, a lawless outpost in the Wild West in desperate need of a new sheriff.",English,"United States, United Kingdom",Won 1 Oscar. 46 wins & 25 nominations total,7.3,88.0,7.3,298814.0,123477607.0
Sanctum,2011.0,R,2011-02-04,108.0,"Action, Adventure, Drama",Alister Grierson,"John Garvin, Andrew Wight","Rhys Wakefield, Allison Cratchley, Christopher James Baker",An underwater cave diving team experiences a life-threatening crisis during an expedition to the unexplored and least accessible cave system in the world.,English,"United States, Australia",1 win & 1 nomination,5.9,29.0,5.9,57567.0,23209310.0
Hercules,1997.0,G,1997-06-27,93.0,"Animation, Action, Adventure","Ron Clements, John Musker","Ron Clements, John Musker, Don McEnery","Tate Donovan, Susan Egan, James Woods",The son of Zeus and Hera is stripped of his immortality as an infant and must become a true hero in order to reclaim it.,"English, Spanish, Greek",United States,Nominated for 1 Oscar. 9 wins & 16 nominations total,7.3,82.0,7.3,261230.0,99112101.0
Kill Bill: Vol. 1,2003.0,R,2003-10-10,111.0,"Action, Crime, Thriller",Quentin Tarantino,"Quentin Tarantino, Uma Thurman","Uma Thurman, David Carradine, Daryl Hannah","After waking from a four-year coma, a former assassin wreaks vengeance on the team of assassins who betrayed her.","English, Japanese, French","United States, China",Nominated for 5 BAFTA 30 wins & 103 nominations total,8.2,85.0,8.2,1223388.0,70099045.0
Prometheus,2012.0,R,2012-06-08,124.0,"Adventure, Mystery, Sci-Fi",Ridley Scott,"Jon Spaihts, Damon Lindelof, Dan O'Bannon","Noomi Rapace, Logan Marshall-Green, Michael Fassbender","Following clues to the origin of mankind, a team finds a structure on a distant moon, but they soon realize they are not alone.","English, Gaelic","United Kingdom, United States",Nominated for 1 Oscar. 6 wins & 47 nominations total,7.0,73.0,7.0,666824.0,126477084.0
10 Things I Hate About You,1999.0,PG-13,1999-03-31,97.0,"Comedy, Drama, Romance",Gil Junger,"Karen McCullah, Kirsten Smith, William Shakespeare","Heath Ledger, Julia Stiles, Joseph Gordon-Levitt","A high-school boy, Cameron, cannot date Bianca until her anti-social older sister, Kat, has a boyfriend. So, Cameron pays a mysterious boy, Patrick, to charm Kat.","English, French",United States,2 wins & 13 nominations,7.3,71.0,7.3,402829.0,38178166.0
Mortal Engines,2018.0,PG-13,2018-12-14,128.0,"Action, Adventure, Fantasy",Christian Rivers,"Fran Walsh, Philippa Boyens, Peter Jackson","Hera Hilmar, Robert Sheehan, Hugo Weaving","In a post-apocalyptic world where cities ride on wheels and consume each other to survive, two people meet in London and try to stop a conspiracy.",English,"United States, New Zealand, Japan, China",3 wins & 2 nominations,6.1,25.0,6.1,144810.0,15951040.0
Annabelle,2014.0,R,2014-10-03,99.0,"Horror, Mystery, Thriller",John R. Leonetti,Gary Dauberman,"Ward Horton, Annabelle Wallis, Alfre Woodard",A couple begins to experience terrifying supernatural occurrences involving a vintage doll shortly after their home is invaded by satanic cultists.,English,United States,3 wins & 7 nominations,5.4,28.0,5.4,179864.0,84284252.0
Ant-Man and the Wasp: Quantumania,2023.0,PG-13,2023-02-17,124.0,"Action, Adventure, Comedy",Peyton Reed,"Jeff Loveness, Stan Lee, Larry Lieber","Paul Rudd, Evangeline Lilly, Michael Douglas","Scott Lang and Hope Van Dyne are dragged into the Quantum Realm, along with Hope's parents and Scott's daughter Cassie. Together they must find a way to escape, but what secrets is Hope's mother hiding? And who is the mysterious K...",English,"United States, Australia, Canada",13 nominations,6.0,46.0,6.0,239427.0,214504909.0
Gifted,2017.0,PG-13,2017-04-12,101.0,Drama,Marc Webb,Tom Flynn,"Chris Evans, Mckenna Grace, Lindsay Duncan","Frank, a single man raising his child prodigy niece Mary, is drawn into a custody battle with his mother.",English,United States,6 wins & 7 nominations,7.6,73.0,7.6,141311.0,24801212.0
San Andreas,2015.0,PG-13,2015-05-29,114.0,"Action, Adventure, Thriller",Brad Peyton,"Carlton Cuse, Andre Fabrizio, Jeremy Passmore","Dwayne Johnson, Carla Gugino, Alexandra Daddario","In the aftermath of a massive earthquake in California, a rescue-chopper pilot makes a dangerous journey with his ex-wife across the state in order to rescue his daughter.",English,United States,2 wins & 10 nominations,6.1,48.0,6.1,261778.0,155190832.0
The Holiday,2006.0,PG-13,2006-12-08,136.0,"Comedy, Romance",Nancy Meyers,Nancy Meyers,"Kate Winslet, Cameron Diaz, Jude Law","Amanda lives in LA and is a movie trailer editor. Iris lives in Surrey and is a journalist. The two decide to swap houses for two weeks at Christmas - both trying to forget their troubled love lives, until love finds them anyways.",English,United States,2 wins & 12 nominations,7.0,51.0,7.0,328415.0,63224849.0
A Clockwork Orange,1971.0,R,1972-02-02,136.0,"Crime, Sci-Fi",Stanley Kubrick,"Stanley Kubrick, Anthony Burgess","Malcolm McDowell, Patrick Magee, Michael Bates",Alex DeLarge and his droogs barbarize a decaying near-future.,English,"United Kingdom, United States",Nominated for 4 Oscars. 12 wins & 26 nominations total,8.2,86.0,8.2,895155.0,26617553.0
The Remaining,2014.0,PG-13,2014-09-24,88.0,"Drama, Horror, Mystery",Casey La Scala,"Casey La Scala, Chris Dowling","Johnny Pacar, Shaun Sipos, Bryan Dechart","Friends gather at a wedding, but the celebration's shattered by terrifying apocalyptic events, which force them to re-examine life, choices they've made...",English,United States,N/A,4.3,60.0,4.3,8893.0,1169603.0
,,,,,,,,,,,,,,,,,
Chicken Run: Dawn of the Nugget,2023.0,PG,2023-12-15,98.0,"Animation, Adventure, Comedy","Sam Fell, Jeff Newitt","Karey Kirkpatrick, John O'Farrell, Rachel Tunnard","Thandiwe Newton, Zachary Levi, Bella Ramsey","Having pulled off an escape from Tweedy's farm, Ginger has found a peaceful island sanctuary for the whole flock. But back on the mainland the whole of chicken-kind faces a new threat, and Ginger and her team decide to break in.",English,"United Kingdom, United States, France",Nominated for 1 BAFTA Award1 win & 9 nominations total,6.4,83.0,6.4,24913.0,
Tarzan,1999.0,G,1999-06-18,88.0,"Animation, Adventure, Comedy","Chris Buck, Kevin Lima","Edgar Rice Burroughs, Tab Murphy, Bob Tzudiker","Tony Goldwyn, Minnie Driver, Brian Blessed",A man raised by gorillas must decide where he really belongs when he discovers he is a human.,English,"United States, Japan",Won 1 Oscar. 11 wins & 23 nominations total,7.3,89.0,7.3,253022.0,171091819.0
Challengers,2024.0,R,2024-04-26,131.0,"Comedy, Drama, Romance",Luca Guadagnino,Justin Kuritzkes,"Mike Faist, Josh O'Connor, Zendaya","Tashi, a former tennis prodigy turned coach, transformed her husband into a champion. But to overcome a recent losing streak and redeem himself, he'll need to face off against his former best friend and Tashi's ex-boyfriend.","English, Romanian","United States, Italy",8 wins & 8 nominations,7.1,88.0,7.1,112709.0,50119408.0
The Town,2010.0,R,2010-09-17,125.0,"Crime, Drama, Thriller",Ben Affleck,"Peter Craig, Ben Affleck, Aaron Stockard","Ben Affleck, Rebecca Hall, Jon Hamm",A proficient group of thieves rob a bank and hold the manager hostage. Things begin to get complicated when one of the crew members falls in love with her.,English,"United States, United Kingdom",Nominated for 1 Oscar. 9 wins & 46 nominations total,7.5,92.0,7.5,422775.0,92186262.0
Something in the Water,2024.0,R,2024-05-03,86.0,"Adventure, Drama, Thriller",Hayley Easton Street,Cat Clarke,"Hiftu Quasem, Natalie Mitson, Tashani Bent",A group of five friends must fight for their lives in open water after a dream wedding turns into a nightmare.,English,"United States, France, United Kingdom",N/A,4.1,50.0,4.1,2841.0,
Southpaw,2015.0,R,2015-07-24,124.0,"Action, Drama, Sport",Antoine Fuqua,Kurt Sutter,"Jake Gyllenhaal, Rachel McAdams, Oona Laurence","After a fatal incident sends him on a rampant path of destruction, a champion boxer fights to get custody of his daughter and revive his professional career.",English,"Hong Kong, United States, China",11 nominations,7.3,60.0,7.3,263840.0,52421953.0
The Thing,1982.0,R,1982-06-25,109.0,"Horror, Mystery, Sci-Fi",John Carpenter,"Bill Lancaster, John W. Campbell Jr.","Kurt Russell, Wilford Brimley, Keith David",A research team in Antarctica is hunted by a shape-shifting alien that assumes the appearance of its victims.,"English, Norwegian","United States, Canada",5 nominations,8.2,85.0,8.2,481701.0,19857465.0
Saw,2004.0,R,2004-10-29,103.0,"Horror, Mystery, Thriller",James Wan,"Leigh Whannell, James Wan","Cary Elwes, Leigh Whannell, Danny Glover","Two men awaken to find themselves on the opposite sides of a dead body, each with specific instructions to kill the other or face consequences. These two are the latest victims of the Jigsaw Killer.",English,United States,9 wins & 10 nominations,7.6,50.0,7.6,478879.0,56000369.0
Orion and the Dark,2024.0,TV-Y7,2024-02-02,93.0,"Animation, Adventure, Comedy",Sean Charmatz,"Charlie Kaufman, Emma Yarlett, Lloyd Taylor","Jacob Tremblay, Paul Walter Hauser, Colin Hanks","A boy with an active imagination faces his fears on an unforgettable journey through the night with his new friend: a giant, smiling creature named Dark.",English,"France, United States",N/A,6.3,92.0,6.3,15119.0,
Robots,2005.0,PG,2005-03-27,91.0,"Animation, Adventure, Comedy","Chris Wedge, Carlos Saldanha","David Lindsay-Abaire, Lowell Ganz, Babaloo Mandel","Ewan McGregor, Halle Berry, Mel Brooks","In a robot world, a young idealistic inventor travels to the big city to join his inspiration's company, only to find himself opposing its sinister new management.","English, German, Hungarian","United States, United Kingdom",2 wins & 22 nominations,6.4,64.0,6.4,165297.0,128200012.0
Cinderella's Curse,2024.0,Not Rated,2024-05-31,82.0,"Drama, Fantasy, Horror",Louisa Warren,Harry Boxley,"Kelly Rian Sanson, Chrissie Wunna, Lauren Budd","Based on the same folktale that Disney updated and popularized for children, back in the 1950s.",English,United Kingdom,N/A,3.3,,3.3,1102.0,
Apartment 7A,2024.0,R,2024-09-27,104.0,"Horror, Thriller",Natalie Erika James,"Natalie Erika James, Christian White, Skylar James","Julia Garner, Dianne Wiest, Kevin McNally","A struggling young dancer finds herself drawn in by dark forces when a peculiar, well-connected older couple promise her a shot at fame.",English,"United States, Australia, United Kingdom",N/A,5.8,41.0,5.8,4735.0,
Damn You Hollywood: Extraction 2/Flamin Hot (2023),2023.0,N/A,2023-07-12,,N/A,N/A,N/A,N/A,N/A,N/A,N/A,N/A,,,,,
Hereditary,2018.0,R,2018-06-08,127.0,"Drama, Horror, Mystery",Ari Aster,Ari Aster,"Toni Collette, Milly Shapiro, Gabriel Byrne",A grieving family is haunted by tragic and disturbing occurrences.,"English, Spanish",United States,52 wins & 113 nominations,7.3,90.0,7.3,401584.0,44069456.0
Safe House,2012.0,R,2012-02-10,115.0,"Action, Thriller",Daniel Espinosa,David Guggenheim,"Denzel Washington, Ryan Reynolds, Robert Patrick","A young CIA agent is tasked with looking after a fugitive in a safe house. But when the safe house is attacked, he finds himself on the run with his charge.","English, Afrikaans","United States, Japan",1 win & 7 nominations,6.7,52.0,6.7,240225.0,126373434.0
May the 12th Be with You,2024.0,TV-G,2024-05-10,5.0,"Animation, Short, Comedy",David Silverman,"Joel H. Cohen, Al Jean, David Mirkin","Dan Castellaneta, Julie Kavner, Chris Edgerly","In honor of Star Wars Day and Mother's Day, Marge Simpson takes the Disney+ mothers and their children for an adventure.",English,United States,N/A,4.6,,4.6,588.0,
Talk to Me,2022.0,R,2023-07-28,95.0,"Horror, Thriller","Danny Philippou, Michael Philippou","Danny Philippou, Bill Hinzman, Daley Pearson","Ari McCarthy, Hamish Phillips, Kit Erhart-Bruce","When a group of friends discover how to conjure spirits using an embalmed hand, they become hooked on the new thrill, until one of them goes too far and unleashes terrifying supernatural forces.","English, Greek","Australia, United Kingdom",20 wins & 44 nominations,7.1,,7.1,167744.0,48299436.0
Kong: Skull Island,2017.0,PG-13,2017-03-10,118.0,"Action, Adventure, Fantasy",Jordan Vogt-Roberts,"Dan Gilroy, Max Borenstein, Derek Connolly","Tom Hiddleston, Samuel L. Jackson, Brie Larson","After the Vietnam war, a team of scientists explores an uncharted island in the Pacific, venturing into the domain of the mighty Kong and must fight to escape a primal Eden.","English, Vietnamese, Japanese","United States, China, Vietnam, Canada, Germany, United Kingdom, Singapore, India, Australia",Nominated for 1 Oscar. 1 win & 22 nominations total,6.7,76.0,6.7,356673.0,168052812.0
Blue Lagoon: The Awakening,2012.0,TV-14,2012-06-16,85.0,"Drama, Romance","Eric Bross, Mikael Salomon","Henry De Vere Stacpoole, Matt Heller, Heather Rutman","Indiana Evans, Brenton Thwaites, Denise Richards",Two high-school students become stranded on a tropical island and must rely on each other for survival. They learn more about themselves and one another while falling in love.,English,United States,N/A,5.3,,5.3,17790.0,
The Expendables,2010.0,R,2010-08-13,103.0,"Action, Adventure, Thriller",Sylvester Stallone,"Dave Callaham, Sylvester Stallone","Sylvester Stallone, Jason Statham, Jet Li",A CIA operative hires a team of mercenaries to eliminate a Latin dictator and a renegade CIA agent.,"English, Spanish","United States, Bulgaria, Spain, Germany",3 wins & 5 nominations,6.4,42.0,6.4,368859.0,103068524.0
Notting Hill,1999.0,PG-13,1999-05-28,124.0,"Comedy, Drama, Romance",Roger Michell,Richard Curtis,"Hugh Grant, Julia Roberts, Richard McCabe","A set of circumstances makes Anna Scott, a famous actress, fall in love with William Thacker, owner of a bookstore in Notting Hill. But the paparazzi's fascination with her complicates their bond.","English, Spanish, French","United Kingdom, United States",Won 1 BAFTA Award11 wins & 17 nominations total,7.2,84.0,7.2,351109.0,116089678.0
Creed III,2023.0,PG-13,2023-03-03,116.0,"Action, Drama, Sport",Michael B. Jordan,"Keenan Coogler, Zach Baylin, Ryan Coogler","Michael B. Jordan, Tessa Thompson, Jonathan Majors","Adonis has been thriving in both his career and family life, but when a childhood friend and former boxing prodigy resurfaces, the face-off is more than just a fight.","English, American Sign , Spanish, Hawaiian",United States,28 nominations,6.7,89.0,6.7,96921.0,156248615.0
Paddington 2,2017.0,PG,2018-01-12,103.0,"Adventure, Comedy, Family",Paul King,"Paul King, Simon Farnaby, Michael Bond","Ben Whishaw, Hugh Grant, Hugh Bonneville","Paddington, now happily settled with the Brown family and a popular member of the local community, picks up a series of odd jobs to buy the perfect present for his Aunt Lucy's 100th birthday, only for the gift to be stolen.",English,"France, United Kingdom",Nominated for 3 BAFTA 15 wins & 52 nominations total,7.8,99.0,7.8,97164.0,40907738.0
Underwater,2020.0,PG-13,2020-01-10,95.0,"Action, Horror, Sci-Fi",William Eubank,"Brian Duffield, Adam Cozad","Kristen Stewart, Vincent Cassel, Mamoudou Athie",A crew of oceanic researchers working for a deep sea drilling company try to get to safety after a mysterious earthquake devastates their deepwater research and drilling facility located at the bottom of the Mariana Trench.,English,United States,1 win & 5 nominations,5.9,48.0,5.9,100921.0,17291078.0
Skyfall,2012.0,PG-13,2012-11-09,143.0,"Action, Adventure, Thriller",Sam Mendes,"Neal Purvis, Robert Wade, John Logan","Daniel Craig, Javier Bardem, Naomie Harris","James Bond's loyalty to M is tested when her past comes back to haunt her. When MI6 comes under attack, 007 must track down and destroy the threat, no matter how personal the cost.","English, Turkish, Shanghainese, Portuguese, Japanese","United Kingdom, United States, Turkey, China",Won 2 Oscars. 69 wins & 125 nominations total,7.8,92.0,7.8,741940.0,304360277.0
An Almost Christmas Story,2024.0,PG,2024-11-15,21.0,"Animation, Short, Adventure",David Lowery,Jack Thorne,"Mamoudou Athie, Cary Christopher, Jim Gaffigan","Moon, a curious young owl, finds herself trapped in a Christmas tree destined for Rockefeller Plaza in New York City. Trying to escape the city, Moon befriends a lost little girl named Luna. Together, they embark on an adventure.",English,United States,N/A,7.2,,7.2,521.0,
The Fifth Element,1997.0,PG-13,1997-05-09,126.0,"Action, Adventure, Sci-Fi",Luc Besson,"Luc Besson, Robert Mark Kamen","Bruce Willis, Milla Jovovich, Gary Oldman","In the colorful future, a cab driver unwittingly becomes the central figure in the search for a legendary cosmic weapon to keep Evil and Mr. Zorg at bay.","English, Swedish, German, Arabic, Egyptian (Ancient)","France, United Kingdom",Nominated for 1 Oscar. 10 wins & 39 nominations total,7.6,71.0,7.6,517754.0,63820180.0
Immaculate,2024.0,R,2024-03-22,89.0,Horror,Michael Mohan,Andrew Lobel,"Sydney Sweeney, Álvaro Morte, Simona Tabasco","Cecilia, a woman of devout faith, is warmly welcomed to the picture-perfect Italian countryside where she is offered a new role at an illustrious convent. But it becomes clear to Cecilia that her new home harbors dark and horrifyi...","English, Italian","United States, Italy",5 nominations,5.8,71.0,5.8,46073.0,15671307.0
Extraction,2020.0,R,2020-04-24,116.0,"Action, Crime, Thriller",Sam Hargrave,"Joe Russo, Ande Parks, Anthony Russo","Chris Hemsworth, Bryon Lerum, Ryder Lerum","Tyler Rake, a fearless black market mercenary, embarks on the most deadly extraction of his career when he's enlisted to rescue the kidnapped son of an imprisoned international crime lord.","English, Hindi, Bengali","United States, India",4 wins & 15 nominations,6.8,67.0,6.8,271587.0,
Toy Story 4,2019.0,G,2019-06-21,100.0,"Animation, Adventure, Comedy",Josh Cooley,"John Lasseter, Andrew Stanton, Josh Cooley","Tom Hanks, Tim Allen, Annie Potts","When a new toy called ""Forky"" joins Woody and the gang, a road trip alongside old and new friends reveals how big the world can be for a toy.",English,United States,Won 1 Oscar. 61 wins & 66 nominations total,7.6,97.0,7.6,288783.0,434038008.0
The Mummy: Tomb of the Dragon Emperor,2008.0,PG-13,2008-08-01,112.0,"Action, Adventure, Fantasy",Rob Cohen,"Alfred Gough, Miles Millar, John L. Balderston","Brendan Fraser, Jet Li, Maria Bello","In the Far East, Alex O'Connell, the son of famed mummy fighters Rick and Evy O'Connell, unearths the mummy of the first Emperor of Qin -- a shape-shifting entity cursed by a witch centuries ago.","English, Mandarin, Sanskrit","United States, Germany, China, Canada, United Kingdom, Hong Kong",2 wins & 6 nominations,5.2,13.0,5.2,173403.0,102491776.0
The Greatest Showman,2017.0,PG,2017-12-20,105.0,"Biography, Drama, Musical",Michael Gracey,"Jenny Bicks, Bill Condon","Hugh Jackman, Michelle Williams, Zac Efron",Celebrates the birth of show business and tells of a visionary who rose from nothing to create a spectacle that became a worldwide sensation.,English,"United States, China",Nominated for 1 Oscar. 17 wins & 32 nominations total,7.5,56.0,7.5,320606.0,174340174.0
2012,2009.0,PG-13,2009-11-13,158.0,"Action, Adventure, Sci-Fi",Roland Emmerich,"Roland Emmerich, Harald Kloser","John Cusack, Thandiwe Newton, Chiwetel Ejiofor",A frustrated writer struggles to keep his family alive when a series of global catastrophes threatens to annihilate mankind.,"English, French, Tibetan, Mandarin, Russian, Hindi, Portuguese, Latin, Italian, Spanish",United States,5 wins & 21 nominations,5.8,40.0,5.8,404146.0,166112167.0
Passengers,2016.0,PG-13,2016-12-21,116.0,"Drama, Romance, Sci-Fi",Morten Tyldum,Jon Spaihts,"Jennifer Lawrence, Chris Pratt, Michael Sheen",A malfunction in a sleeping pod on a spacecraft traveling to a distant colony planet wakes one passenger 90 years early.,"English, Spanish, Japanese, French","United States, Australia, Hong Kong",Nominated for 2 Oscars. 2 wins & 12 nominations total,7.0,30.0,7.0,463142.0,100014699.0
RiffTrax: Star Wars: The Force Awakens,2016.0,N/A,2016-04-25,,Comedy,N/A,"Conor Lastowka, Michael J. Nelson, Sean Thomason","Bill Corbett, Kevin Murphy, Michael J. Nelson","Scavenger girl Rey leaves her junkyard home to fulfill her destiny of escorting a robot around the galaxy. Mike Nelson, Bill Corbett, and Kevin Murphy are here to see if there's more to the story in this humorous commentary.",English,United States,N/A,2.8,,2.8,30.0,
Hijack '93,2024.0,N/A,2024-10-25,,"Drama, Thriller",Robert Peters,Musa Jeffery David,"Nnamdi Agbo, Idia Aisien, Oluwaseyi Akinsola",N/A,N/A,Nigeria,N/A,,,,,
Madagascar: Escape 2 Africa,2008.0,PG,2008-11-07,89.0,"Animation, Adventure, Comedy","Eric Darnell, Tom McGrath","Etan Cohen, Eric Darnell, Tom McGrath","Ben Stiller, Chris Rock, David Schwimmer","The Madagascar animals fly back to New York City, but crash-land on an African nature reserve in Kenya, where they meet others of their own kind, and Alex especially discovers his royal heritage as prince of a lion pride.",English,"United States, United Kingdom",4 wins & 11 nominations,6.6,64.0,6.6,253321.0,180010950.0
Memento,2000.0,R,2001-05-25,113.0,"Mystery, Thriller",Christopher Nolan,"Christopher Nolan, Jonathan Nolan","Guy Pearce, Carrie-Anne Moss, Joe Pantoliano","Leonard Shelby, an insurance investigator, suffers from anterograde amnesia and uses notes and tattoos to hunt for the man he thinks killed his wife, which is the last thing he remembers.",English,United States,Nominated for 2 Oscars. 57 wins & 59 nominations total,8.4,94.0,8.4,1347376.0,25544867.0
Despicable Me 2,2013.0,PG,2013-07-03,98.0,"Animation, Adventure, Comedy","Pierre Coffin, Chris Renaud","Cinco Paul, Ken Daurio","Steve Carell, Kristen Wiig, Benjamin Bratt","When a new criminal comes to town, the Anti-Villain League decides to hire Gru in order to fight him off. While Gru initially refuses, he eventually agrees after his aide goes back to his evil ways.","English, Ukrainian",United States,Nominated for 2 Oscars. 12 wins & 66 nominations total,7.3,75.0,7.3,435437.0,368065385.0
12 Angry Men,1957.0,Approved,1957-04-10,96.0,"Crime, Drama",Sidney Lumet,Reginald Rose,"Henry Fonda, Lee J. Cobb, Martin Balsam",The jury in a New York City murder trial is frustrated by a single member whose skeptical caution forces them to more carefully consider the evidence before jumping to a hasty verdict.,English,United States,Nominated for 3 Oscars. 16 wins & 12 nominations total,9.0,100.0,9.0,891794.0,
Night at the Museum: Secret of the Tomb,2014.0,PG,2014-12-19,98.0,"Adventure, Comedy, Family",Shawn Levy,"David Guion, Michael Handelman, Mark Friedman","Ben Stiller, Robin Williams, Owen Wilson","Larry Daley and his heroic friends embark on the greatest adventure of their lives, as they travel to London to save the magic that, after dark, allows the museum's exhibits to come to life.",English,"United Kingdom, United States",1 win & 5 nominations,6.2,48.0,6.2,138636.0,113746621.0
Spirit: Stallion of the Cimarron,2002.0,G,2002-05-24,83.0,"Animation, Adventure, Drama","Kelly Asbury, Lorna Cook",John Fusco,"Matt Damon, James Cromwell, Daniel Studi",A captured mustang remains determined to return to his herd no matter what.,English,"United States, Canada",Nominated for 1 Oscar. 10 wins & 22 nominations total,7.2,69.0,7.2,87401.0,73280117.0
Red Notice,2021.0,PG-13,2021-11-12,118.0,"Action, Comedy, Thriller",Rawson Marshall Thurber,Rawson Marshall Thurber,"Dwayne Johnson, Ryan Reynolds, Gal Gadot",An Interpol agent successfully tracks down the world's most wanted art thief with help from a rival thief. But nothing is as it seems as a series of double-crosses ensues.,"English, Russian, Italian, Spanish, Indonesian","United States, United Kingdom, Singapore, Italy, Thailand, Canada",1 nomination,6.3,37.0,6.3,327651.0,
Hotel Transylvania 3: Summer Vacation,2018.0,PG,2018-07-13,97.0,"Animation, Adventure, Comedy",Genndy Tartakovsky,"Genndy Tartakovsky, Michael McCullers","Adam Sandler, Andy Samberg, Selena Gomez","Count Dracula and company participate in a cruise for sea-loving monsters, unaware that their boat is being commandeered by the monster-hating Van Helsing family.","English, Spanish, German, Russian","United States, South Korea",2 wins & 9 nominations,6.3,62.0,6.3,88957.0,167510016.0
Thanksgiving,2023.0,R,2023-11-17,106.0,"Horror, Mystery, Thriller",Eli Roth,"Jeff Rendell, Eli Roth","Patrick Dempsey, Ty Olsson, Gina Gershon","After a Black Friday riot ends in tragedy, a mysterious Thanksgiving-inspired killer terrorizes Plymouth, Massachusetts - the birthplace of the infamous holiday.",English,"United States, Canada, Australia",1 win & 12 nominations,6.2,84.0,6.2,62929.0,31908884.0
Prisoners,2013.0,R,2013-09-20,153.0,"Crime, Drama, Mystery",Denis Villeneuve,Aaron Guzikowski,"Hugh Jackman, Jake Gyllenhaal, Viola Davis","Keller Dover is facing every parent's worst nightmare. His six-year-old daughter, Anna, is missing, together with her friend, Joy, and as minutes turn to hours, panic sets in. The only lead is an RV that had been parked on their s...",English,United States,Nominated for 1 Oscar. 10 wins & 38 nominations total,8.2,81.0,8.2,837579.0,61002302.0
Terminator 3: Rise of the Machines,2003.0,R,2003-07-02,109.0,"Action, Sci-Fi",Jonathan Mostow,"John Brancato, Michael Ferris, Tedi Sarafian","Arnold Schwarzenegger, Nick Stahl, Kristanna Loken",John Connor must face a female Terminatrix with power over all the machines. But a new T-800 unit Terminator sent back through time will guide him through the coming battle.,English,"United States, Germany, United Kingdom",3 wins & 24 nominations,6.3,70.0,6.3,424110.0,150371112.0
Shooter,2007.0,R,2007-03-23,124.0,"Action, Drama, Thriller",Antoine Fuqua,"Stephen Hunter, Jonathan Lemkin","Mark Wahlberg, Michael Peña, Rhona Mitra","An expert marksman living in exile, is coaxed back into action after learning of a plot to kill the president. Now on the run after being double crossed for the assasination attempt he was trying to prevent, he sets out for the re...",English,"United States, Japan, Spain, Canada, Mexico",2 nominations,7.1,47.0,7.1,361239.0,47003582.0
Hotel Transylvania 2,2015.0,PG,2015-09-25,89.0,"Animation, Adventure, Comedy",Genndy Tartakovsky,"Robert Smigel, Adam Sandler, Todd Durham","Adam Sandler, Andy Samberg, Selena Gomez","Dracula and his friends try to bring out the monster in his half human, half vampire grandson in order to keep Mavis from leaving the hotel.",English,"United States, Canada",3 wins & 11 nominations,6.6,57.0,6.6,148389.0,169700110.0
Casino Royale,2006.0,PG-13,2006-11-17,144.0,"Action, Adventure, Thriller",Martin Campbell,"Neal Purvis, Robert Wade, Paul Haggis","Daniel Craig, Eva Green, Judi Dench","After earning a licence to kill, secret agent James Bond sets out on his first mission as 007. Bond must defeat a private banker funding terrorists in a high-stakes game of poker at Casino Royale, in Montenegro.","English, Serbian, German, Italian, French","United States, United Kingdom, Czech Republic, Germany, Bahamas",Won 1 BAFTA Award28 wins & 44 nominations total,8.0,94.0,8.0,705486.0,167445960.0
Bruce Almighty,2003.0,PG-13,2003-05-23,101.0,"Comedy, Fantasy",Tom Shadyac,"Steve Koren, Mark O'Keefe, Steve Oedekerk","Jim Carrey, Jennifer Aniston, Morgan Freeman",A whiny news reporter is given the chance to step into God's shoes.,"English, Spanish",United States,7 wins & 9 nominations,6.8,48.0,6.8,441119.0,242829261.0
"As Above, So Below",2014.0,R,2014-08-29,93.0,"Horror, Mystery, Thriller",John Erick Dowdle,"John Erick Dowdle, Drew Dowdle","Perdita Weeks, Ben Feldman, Edwin Hodge","When a team of explorers venture into the catacombs that lie beneath the streets of Paris, they uncover the dark secret that lies within this city of the dead.","English, French, Latin, Persian","United States, France",1 win & 6 nominations,6.3,29.0,6.3,117375.0,21321100.0
"The Boy, the Mole, the Fox and the Horse",2022.0,TV-G,2022-12-25,32.0,"Animation, Short, Adventure","Peter Baynton, Charlie Mackesy","Charlie Mackesy, Jon Croker","Jude Coward Nicoll, Tom Hollander, Idris Elba","Follows a boy, a mole, a fox and a horse, as they create an unexpected friendship and travel together in the boy's search for home.",English,"United Kingdom, United States",Won 1 Oscar. 6 wins & 6 nominations total,7.8,75.0,7.8,18649.0,
Mary Poppins,1964.0,G,1965-06-18,139.0,"Comedy, Family, Fantasy",Robert Stevenson,"Bill Walsh, Don DaGradi, P.L. Travers","Julie Andrews, Dick Van Dyke, David Tomlinson","In turn of the century London, a magical nanny employs music and adventure to help two neglected children become closer to their father.",English,United States,Won 5 Oscars. 22 wins & 18 nominations total,7.8,97.0,7.8,189104.0,102272727.0
My Spy,2020.0,PG-13,2020-06-26,99.0,"Action, Comedy",Peter Segal,"Erich Hoeber, Jon Hoeber","Dave Bautista, Chloe Coleman, Parisa Fitz-Henley","A hardened CIA operative finds himself at the mercy of a precocious 9-year-old girl, having been sent undercover to surveil her family.","English, French, Russian",United States,N/A,6.4,49.0,6.4,38343.0,
300,2006.0,R,2007-03-09,117.0,"Action, Drama",Zack Snyder,"Zack Snyder, Kurt Johnstad, Michael B. Gordon","Gerard Butler, Lena Headey, David Wenham","In the ancient battle of Thermopylae, King Leonidas and 300 Spartans fight against Xerxes and his massive Persian army.",English,"United States, Canada, Bulgaria",19 wins & 57 nominations,7.6,61.0,7.6,878236.0,210629101.0
The King's Man,2021.0,R,2021-12-22,131.0,"Action, Adventure, Thriller",Matthew Vaughn,"Matthew Vaughn, Karl Gajdusek, Mark Millar","Ralph Fiennes, Gemma Arterton, Rhys Ifans","In the early years of the 20th century, the Kingsman agency is formed to stand against a cabal plotting a war to wipe out millions.","English, Latin, German, French, Russian","United Kingdom, United States",1 win & 5 nominations,6.3,42.0,6.3,181096.0,37176373.0
Sherlock Holmes,2009.0,PG-13,2009-12-25,128.0,"Action, Adventure, Mystery",Guy Ritchie,"Michael Robert Johnson, Anthony Peckham, Simon Kinberg","Robert Downey Jr., Jude Law, Rachel McAdams",Detective Sherlock Holmes and his stalwart partner Watson engage in a battle of wits and brawn with a nemesis whose plot is a threat to all of England.,"English, French","United States, Germany",Nominated for 2 Oscars. 10 wins & 31 nominations total,7.6,69.0,7.6,680647.0,209028679.0
Tropic Thunder,2008.0,R,2008-08-13,107.0,"Action, Comedy, War",Ben Stiller,"Justin Theroux, Ben Stiller, Etan Cohen","Ben Stiller, Jack Black, Robert Downey Jr.","Through a series of freak occurrences, a group of actors shooting a big-budget war movie are forced to become the soldiers they are portraying.","English, Mandarin","United States, United Kingdom, Germany",Nominated for 1 Oscar. 10 wins & 47 nominations total,7.1,82.0,7.1,458440.0,110515313.0
He's Just Not That Into You,2009.0,PG-13,2009-02-06,129.0,"Comedy, Drama, Romance",Ken Kwapis,"Abby Kohn, Marc Silverstein, Greg Behrendt","Ginnifer Goodwin, Jennifer Aniston, Jennifer Connelly",This Baltimore-set movie of interconnecting story arcs deals with the challenges of reading or misreading human behavior.,English,"Germany, United States",1 win & 4 nominations,6.4,42.0,6.4,184850.0,93953653.0
In a Violent Nature,2024.0,Not Rated,2024-06-28,94.0,"Drama, Horror, Thriller",Chris Nash,Chris Nash,"Ry Barrett, Andrea Pavlovic, Cameron Love","When a locket is removed from a collapsed fire tower in the woods that entombs the rotting corpse of Johnny, a vengeful spirit spurred on by a horrific 70-year old crime, his body is resurrected and becomes hellbent on retrieving it.",English,Canada,1 win & 2 nominations,5.6,78.0,5.6,18878.0,4229999.0
Pearl,2022.0,R,2022-09-16,103.0,"Drama, Horror, Thriller",Ti West,"Ti West, Mia Goth","Mia Goth, David Corenswet, Tandi Wright","In 1918, a young woman on the brink of madness pursues stardom in a desperate attempt to escape the drudgery, isolation, and lovelessness of life on her parents' farm.","English, German",United States,19 wins & 63 nominations,7.0,93.0,7.0,122108.0,9423445.0
Hulk,2003.0,PG-13,2003-06-20,138.0,"Action, Sci-Fi",Ang Lee,"Stan Lee, Jack Kirby, James Schamus","Eric Bana, Jennifer Connelly, Sam Elliott","Bruce Banner, a genetics researcher with a tragic past, suffers a lab accident that makes him transform into a raging, giant green monster when angered, making him a target of forces seeking to abuse his power.","English, Spanish",United States,3 wins & 14 nominations,5.6,63.0,5.6,282149.0,132177234.0
Ambulance,2022.0,R,2022-04-08,136.0,"Action, Crime, Drama",Michael Bay,"Chris Fedak, Laurits Munch-Petersen, Lars Andreas Pedersen","Jake Gyllenhaal, Yahya Abdul-Mateen II, Eiza González",Two robbers steal an ambulance after their heist goes awry.,"English, Spanish, Cantonese","United States, Japan",11 nominations,6.1,68.0,6.1,103674.0,22781115.0
Sausage Party,2016.0,R,2016-08-12,89.0,"Animation, Adventure, Comedy","Conrad Vernon, Greg Tiernan","Kyle Hunter, Ariel Shaffir, Seth Rogen","Seth Rogen, Kristen Wiig, Jonah Hill",A sausage leads a group of supermarket products on a journey to discover the truth about their existence and what really happens when they are picked off the shelf.,English,"United States, Canada",1 win & 26 nominations,6.1,82.0,6.1,215361.0,97685686.0
The Christmas Chronicles,2018.0,PG,2018-11-22,104.0,"Adventure, Comedy, Family",Clay Kaytis,"Matt Lieberman, David Guggenheim","Kurt Russell, Darby Camp, Judah Lewis","The story of sister and brother, Kate and Teddy Pierce, whose Christmas Eve plan to catch Santa Claus on camera turns into an unexpected journey that most kids could only dream about.","English, Spanish, French, Romanian",United States,2 nominations,7.0,67.0,7.0,84426.0,
Lilo & Stitch,2002.0,PG,2002-06-21,85.0,"Animation, Adventure, Comedy","Dean DeBlois, Chris Sanders","Chris Sanders, Dean DeBlois","Daveigh Chase, Chris Sanders, Tia Carrere","A young and parentless girl adopts a 'dog' from the local pound, completely unaware that it's supposedly a dangerous scientific experiment that's taken refuge on Earth and is now hiding from its creator and those who see it as a m...","English, Hawaiian","United States, Japan",Nominated for 1 Oscar. 12 wins & 28 nominations total,7.3,87.0,7.3,217702.0,145794338.0
Wonder Woman,2017.0,PG-13,2017-06-02,141.0,"Action, Adventure, Fantasy",Patty Jenkins,"Allan Heinberg, Zack Snyder, Jason Fuchs","Gal Gadot, Chris Pine, Robin Wright","When a pilot crashes and tells of conflict in the outside world, Diana, an Amazonian warrior in training, leaves home to fight a war, discovering her full powers and true destiny.","English, German, Dutch, Flemish, French, Spanish, Chinese, Greek, Ancient (to 1453), North American Indian","United States, China, Hong Kong",38 wins & 75 nominations,7.3,93.0,7.3,709834.0,412845172.0
All You Need Is Blood,2023.0,N/A,2023-11-03,100.0,"Comedy, Horror","Bucky Le Boeuf, Cooper Roberts","Bucky Le Boeuf, Cooper Roberts","Logan Riley Bruner, Amanda Bruton, Christopher Cardoza",An aspiring teen filmmaker casts the perfect lead for his breakout zombie film: his undead dad.,English,United States,2 wins & 3 nominations,,,,78.0,
Never Back Down: No Surrender,2016.0,R,2016-06-07,101.0,"Action, Sport",Michael Jai White,"Chris Hauty (characters), Chris Hauty (screenplay), Chris Hauty (story), Michael Jai White (screenplay)","Michael Jai White, Gillian White, Esai Morales, Stephen Quadros","Picking up after the events of Never Back Down 2, former MMA champion Case Walker is on the comeback trail to become champion once again.",English,USA,N/A,6.3,,6.3,5838.0,
The Mask,1994.0,PG-13,1994-07-29,101.0,"Action, Comedy, Crime",Chuck Russell,"Michael Fallon, Mark Verheiden, Mike Werb","Jim Carrey, Cameron Diaz, Peter Riegert",Bank clerk Stanley Ipkiss is transformed into a manic superhero when he wears a mysterious mask.,"English, Swedish",United States,Nominated for 1 Oscar. 6 wins & 22 nominations total,6.9,80.0,6.9,433143.0,119938730.0
Noah,2014.0,PG-13,2014-03-28,138.0,"Action, Adventure, Drama",Darren Aronofsky,"Darren Aronofsky, Ari Handel","Russell Crowe, Jennifer Connelly, Anthony Hopkins",Noah is chosen by God to undertake a momentous mission before an apocalyptic flood cleanses the world.,English,United States,1 win & 19 nominations,5.8,75.0,5.8,268963.0,101200044.0
The Butterfly Effect,2004.0,R,2004-01-23,113.0,"Drama, Sci-Fi, Thriller","Eric Bress, J. Mackye Gruber","J. Mackye Gruber, Eric Bress","Ashton Kutcher, Amy Smart, Melora Walters","Evan Treborn suffers blackouts during significant events of his life. As he grows up, he finds a way to remember these lost memories and a supernatural way to alter his life by reading his journal.",English,"United States, Canada",1 win & 8 nominations,7.6,34.0,7.6,530199.0,57938693.0
The Purge: Anarchy,2014.0,R,2014-07-18,103.0,"Action, Horror, Sci-Fi",James DeMonaco,James DeMonaco,"Frank Grillo, Carmen Ejogo, Zach Gilford","Three groups of people intertwine and are left stranded in the streets on Purge Night, trying to survive the chaos and violence that occurs.",English,"United States, France",3 wins & 6 nominations,6.4,59.0,6.4,165580.0,71962800.0
The Da Vinci Code,2006.0,PG-13,2006-05-19,149.0,"Mystery, Thriller",Ron Howard,"Akiva Goldsman, Dan Brown","Tom Hanks, Audrey Tautou, Jean Reno","A murder inside the Louvre, and clues in Da Vinci paintings, lead to the discovery of a religious mystery protected by a secret society for two thousand years, which could shake the foundations of Christianity.","English, French, Latin, Spanish","United States, Malta, France, United Kingdom",8 wins & 21 nominations,6.6,25.0,6.6,465327.0,217536138.0
The Chronicles of Narnia: Prince Caspian,2008.0,PG,2008-05-16,150.0,"Action, Adventure, Family",Andrew Adamson,"Andrew Adamson, Christopher Markus, Stephen McFeely","Ben Barnes, Skandar Keynes, Georgie Henley","The Pevensie siblings return to Narnia, where they are enlisted to once again help ward off an evil king and restore the rightful heir to the land's throne, Prince Caspian.",English,"United States, Poland, Slovenia, Czech Republic, United Kingdom, Australia, Germany, Guatemala, New Zealand",4 wins & 21 nominations,6.5,66.0,6.5,229169.0,141621490.0
Garfield,2017.0,N/A,2018-01-19,13.0,"Short, Drama",Georgi Banks-Davies,Myra Appannah,"Matthew Trevannion, Mandeep Dhillon","Krishna wakes up in a strange place, with a strange guy. As she pieces together how she got there, she realises that the reasons may be bigger than just the night before.",English,United Kingdom,2 nominations,8.5,,8.5,146.0,
Lara Croft: Tomb Raider,2001.0,PG-13,2001-06-15,100.0,"Action, Adventure, Fantasy",Simon West,"Sara B. Cooper, Mike Werb, Michael Colleary","Angelina Jolie, Jon Voight, Iain Glen",Video game adventurer Lara Croft comes to life in a movie where she races against time and villains to recover powerful ancient artifacts.,"English, Central Khmer, Russian, Italian","United States, United Kingdom, Japan, Germany",4 wins & 21 nominations,5.8,20.0,5.8,222015.0,131168070.0
Star Wars: Episode I - The Phantom Menace,1999.0,PG,1999-05-19,136.0,"Action, Adventure, Fantasy",George Lucas,George Lucas,"Ewan McGregor, Liam Neeson, Natalie Portman","Two Jedi escape a hostile blockade to find allies and come across a young boy who may bring balance to the Force, but the long dormant Sith resurface to claim their original glory.","English, Sanskrit","United States, United Kingdom",Nominated for 3 Oscars. 28 wins & 71 nominations total,6.5,52.0,6.5,873624.0,487576624.0
Jungle Cruise,2021.0,PG-13,2021-07-30,127.0,"Action, Adventure, Comedy",Jaume Collet-Serra,"Michael Green, Glenn Ficarra, John Requa","Dwayne Johnson, Emily Blunt, Edgar Ramírez",Based on Disneyland's theme park ride where a small riverboat takes a group of travelers through a jungle filled with dangerous animals and reptiles but with a supernatural element.,"English, German, Spanish, Tupi, Italian, Portuguese, Latin, French","United States, Hungary, Canada",5 wins & 9 nominations,6.6,62.0,6.6,216999.0,116987516.0
Bridge to Terabithia,2007.0,PG,2007-02-16,96.0,"Drama, Family, Fantasy",Gabor Csupo,"Jeff Stockwell, David Paterson, Katherine Paterson","Josh Hutcherson, AnnaSophia Robb, Zooey Deschanel","Leslie and Jess create the secret kingdom of Terabithia, a land of monsters, trolls, ogres and giants where they spend their free time ruling as king and queen and fighting evil creatures.",English,"United States, New Zealand",6 wins & 5 nominations,7.2,85.0,7.2,177204.0,82272442.0
Creed II,2018.0,PG-13,2018-11-21,130.0,"Action, Drama, Sport",Steven Caple Jr.,"Juel Taylor, Sylvester Stallone, Sascha Penn","Michael B. Jordan, Sylvester Stallone, Tessa Thompson","Under the tutelage of Rocky Balboa, newly crowned heavyweight champion Adonis Creed faces off against Viktor Drago, the son of Ivan Drago.","English, Russian, Sign ",United States,1 win & 12 nominations,7.1,83.0,7.1,158953.0,115715889.0
50 First Dates,2004.0,PG-13,2004-02-13,99.0,"Comedy, Drama, Romance",Peter Segal,George Wing,"Adam Sandler, Drew Barrymore, Rob Schneider",Henry Roth is a man afraid of commitment until he meets the beautiful Lucy. They hit it off and Henry think he's finally found the girl of his dreams until discovering she has short-term memory loss and forgets him the next day.,"English, Hawaiian, Mandarin",United States,6 wins & 10 nominations,6.8,45.0,6.8,389936.0,120908074.0
Star Wars: Episode II - Attack of the Clones,2002.0,PG,2002-05-16,142.0,"Action, Adventure, Fantasy",George Lucas,"George Lucas, Jonathan Hales","Hayden Christensen, Natalie Portman, Ewan McGregor","Ten years after initially meeting, Anakin Skywalker shares a forbidden romance with Padmé Amidala, while Obi-Wan Kenobi discovers a secret clone army crafted for the Jedi.",English,"United States, United Kingdom",Nominated for 1 Oscar. 21 wins & 71 nominations total,6.6,65.0,6.6,773661.0,310676740.0
Halloween,1978.0,R,1978-10-27,91.0,"Horror, Thriller",John Carpenter,"John Carpenter, Debra Hill","Donald Pleasence, Jamie Lee Curtis, Tony Moran","Fifteen years after murdering his sister on Halloween night 1963, Michael Myers escapes from a mental hospital and returns to the small town of Haddonfield, Illinois, to kill again.",English,United States,9 wins & 3 nominations,7.7,96.0,7.7,315031.0,47160000.0
The Demon Disorder,2024.0,N/A,2024-09-06,86.0,Horror,Steven Boyle,"Steven Boyle, Toby Osborne","Charles Cottier, Dirk Hunter, Amy Ingram","Tells the story of Graham, Jake and Phillip Reilly and their deceased father. Their pasts collide when a family secret is discovered, leading their father's garage to become the site of revenge from beyond the grave.",English,Australia,N/A,4.9,,4.9,966.0,
Daddy's Home 2,2017.0,PG-13,2017-11-10,100.0,Comedy,Sean Anders,"Sean Anders, John Morris, Brian Burns","Will Ferrell, Mark Wahlberg, Mel Gibson","Having finally gotten used to each other's existence, Brad and Dusty must now deal with their intrusive fathers during the holidays.","English, Spanish",United States,1 win & 8 nominations,6.0,21.0,6.0,83903.0,104029443.0
The Great Wall,2016.0,PG-13,2017-02-17,103.0,"Action, Adventure, Fantasy",Yimou Zhang,"Carlo Bernard, Doug Miro, Tony Gilroy","Matt Damon, Tian Jing, Willem Dafoe","In ancient China, a group of European mercenaries encounters a secret army that maintains and defends the Great Wall of China against a horde of monstrous creatures.","English, Mandarin, Spanish","United States, China, Hong Kong, Australia, Canada, Japan",3 wins & 2 nominations,5.9,35.0,5.9,151140.0,45540830.0
Tenet,2020.0,PG-13,2020-09-03,150.0,"Action, Sci-Fi, Thriller",Christopher Nolan,Christopher Nolan,"John David Washington, Robert Pattinson, Elizabeth Debicki","Armed with only the word ""Tenet,"" and fighting for the survival of the entire world, CIA operative, The Protagonist, journeys through a twilight world of international espionage on a global mission that unfolds beyond real time.",English,"United States, United Kingdom",Won 1 Oscar. 49 wins & 136 nominations total,7.3,70.0,7.3,608787.0,58504105.0
Nocturnal Animals,2016.0,R,2016-12-09,116.0,"Drama, Thriller",Tom Ford,"Tom Ford, Austin Wright","Amy Adams, Jake Gyllenhaal, Michael Shannon","A wealthy art gallery owner is haunted by her ex-husband's novel, a violent thriller she interprets as a symbolic revenge tale.",English,"United States, China",Nominated for 1 Oscar. 21 wins & 153 nominations total,7.5,74.0,7.5,319684.0,10663357.0
Star Trek Beyond,2016.0,PG-13,2016-07-22,122.0,"Action, Adventure, Sci-Fi",Justin Lin,"Simon Pegg, Doug Jung, Gene Roddenberry","Chris Pine, Zachary Quinto, Karl Urban","The crew of the USS Enterprise explores the furthest reaches of uncharted space, where they encounter a new ruthless enemy, who puts them, and everything the Federation stands for, to the test.",English,"United States, China",Nominated for 1 Oscar. 3 wins & 29 nominations total,7.0,86.0,7.0,261678.0,158848340.0
Heat,1995.0,R,1995-12-15,170.0,"Action, Crime, Drama",Michael Mann,Michael Mann,"Al Pacino, Robert De Niro, Val Kilmer",A group of high-end professional thieves start to feel the heat from the LAPD when they unknowingly leave a verbal clue at their latest heist.,"English, Spanish",United States,15 nominations,8.3,83.0,8.3,736991.0,67436818.0
Sicario: Day of the Soldado,2018.0,R,2018-06-29,122.0,"Action, Crime, Drama",Stefano Sollima,Taylor Sheridan,"Benicio Del Toro, Josh Brolin, Isabela Merced","The drug war on the U.S.-Mexico border has escalated as the cartels have begun trafficking terrorists across the US border. To fight the war, federal agent Matt Graver re-teams with the mercurial Alejandro.","English, Spanish, American Sign , Arabic, Somali, Spanish Sign ","United States, Mexico, Italy",1 win & 8 nominations,7.1,62.0,7.1,172564.0,50072235.0
Her,2013.0,R,2014-01-10,126.0,"Drama, Romance, Sci-Fi",Spike Jonze,Spike Jonze,"Joaquin Phoenix, Amy Adams, Scarlett Johansson","In the near future, a lonely writer develops an unlikely relationship with an operating system designed to meet his every need.",English,United States,Won 1 Oscar. 83 wins & 186 nominations total,8.0,95.0,8.0,683445.0,25568251.0
Raiders of the Lost Ark,1981.0,PG,1981-06-12,115.0,"Action, Adventure",Steven Spielberg,"Lawrence Kasdan, George Lucas, Philip Kaufman","Harrison Ford, Karen Allen, Paul Freeman","In 1936, archaeologists and adventurers of the U.S. government hired Indiana Jones to find the Ark of the Covenant before the Nazis could obtain its extraordinary powers.","English, German, Spanish, Nepali, Hebrew, Arabic",United States,Won 4 Oscars. 38 wins & 24 nominations total,8.4,93.0,8.4,1052696.0,248159971.0
The Hamster Factor and Other Tales of Twelve Monkeys,1996.0,N/A,1996-11-01,88.0,Documentary,"Keith Fulton, Louis Pepe","Keith Fulton, Louis Pepe","Keith Fulton, Terry Gilliam, Charles Roven, Lloyd Phillips","A documentary following Terry Gilliam through the creation of ""12 Monkeys"" (1995)",English,USA,N/A,7.6,,7.6,996.0,
National Lampoon's Christmas Vacation,1989.0,PG-13,1989-12-01,97.0,Comedy,Jeremiah S. Chechik,John Hughes,"Chevy Chase, Beverly D'Angelo, Juliette Lewis",The Griswold family's plans for a big family Christmas predictably turn into a big disaster.,English,United States,N/A,7.5,70.0,7.5,223665.0,74515899.0
The SpongeBob SquarePants Movie,2004.0,PG,2004-11-19,87.0,"Animation, Adventure, Comedy","Stephen Hillenburg, Mark Osborne","Derek Drymon, Tim Hill, Stephen Hillenburg","Tom Kenny, Jeffrey Tambor, Rodger Bumpass","SpongeBob takes leave from Bikini Bottom in order to track down, with Patrick, King Neptune's stolen crown.",English,"United States, Australia, South Korea",1 win & 10 nominations,7.2,68.0,7.2,105552.0,85417988.0
Brother Bear,2003.0,G,2003-11-01,85.0,"Animation, Adventure, Comedy","Aaron Blaise, Robert Walker","Tab Murphy, Lorne Cameron, David Hoselton","Joaquin Phoenix, Jeremy Suarez, Rick Moranis","When a young Inuit hunter needlessly kills a bear, he is magically changed into a bear himself as punishment with a talkative cub being his only guide to changing back.","English, Inuktitut, Croatian, Serbian","United States, Japan",Nominated for 1 Oscar. 2 wins & 22 nominations total,6.9,37.0,6.9,126790.0,85336277.0
Atonement,2007.0,R,2008-01-11,123.0,"Drama, Mystery, Romance",Joe Wright,"Ian McEwan, Christopher Hampton","Keira Knightley, James McAvoy, Brenda Blethyn",Thirteen-year-old fledgling writer Briony Tallis irrevocably changes the course of several lives when she accuses her older sister's lover of a crime he did not commit.,"English, French","United States, France, United Kingdom",Won 1 Oscar. 52 wins & 150 nominations total,7.8,83.0,7.8,305447.0,50927067.0
Overboard,1987.0,PG,1987-12-16,112.0,"Comedy, Romance",Garry Marshall,Leslie Dixon,"Goldie Hawn, Kurt Russell, Edward Herrmann","A cruel but beautiful heiress mocks and cheats a hired carpenter. When she gets amnesia after an accident, he decides to introduce her to regular life by convincing her that they're husband and wife.","English, French, Portuguese",United States,3 nominations,6.9,46.0,6.9,69747.0,26713187.0
Star Wars: Episode VI - Return of the Jedi,1983.0,PG,1983-05-25,131.0,"Action, Adventure, Fantasy",Richard Marquand,"Lawrence Kasdan, George Lucas","Mark Hamill, Harrison Ford, Carrie Fisher","After rescuing Han Solo from Jabba the Hutt, the Rebel Alliance attempts to destroy the second Death Star while Luke struggles to help Darth Vader back from the dark side.","English, Kikuyu, Tagalog, Kalmyk-Oirat, Quechua, Polish",United States,Nominated for 4 Oscars. 25 wins & 23 nominations total,8.3,82.0,8.3,1141461.0,316566101.0
The Dictator,2012.0,R,2012-05-16,83.0,Comedy,Larry Charles,"Sacha Baron Cohen, Alec Berg, David Mandel","Sacha Baron Cohen, Anna Faris, John C. Reilly",The heroic story of a dictator who risked his life to ensure that democracy would never come to the country he so lovingly oppressed.,"English, Hebrew, Arabic",United States,1 win & 1 nomination,6.5,57.0,6.5,344370.0,59650222.0
Charlie's Angels,2000.0,PG-13,2000-11-03,98.0,"Action, Adventure, Comedy",McG,"Ryan Rowe, Ed Solomon, John August","Cameron Diaz, Drew Barrymore, Lucy Liu","Three women, detectives with a mysterious boss, retrieve stolen voice-ID software, using martial arts, tech skills, and sex appeal.","English, German","Germany, United States",15 wins & 33 nominations,5.6,68.0,5.6,198706.0,125305545.0
Edward Scissorhands,1990.0,PG-13,1990-12-14,105.0,"Drama, Fantasy, Romance",Tim Burton,"Tim Burton, Caroline Thompson","Johnny Depp, Winona Ryder, Dianne Wiest",The solitary life of an artificial man - who was incompletely constructed and has scissors for hands - is upended when he is taken in by a suburban family.,English,United States,Nominated for 1 Oscar. 10 wins & 24 nominations total,7.9,90.0,7.9,536695.0,56362352.0
The Boss Baby: Family Business,2021.0,PG,2021-07-02,107.0,"Animation, Adventure, Comedy",Tom McGrath,"Michael McCullers, Tom McGrath, Marla Frazee","Alec Baldwin, James Marsden, Amy Sedaris","The Templeton brothers have become adults and drifted away from each other, but a new boss baby with a cutting-edge approach is about to bring them together again - and inspire a new family business.",English,United States,7 nominations,5.9,46.0,5.9,23521.0,57300280.0
I Saw the TV Glow,2024.0,PG-13,2024-05-17,100.0,"Drama, Horror",Jane Schoenbrun,Jane Schoenbrun,"Justice Smith, Brigette Lundy-Paine, Ian Foreman",A teenager is trying to survive life in the suburbs when a classmate introduces him to a mysterious late-night television show.,English,"United States, United Kingdom",4 wins & 23 nominations,5.8,84.0,5.8,24745.0,5017817.0
The Zone of Interest,2023.0,PG-13,2024-02-20,105.0,"Drama, History, War",Jonathan Glazer,"Jonathan Glazer, Martin Amis","Christian Friedel, Sandra Hüller, Johann Karthaus",Auschwitz commandant Rudolf Höss and his wife Hedwig strive to build a dream life for their family in a house and garden beside the camp.,"German, Polish, Yiddish","United Kingdom, Poland, United States",Won 2 Oscars. 57 wins & 157 nominations total,7.4,93.0,7.4,115429.0,8659464.0
Planet of the Apes,2001.0,PG-13,2001-07-27,120.0,"Action, Adventure, Sci-Fi",Tim Burton,"Pierre Boulle, William Broyles Jr., Lawrence Konner","Mark Wahlberg, Helena Bonham Carter, Tim Roth","In 2029, an Air Force astronaut crash-lands on a mysterious planet where evolved, talking apes dominate a race of primitive humans.",English,United States,Nominated for 2 BAFTA 11 wins & 32 nominations total,5.7,43.0,5.7,236073.0,180011740.0
Spectre,2015.0,PG-13,2015-11-06,148.0,"Action, Adventure, Thriller",Sam Mendes,"John Logan, Neal Purvis, Robert Wade","Daniel Craig, Christoph Waltz, Léa Seydoux","A cryptic message from James Bond's past sends him on a trail to uncover the existence of a sinister organisation named SPECTRE. With a new threat dawning, Bond learns the terrible truth about the author of all his pain in his mos...","English, German, Italian, Spanish, French, Ukrainian","United Kingdom, United States, Morocco, Italy, Austria, Canada, Mexico",Won 1 Oscar. 8 wins & 37 nominations total,6.8,63.0,6.8,473243.0,200074609.0
Wreck-It Ralph,2012.0,PG,2012-11-02,101.0,"Animation, Adventure, Comedy",Rich Moore,"Rich Moore, Phil Johnston, Jim Reardon","John C. Reilly, Jack McBrayer, Jane Lynch",Ralph is tired of playing the role of a bad guy and embarks on a journey to become a video game hero. But he accidentally lets loose a deadly enemy that threatens the entire arcade.,English,United States,Nominated for 1 Oscar. 33 wins & 42 nominations total,7.7,87.0,7.7,469870.0,189422889.0
Black Lotus,2023.0,N/A,2023-04-13,90.0,"Action, Drama, Thriller",Todor Chapkanov,Tad Daggerhart,"Rico Verhoeven, Frank Grillo, Marie Dompnier",An ex-special forces operative wages a one man war through the streets of Amsterdam to rescue his friend's daughter from the local crime syndicate.,"English, Dutch","United States, Netherlands",N/A,4.3,,4.3,2622.0,
American Pie 2,2001.0,R,2001-08-10,108.0,Comedy,J.B. Rogers,"Adam Herz, David H. Steinberg","Jason Biggs, Seann William Scott, Shannon Elizabeth","Jim and his friends are now in college, and they decide to meet up at the beach house for some fun.",English,United States,8 wins & 7 nominations,6.4,51.0,6.4,274314.0,145103595.0
Greenland,2020.0,PG-13,2020-12-18,119.0,"Action, Thriller",Ric Roman Waugh,Chris Sparling,"Gerard Butler, Morena Baccarin, Roger Dale Floyd",A family struggles for survival in the face of a cataclysmic natural disaster.,"English, Spanish, Russian","United States, United Kingdom",1 win & 2 nominations,6.4,77.0,6.4,140237.0,
Bad Boys,1995.0,R,1995-04-07,119.0,"Action, Comedy, Crime",Michael Bay,"George Gallo, Michael Barrie, Jim Mulholland","Will Smith, Martin Lawrence, Lisa Boyle",Two hip detectives protect a witness to a murder while investigating a case of stolen heroin from the evidence storage room from their police precinct.,"English, Persian",United States,1 win & 3 nominations,6.8,43.0,6.8,299905.0,65807024.0
Angel Has Fallen,2019.0,R,2019-08-23,121.0,"Action, Thriller",Ric Roman Waugh,"Robert Mark Kamen, Matt Cook, Ric Roman Waugh","Gerard Butler, Frederick Schmidt, Danny Huston",Mike Banning is framed for the attempted assassination of the President and must evade his own agency and the FBI as he tries to uncover the real threat.,English,United States,1 nomination,6.4,38.0,6.4,113540.0,69030436.0
It Follows,2014.0,R,2015-03-13,100.0,"Horror, Mystery, Thriller",David Robert Mitchell,David Robert Mitchell,"Maika Monroe, Keir Gilchrist, Olivia Luccardi",A young woman is followed by an unknown supernatural force after a sexual encounter.,English,United States,25 wins & 44 nominations,6.8,95.0,6.8,277924.0,14674076.0
Mama,2013.0,PG-13,2013-01-18,100.0,"Fantasy, Horror, Thriller",Andy Muschietti,"Andy Muschietti, Barbara Muschietti, Neil Cross","Jessica Chastain, Nikolaj Coster-Waldau, Megan Charpentier","Two little girls disappear into the woods the day that their parents were killed. When they are found 5 years later and begin a new life, they find that someone or something still wants to tuck them in at night.",English,"Canada, Spain",11 wins & 19 nominations,6.2,63.0,6.2,194154.0,71628180.0
Chicken Run,2000.0,G,2000-06-23,84.0,"Animation, Adventure, Comedy","Peter Lord, Nick Park","Peter Lord, Nick Park, Karey Kirkpatrick","Mel Gibson, Julia Sawalha, Phil Daniels","When a cockerel apparently flies into a chicken farm, the chickens see him as an opportunity to escape their evil owners.",English,"United Kingdom, France, United States",Nominated for 2 BAFTA 24 wins & 27 nominations total,7.1,97.0,7.1,215381.0,106834564.0
The Blair Witch Project,1999.0,R,1999-07-30,81.0,"Horror, Mystery","Daniel Myrick, Eduardo Sánchez","Daniel Myrick, Eduardo Sánchez, Heather Donahue","Heather Donahue, Michael C. Williams, Joshua Leonard","Three film students vanish after traveling into a Maryland forest to film a documentary on the local Blair Witch legend, leaving only their footage behind.",English,United States,23 wins & 26 nominations,6.5,86.0,6.5,295920.0,140539099.0
Homefront,2013.0,R,2013-11-27,100.0,"Action, Crime, Thriller",Gary Fleder,"Sylvester Stallone, Chuck Logan","Jason Statham, James Franco, Winona Ryder","A former DEA agent moves his family to a quiet town, where he soon tangles with a local meth druglord.",English,United States,1 nomination,6.5,42.0,6.5,133121.0,20158898.0
Uptown Girls,2003.0,PG-13,2003-08-15,92.0,"Comedy, Drama, Romance",Boaz Yakin,"Julie Margaret Hogben, Mo Ogrodnik, Lisa Davidowitz","Brittany Murphy, Dakota Fanning, Heather Locklear",A grown-up woman who kept her childish instincts and behavior starts working as the nanny of an 8-year-old girl who actually acts like an adult. But everything ends right-side up.,English,United States,2 nominations,6.2,13.0,6.2,45197.0,37182494.0
The Pope's Exorcist,2023.0,R,2023-04-14,103.0,"Horror, Thriller",Julius Avery,"Michael Petroni, Evan Spiliotopoulos, R. Dean McCreary","Russell Crowe, Daniel Zovatto, Alexandra Essoe","In 1987, Gabriel Amorth, the Vatican's leading exorcist, investigates the demonic possession of an American boy in Spain, and discovers a secret the Vatican has tried to keep buried for centuries.","English, Italian, Spanish, Latin, German","United States, Spain, United Kingdom",1 win & 3 nominations,6.1,51.0,6.1,89751.0,20009380.0
Cruel Intentions,1999.0,R,1999-03-05,97.0,"Drama, Romance",Roger Kumble,"Choderlos de Laclos, Roger Kumble","Sarah Michelle Gellar, Ryan Phillippe, Reese Witherspoon",Two vicious step-siblings of an elite Manhattan prep school make a wager: to deflower the new headmaster's daughter before the start of term.,"English, Vietnamese, French",United States,8 wins & 14 nominations,6.8,53.0,6.8,209647.0,38773785.0
Mulan,1998.0,G,1998-06-19,87.0,"Animation, Adventure, Comedy","Tony Bancroft, Barry Cook","Robert D. San Souci, Rita Hsiao, Chris Sanders","Ming-Na Wen, Eddie Murphy, BD Wong","To save her father from death in the army, a young maiden secretly goes in his place and becomes one of China's greatest heroines in the process.","English, Mandarin",United States,Nominated for 1 Oscar. 17 wins & 21 nominations total,7.7,86.0,7.7,324003.0,120620254.0
Hard Target,1993.0,NC-17,1993-08-20,97.0,"Action, Crime, Thriller",John Woo,Chuck Pfarrer,"Jean-Claude Van Damme, Lance Henriksen, Yancy Butler","A woman hires a drifter as her guide through New Orleans in search of her missing father. In the process, they discover a deadly game of cat and mouse behind his disappearance.","English, French",United States,1 win & 5 nominations,6.2,62.0,6.2,57836.0,32589677.0
Haunted Mansion,2023.0,PG-13,2023-07-28,123.0,"Comedy, Drama, Family",Justin Simien,Katie Dippold,"LaKeith Stanfield, Rosario Dawson, Owen Wilson","A single mom named Gabbie hires a tour guide, a psychic, a priest and a historian to help exorcise her newly bought mansion after discovering it is inhabited by ghosts.","English, French, Spanish","United States, Canada",7 nominations,6.0,38.0,6.0,45712.0,67653287.0
Redeeming Love,2022.0,PG-13,2022-01-21,134.0,"Drama, Romance, Western",D.J. Caruso,"Francine Rivers, D.J. Caruso","Abigail Cowen, Tom Lewis, Eric Dane","Sold into prostitution as a child, Angel knows nothing but betrayal. Can her heart ever be mended? Based upon the novel by Francine Rivers.",English,United States,1 win & 1 nomination,6.7,11.0,6.7,16081.0,9214020.0
Free Guy,2021.0,PG-13,2021-08-13,115.0,"Action, Adventure, Comedy",Shawn Levy,"Matt Lieberman, Zak Penn","Ryan Reynolds, Jodie Comer, Taika Waititi","When Guy, a bank teller, learns that he is a non-player character in a bloodthirsty, open-world video game, he goes on to become the hero of the story and takes the responsibility of saving the world.","English, Japanese, German","United States, Canada",Nominated for 1 Oscar. 5 wins & 29 nominations total,7.1,80.0,7.1,446824.0,121626598.0
Mission: Impossible III,2006.0,PG-13,2006-05-05,126.0,"Action, Adventure, Thriller",J.J. Abrams,"Alex Kurtzman, Roberto Orci, J.J. Abrams","Tom Cruise, Michelle Monaghan, Ving Rhames",IMF agent Ethan Hunt comes into conflict with a dangerous and sadistic arms dealer who threatens his life and his fiancée in response.,"English, Italian, Mandarin, Cantonese, German, Czech","United States, Germany, China, Italy",7 wins & 14 nominations,6.9,71.0,6.9,396641.0,134029801.0
Nope,2022.0,R,2022-07-22,130.0,"Horror, Mystery, Sci-Fi",Jordan Peele,Jordan Peele,"Daniel Kaluuya, Keke Palmer, Brandon Perea",The residents of a lonely gulch in inland California bear witness to an uncanny and chilling discovery.,"English, Spanish","Canada, Japan, United States",43 wins & 180 nominations,6.8,83.0,6.8,288174.0,123277080.0
The Revenant,2015.0,R,2016-01-08,156.0,"Action, Adventure, Drama",Alejandro G. Iñárritu,"Mark L. Smith, Alejandro G. Iñárritu, Michael Punke","Leonardo DiCaprio, Tom Hardy, Will Poulter",A frontiersman on a fur trading expedition in the 1820s fights for survival after being mauled by a bear and left for dead by members of his own hunting team.,"English, Pawnee, French","Hong Kong, Taiwan, United States",Won 3 Oscars. 92 wins & 193 nominations total,8.0,78.0,8.0,893334.0,183637894.0
The Creator,2023.0,PG-13,2023-09-29,133.0,"Action, Adventure, Drama",Gareth Edwards,"Gareth Edwards, Chris Weitz","John David Washington, Madeleine Yuna Voyles, Gemma Chan","Against the backdrop of a war between humans and robots with artificial intelligence, a former soldier finds the secret weapon, a robot in the form of a young child.","English, Thai",United States,Nominated for 2 Oscars. 13 wins & 42 nominations total,6.7,68.0,6.7,173191.0,40774679.0
The Quest for Tom Sawyer's Gold,2023.0,PG,2023-03-28,88.0,"Adventure, Family",Kirk Harris,"Nick Pollack, Jerome Reygner-Kalfon, Sebastien Semon","Joey Lauren Adams, Patrick Muldoon, Alex Hyde-White",A risk-averse English teacher is forced to face her greatest fears when several of her students venture alone into the southern wilderness in search of Tom Sawyer's long lost gold.,English,United States,N/A,4.2,,4.2,2639.0,
Hunting Games,2023.0,N/A,2023-05-05,94.0,"Action, Thriller",Justin Lee,Justin Lee,"Randy Charach, Tito Ortiz, Ed Morrone","When a group of ex-military members is hired to retrieve a lost bag of stolen money, their mission becomes more difficult after a lone hunter finds the bag first.",English,United States,N/A,3.5,,3.5,241.0,
Knives Out,2019.0,PG-13,2019-11-27,130.0,"Comedy, Crime, Drama",Rian Johnson,Rian Johnson,"Daniel Craig, Chris Evans, Ana de Armas","A detective investigates the death of the patriarch of an eccentric, combative family.",English,United States,Nominated for 1 Oscar. 52 wins & 116 nominations total,7.9,97.0,7.9,793719.0,165363234.0
Overlord,2018.0,R,2018-11-09,110.0,"Action, Horror, Sci-Fi",Julius Avery,"Billy Ray, Mark L. Smith","Jovan Adepo, Wyatt Russell, Mathilde Ollivier",A small group of American soldiers find horror behind enemy lines on the eve of D-Day.,"English, German, French","United States, Canada",2 wins & 7 nominations,6.6,82.0,6.6,108658.0,21704844.0
The Pursuit of Happyness,2006.0,PG-13,2006-12-15,117.0,"Biography, Drama",Gabriele Muccino,Steve Conrad,"Will Smith, Thandiwe Newton, Jaden Smith",A struggling salesman takes custody of his son as he's poised to begin a life-changing professional career.,"English, Cantonese",United States,Nominated for 1 Oscar. 12 wins & 26 nominations total,8.0,67.0,8.0,574267.0,163566459.0
The Road to El Dorado,2000.0,PG,2000-03-31,89.0,"Animation, Adventure, Comedy","Bibo Bergeron, Don Paul, Jeffrey Katzenberg","Ted Elliott, Terry Rossio, Karey Kirkpatrick","Kevin Kline, Kenneth Branagh, Rosie Perez","Two swindlers get their hands on a map to the fabled city of gold, El Dorado.",English,"United States, Canada",1 win & 12 nominations,6.9,49.0,6.9,110589.0,50863742.0
"Girl, Interrupted",1999.0,R,2000-01-14,127.0,"Biography, Drama",James Mangold,"Susanna Kaysen, James Mangold, Lisa Loomer","Winona Ryder, Angelina Jolie, Clea DuVall","A directionless teenager, Susanna, is rushed to Claymoore, a mental institution, after a supposed suicide attempt. There, she befriends a group of troubled women who deeply influence her life.",English,"United States, Germany",Won 1 Oscar. 9 wins & 11 nominations total,7.3,54.0,7.3,217801.0,28912646.0
Carrie,1976.0,R,1976-11-16,98.0,"Horror, Mystery",Brian De Palma,"Stephen King, Lawrence D. Cohen","Sissy Spacek, Piper Laurie, Amy Irving","Carrie White, a shy, friendless teenage girl who is sheltered by her domineering, religious mother, unleashes her telekinetic powers after being humiliated by her classmates at her senior prom.",English,United States,Nominated for 2 Oscars. 6 wins & 9 nominations total,7.4,94.0,7.4,212216.0,33800000.0
The Whale,2022.0,R,2022-12-21,117.0,Drama,Darren Aronofsky,Samuel D. Hunter,"Brendan Fraser, Sadie Sink, Ty Simpkins","A reclusive, morbidly obese English teacher attempts to reconnect with his estranged teenage daughter.",English,United States,Won 2 Oscars. 50 wins & 120 nominations total,7.6,64.0,7.6,223920.0,17463630.0
Battleship,2012.0,PG-13,2012-05-18,131.0,"Action, Adventure, Sci-Fi",Peter Berg,"Jon Hoeber, Erich Hoeber","Alexander Skarsgård, Brooklyn Decker, Liam Neeson",A fleet of ships is forced to do battle with an armada of unknown origins in order to discover and thwart their destructive goals.,"English, Japanese","United States, Japan",4 wins & 16 nominations,5.8,34.0,5.8,260128.0,65422625.0
The Social Network,2010.0,PG-13,2010-10-01,120.0,"Biography, Drama",David Fincher,"Aaron Sorkin, Ben Mezrich","Jesse Eisenberg, Andrew Garfield, Justin Timberlake","As Harvard student Mark Zuckerberg creates the social networking site that would become known as Facebook, he is sued by the twins who claimed he stole their idea and by the co-founder who was later squeezed out of the business.","English, French",United States,Won 3 Oscars. 173 wins & 187 nominations total,7.8,96.0,7.8,773447.0,96962694.0
Deuce Bigalow: Male Gigolo,1999.0,R,1999-12-10,88.0,"Comedy, Romance",Mike Mitchell,"Harris Goldberg, Rob Schneider","Rob Schneider, William Forsythe, Eddie Griffin","An average aquarium cleaner house-sits for a gigolo, only to be forced to become one himself.","English, German, French, Japanese, Spanish",United States,2 nominations,5.7,23.0,5.7,81376.0,65538755.0
Just Go with It,2011.0,PG-13,2011-02-11,117.0,"Comedy, Romance",Dennis Dugan,"Allan Loeb, Timothy Dowling, I.A.L. Diamond","Adam Sandler, Jennifer Aniston, Brooklyn Decker","On a weekend trip to Hawaii, a plastic surgeon convinces his loyal assistant to pose as his soon-to-be-divorced wife in order to cover up a careless lie he told to his much-younger girlfriend.",English,United States,5 wins & 13 nominations,6.4,19.0,6.4,271103.0,103028109.0
Duchess,2024.0,R,2024-08-09,114.0,"Action, Crime",Neil Marshall,"Neil Marshall, Charlotte Kirk, Simon Farr","Charlotte Kirk, Philip Winchester, Colm Meaney","Follows a tough, working-class, petty criminal who morphs into an anti-heroine to be reckoned with in a murky underworld, in the treacherous world of diamond smuggling.",English,United Kingdom,N/A,4.4,14.0,4.4,784.0,
Kung Fu Panda 2,2011.0,PG,2011-05-26,90.0,"Animation, Action, Adventure",Jennifer Yuh Nelson,"Jonathan Aibel, Glenn Berger, Ethan Reiff","Jack Black, Angelina Jolie, Jackie Chan","Po and his friends fight to stop a peacock villain from conquering China with a deadly new weapon, but first the Dragon Warrior must come to terms with his past.",English,"United States, Canada",Nominated for 1 Oscar. 5 wins & 47 nominations total,7.3,82.0,7.3,329343.0,165249063.0
Maze Runner: The Scorch Trials,2015.0,PG-13,2015-09-18,131.0,"Action, Adventure, Sci-Fi",Wes Ball,"T.S. Nowlin, James Dashner","Dylan O'Brien, Kaya Scodelario, Thomas Brodie-Sangster","After having escaped the Maze, the Gladers now face a new set of challenges on the open roads of a desolate landscape filled with unimaginable obstacles.",English,United States,2 wins & 5 nominations,6.3,49.0,6.3,285022.0,81697192.0
22 Jump Street,2014.0,R,2014-06-13,112.0,"Action, Comedy, Crime","Phil Lord, Christopher Miller","Michael Bacall, Oren Uziel, Rodney Rothman","Channing Tatum, Jonah Hill, Ice Cube","After making their way through high school (twice), big changes are in store for officers Schmidt and Jenko when they go deep undercover at a local college.","English, Spanish, Ukrainian",United States,7 wins & 25 nominations,7.0,84.0,7.0,415389.0,191719337.0
Solo: A Star Wars Story,2018.0,PG-13,2018-05-25,135.0,"Action, Adventure, Sci-Fi",Ron Howard,"Jonathan Kasdan, Lawrence Kasdan, George Lucas","Alden Ehrenreich, Woody Harrelson, Emilia Clarke","During an adventure in the criminal underworld, Han Solo meets his future co-pilot Chewbacca and Lando Calrissian years before joining the Rebel Alliance.",English,United States,Nominated for 1 Oscar. 6 wins & 27 nominations total,6.9,69.0,6.9,387700.0,213767512.0
Everything Everywhere All at Once,2022.0,R,2022-04-08,139.0,"Action, Adventure, Comedy","Daniel Kwan, Daniel Scheinert","Daniel Kwan, Daniel Scheinert","Michelle Yeoh, Stephanie Hsu, Jamie Lee Curtis",A middle-aged Chinese immigrant is swept up into an insane adventure in which she alone can save existence by exploring other universes and connecting with the lives she could have led.,"English, Mandarin, Cantonese",United States,Won 7 Oscars. 409 wins & 381 nominations total,7.8,94.0,7.8,555754.0,77191785.0
The Pianist,2002.0,R,2003-03-28,150.0,"Biography, Drama, Music",Roman Polanski,"Ronald Harwood, Wladyslaw Szpilman","Adrien Brody, Thomas Kretschmann, Frank Finlay","During WWII, acclaimed Polish musician Wladyslaw faces various struggles as he loses contact with his family. As the situation worsens, he hides in the ruins of Warsaw in order to survive.","English, German, Russian","France, Poland, Germany, United Kingdom, United States",Won 3 Oscars. 57 wins & 74 nominations total,8.5,95.0,8.5,936992.0,32590750.0
Independence Day,1996.0,PG-13,1996-07-03,145.0,"Action, Adventure, Sci-Fi",Roland Emmerich,"Dean Devlin, Roland Emmerich","Will Smith, Bill Pullman, Jeff Goldblum","The aliens are coming and their goal is to invade and destroy Earth. Fighting superior technology, mankind's best weapon is the will to survive.",English,United States,Won 1 Oscar. 35 wins & 35 nominations total,7.0,68.0,7.0,617489.0,306169268.0
Ferdinand,2017.0,PG,2017-12-15,108.0,"Animation, Adventure, Comedy",Carlos Saldanha,"Robert L. Baird, Tim Federle, Brad Copeland","John Cena, Kate McKinnon, Bobby Cannavale","After Ferdinand, a bull with a big heart, is mistaken for a dangerous beast, he is captured and torn from his home. Determined to return to his family, he rallies a misfit team on the ultimate adventure.","English, Spanish, German","United States, United Kingdom, Canada",Nominated for 1 Oscar. 2 wins & 22 nominations total,6.7,70.0,6.7,65756.0,84410380.0
Men in Black,1997.0,PG-13,1997-07-02,98.0,"Action, Adventure, Comedy",Barry Sonnenfeld,"Lowell Cunningham, Ed Solomon","Tommy Lee Jones, Will Smith, Linda Fiorentino","James, an NYC cop, is hired by Agent K of a secret government agency that monitors extraterrestrial life on Earth. Together, they must recover an item that has been stolen by an intergalactic villain.","English, Spanish",United States,Won 1 Oscar. 22 wins & 39 nominations total,7.3,91.0,7.3,625455.0,250690539.0
The Blind Side,2009.0,PG-13,2009-11-20,129.0,"Biography, Drama, Sport",John Lee Hancock,"John Lee Hancock, Michael Lewis","Quinton Aaron, Sandra Bullock, Tim McGraw","The story of Michael Oher, a homeless and traumatized boy who became an All-American football player and first-round NFL draft pick with the help of a caring woman and her family.",English,United States,Won 1 Oscar. 9 wins & 30 nominations total,7.6,66.0,7.6,366368.0,255982860.0
Training Day,2001.0,R,2001-10-05,122.0,"Crime, Drama, Thriller",Antoine Fuqua,David Ayer,"Denzel Washington, Ethan Hawke, Scott Glenn",A rookie cop spends his first day as a Los Angeles narcotics officer with a rogue detective who isn't what he appears to be.,"English, Russian, Spanish, Korean, Greek",United States,Won 1 Oscar. 18 wins & 23 nominations total,7.8,74.0,7.8,484797.0,76631907.0
Black Widow,2021.0,PG-13,2021-07-09,134.0,"Action, Adventure, Sci-Fi",Cate Shortland,"Eric Pearson, Jac Schaeffer, Ned Benson","Scarlett Johansson, Florence Pugh, David Harbour",Natasha Romanoff confronts the darker parts of her ledger when a dangerous conspiracy with ties to her past arises.,"English, Russian, Norwegian, Hungarian, Macedonian, Finnish",United States,14 wins & 34 nominations,6.6,79.0,6.6,438395.0,183651655.0
War Dogs,2016.0,R,2016-08-19,114.0,"Biography, Comedy, Crime",Todd Phillips,"Stephen Chin, Todd Phillips, Jason Smilovic","Jonah Hill, Miles Teller, Steve Lantz","Loosely based on the true story of two young men, David Packouz and Efraim Diveroli, who won a three hundred million dollar contract from the Pentagon to arm America's allies in Afghanistan.","English, Arabic, Albanian, Romanian","United States, Romania",3 nominations,7.1,62.0,7.1,267306.0,43034523.0
Snow White and the Seven Dwarfs,1937.0,Approved,1938-02-04,83.0,"Animation, Adventure, Family","William Cottrell, David Hand, Wilfred Jackson","Jacob Grimm, Wilhelm Grimm, Ted Sears","Adriana Caselotti, Harry Stockwell, Lucille La Verne","Exiled into the dangerous forest by her wicked stepmother, a princess is rescued by seven dwarf miners who make her part of their household.",English,United States,Nominated for 1 Oscar. 11 wins & 7 nominations total,7.6,,7.6,219815.0,184925486.0
The Others,2001.0,PG-13,2001-08-10,104.0,"Horror, Mystery, Thriller",Alejandro Amenábar,Alejandro Amenábar,"Nicole Kidman, Christopher Eccleston, Fionnula Flanagan","In 1945, immediately following the end of Second World War, a woman who lives with her two photosensitive children on her darkened old family estate in the Channel Islands becomes convinced that the home is haunted.",English,"Spain, France, United States",Nominated for 2 BAFTA 29 wins & 55 nominations total,7.6,84.0,7.6,402639.0,96578502.0
Good Will Hunting,1997.0,R,1998-01-09,126.0,"Drama, Romance",Gus Van Sant,"Matt Damon, Ben Affleck","Robin Williams, Matt Damon, Ben Affleck","Will Hunting, a janitor at MIT, has a gift for mathematics, but needs help from a psychologist to find direction in his life.",English,United States,Won 2 Oscars. 25 wins & 61 nominations total,8.3,97.0,8.3,1099672.0,138433435.0
The Longest Ride,2015.0,PG-13,2015-04-10,123.0,"Comedy, Drama, Romance",George Tillman Jr.,"Nicholas Sparks, Craig Bolotin","Scott Eastwood, Britt Robertson, Alan Alda","Sophia and Luke make an unexpected and fateful connection with Ira, a 90-years old man, when they save him from a car crash. Ira's memories of his own decades-long romance with his beloved wife deeply inspire the young couple.",English,United States,1 win & 5 nominations,7.0,31.0,7.0,90312.0,37446117.0
Total Recall,1990.0,R,1990-06-01,113.0,"Action, Adventure, Sci-Fi",Paul Verhoeven,"Philip K. Dick, Ronald Shusett, Dan O'Bannon","Arnold Schwarzenegger, Sharon Stone, Michael Ironside","When a man goes in to have virtual vacation memories of the planet Mars implanted in his mind, an unexpected and harrowing series of events forces him to go to the planet for real - or is he?",English,"United States, Mexico",Nominated for 2 Oscars. 7 wins & 16 nominations total,7.5,82.0,7.5,361637.0,119412921.0
I Spit on Your Grave 2,2013.0,R,2013-09-05,106.0,"Horror, Thriller",Steven R. Monroe,"Neil Elman, Thomas Fenton","Jemma Dallender, Joe Absolom, Yavor Baharov","When Katie innocently accepts an offer to have new photos taken for her portfolio, the experience quickly turns into a nightmare of rape, torture and kidnapping. Now, she will have to find the strength to exact her brutal revenge.","English, Bulgarian","United States, Bulgaria",N/A,5.7,0.0,5.7,33582.0,809.0
Minions,2015.0,PG,2015-07-10,91.0,"Animation, Adventure, Comedy","Kyle Balda, Pierre Coffin",Brian Lynch,"Sandra Bullock, Jon Hamm, Michael Keaton","Minions Stuart, Kevin, and Bob are recruited by Scarlet Overkill, a supervillain who, alongside her inventor husband Herb, hatches a plot to take over the world.","English, Spanish, Italian",United States,Nominated for 1 BAFTA Award4 wins & 29 nominations total,6.4,55.0,6.4,267541.0,336045770.0
Infinite,2021.0,PG-13,2021-06-10,106.0,"Action, Sci-Fi, Thriller",Antoine Fuqua,"Ian Shorr, Todd Stein, D. Eric Maikranz","Mark Wahlberg, Chiwetel Ejiofor, Sophie Cookson",A man discovers that his hallucinations are actually visions from past lives.,English,United States,1 win & 3 nominations,5.5,17.0,5.5,63676.0,
The Dark Tower,2017.0,PG-13,2017-08-04,95.0,"Action, Adventure, Fantasy",Nikolaj Arcel,"Akiva Goldsman, Jeff Pinkner, Anders Thomas Jensen","Idris Elba, Matthew McConaughey, Tom Taylor",A boy haunted by visions of a dark tower from a parallel reality teams up with the tower's disillusioned guardian to stop an evil warlock known as the Man in Black who plans to use the boy to destroy the tower and open the gates o...,English,United States,4 nominations,5.6,16.0,5.6,147966.0,50701325.0
Ralph Breaks the Internet,2018.0,PG,2018-11-21,112.0,"Animation, Adventure, Comedy","Phil Johnston, Rich Moore","Phil Johnston, Pamela Ribon, Rich Moore","John C. Reilly, Sarah Silverman, Gal Gadot","On a quest to save the video game 'Sugar Rush' and to find a replacement, Ralph and his best friend Vanellope travel to the World Wide Web through a Wi-Fi router they find at the arcade.",English,United States,Nominated for 1 Oscar. 4 wins & 67 nominations total,7.0,88.0,7.0,189574.0,201091711.0
A Dog's Journey,2019.0,PG,2019-05-17,109.0,"Adventure, Comedy, Drama",Gail Mancuso,"W. Bruce Cameron, Cathryn Michon, Maya Forbes","Josh Gad, Dennis Quaid, Kathryn Prescott",A dog finds the meaning of his own existence through the lives of the humans he meets.,English,"China, India, Hong Kong, United States",2 nominations,7.4,53.0,7.4,29803.0,22782371.0
Freelance,2023.0,R,2023-10-27,108.0,"Action, Comedy",Pierre Morel,Jacob Lentz,"John Cena, Alison Brie, Juan Pablo Raba","An ex-special forces operative takes a job to provide security for a journalist as she interviews a dictator, but when a military coup breaks out in the middle of the interview, they are forced to escape into the jungle.","English, Spanish, Quechua, Afrikaans, French","United States, Colombia, United Kingdom",N/A,5.5,11.0,5.5,23258.0,5314136.0
American Pie Presents: The Naked Mile,2006.0,R,2006-12-19,97.0,Comedy,Joe Nussbaum,"Adam Herz (characters), Erik Lindsay","John White, Maria Ricossa, Christopher McDonald, Joe Bostick","When Erik Stifler gets a free pass to do whatever he wants from his girlfriend, he and his two best friends head to see his cousin Dwight for the Naked Mile and a weekend they will never forget.",English,"Canada, USA",1 nomination.,5.1,0.0,5.1,66890.0,
The Last Duel,2021.0,R,2021-10-15,152.0,"Action, Drama, History",Ridley Scott,"Nicole Holofcener, Ben Affleck, Matt Damon","Matt Damon, Adam Driver, Jodie Comer",The Knight Jean de Carrouges must settle the dispute over his wife Marguerite by challenging his former friend to a duel to the death.,"English, German, French, Latin","United States, United Kingdom",4 wins & 45 nominations,7.3,85.0,7.3,189072.0,10853945.0
Ouija: Origin of Evil,2016.0,PG-13,2016-10-21,99.0,"Drama, Horror, Mystery",Mike Flanagan,"Mike Flanagan, Jeff Howard, Juliet Snowden","Elizabeth Reaser, Lulu Wilson, Annalise Basso","In 1967 Los Angeles, a widowed mother's daughter tries to communicate with her late father through a Ouija board, but unleashes a demon instead.","English, Ukrainian",United States,2 wins & 7 nominations,6.2,83.0,6.2,76732.0,35144505.0
Clueless,1995.0,PG-13,1995-07-19,97.0,"Comedy, Romance",Amy Heckerling,Amy Heckerling,"Alicia Silverstone, Stacey Dash, Brittany Murphy","Shallow, rich and socially successful Cher is at the top of her Beverly Hills high school's pecking scale. Seeing herself as a matchmaker, Cher first coaxes two teachers into dating each other.","English, Spanish",United States,6 wins & 12 nominations,6.9,,6.9,253311.0,56631572.0
First Blood,1982.0,R,1982-10-22,93.0,"Action, Adventure, Thriller",Ted Kotcheff,"David Morrell, Michael Kozoll, William Sackheim","Sylvester Stallone, Brian Dennehy, Richard Crenna",A veteran Green Beret is forced by a cruel Sheriff and his deputies to flee into the mountains and wage an escalating one-man war against his pursuers.,English,United States,1 win & 4 nominations,7.7,86.0,7.7,281559.0,47212904.0
Dinosaur,2000.0,PG,2000-05-19,82.0,"Animation, Adventure, Drama","Eric Leighton, Ralph Zondag","John Harrison, Robert Nelson Jacobs, Walon Green","D.B. Sweeney, Julianna Margulies, Samuel E. Wright",An orphaned dinosaur raised by lemurs joins an arduous trek to a sanctuary after a meteorite shower destroys his family home.,English,United States,4 wins & 22 nominations,6.4,65.0,6.4,68776.0,137748063.0
The Kissing Booth,2018.0,TV-14,2018-05-11,105.0,"Comedy, Romance",Vince Marcello,"Vince Marcello, Beth Reekles","Joey King, Jacob Elordi, Joel Courtney",A high school student is forced to confront her secret crush at a kissing booth.,English,"United Kingdom, United States",1 win & 2 nominations,5.9,17.0,5.9,96093.0,
The Watchers,2024.0,PG-13,2024-06-07,102.0,"Fantasy, Horror, Mystery",Ishana Shyamalan,"Ishana Shyamalan, A.M. Shine","Dakota Fanning, Georgina Campbell, Olwen Fouéré","A young artist gets stranded in an extensive, immaculate forest in western Ireland, where, after finding shelter, she becomes trapped alongside three strangers, stalked by mysterious creatures each night.",English,"Ireland, United States",N/A,5.7,32.0,5.7,43094.0,19071404.0
X-Men: Apocalypse,2016.0,PG-13,2016-05-27,144.0,"Action, Adventure, Sci-Fi",Bryan Singer,"Simon Kinberg, Bryan Singer, Michael Dougherty","James McAvoy, Michael Fassbender, Jennifer Lawrence","In the 1980s, the X-Men must defeat an ancient all-powerful mutant, En Sabah Nur, who intends to thrive by bringing destruction to the world.","English, Polish, German, Arabic, Egyptian (Ancient)",United States,1 win & 19 nominations,6.8,47.0,6.8,471713.0,155442489.0
Carl's Date,2023.0,G,2023-06-21,8.0,"Animation, Short, Comedy",Bob Peterson,"Bob Peterson, Pete Docter","Edward Asner, Bob Peterson","A reluctant Carl Fredricksen agrees to go on a date, but admits he has no idea how dating works these days. Like the friend he is, Dug tries to calm Carl down and offers tips on how to make friends.",English,United States,N/A,6.4,,6.4,3486.0,
Treasure Planet,2002.0,PG,2002-11-29,95.0,"Animation, Adventure, Family","Ron Clements, John Musker","Robert Louis Stevenson, Ron Clements, John Musker","Joseph Gordon-Levitt, Emma Thompson, Martin Short","Jim Hawkins is a teenager who finds the map of a great treasure hidden by a space pirate. Together with some friends, he sets off in a large spaceship, shaped like a caravel, on his quest.",English,"United States, Japan",Nominated for 1 Oscar. 1 win & 14 nominations total,7.2,69.0,7.2,136628.0,38176783.0
American Pie Presents: Girls' Rules,2020.0,R,2020-10-06,95.0,Comedy,Mike Elliott,"Adam Herz (based on characters created by), Blayne Weaver, David H. Steinberg","Madison Pettis, Lizze Broadway, Natasha Behnam, Piper Curda","It's Senior year at East Great Falls. Annie, Kayla, Michelle, and Stephanie decide to harness their girl power and band together to get what they want their last year of high school.",English,USA,N/A,3.8,33.0,3.8,6121.0,
The Game,1997.0,R,1997-09-12,129.0,"Drama, Mystery, Thriller",David Fincher,"John Brancato, Michael Ferris","Michael Douglas, Deborah Kara Unger, Sean Penn","After a wealthy San Francisco banker is given an opportunity to participate in a mysterious game, his life is turned upside down as he begins to question if it might really be a concealed conspiracy to destroy him.","English, Cantonese, German, Spanish, Thai",United States,1 nomination,7.7,77.0,7.7,440669.0,48323648.0
The Punisher,,TV-MA,2017-11-17,53.0,"Action, Crime, Drama",N/A,Steve Lightfoot,"Jon Bernthal, Amber Rose Revah, Ben Barnes","After his revenge on those who murdered his family, aimless Marine veteran Frank Castle finds a new meaning in life as a vigilante known as ""The Punisher"".",English,United States,Nominated for 1 Primetime Emmy. 1 win & 14 nominations total,8.4,,8.4,272774.0,
Gifted Hands: The Ben Carson Story,2009.0,Not Rated,2009-02-07,90.0,"Biography, Drama",Thomas Carter,John Pielmeier,"Cuba Gooding Jr., Kimberly Elise, Aunjanue Ellis-Taylor","Biography of Ben Carson who grew up to be Dr. Ben Carson, a world famous neurosurgeon at Johns Hopkins.",English,United States,Nominated for 4 Primetime Emmys. 8 wins & 16 nominations total,7.5,,7.5,16949.0,
Teenage Mutant Ninja Turtles: Out of the Shadows,2016.0,PG-13,2016-06-03,112.0,"Action, Adventure, Comedy",Dave Green,"Josh Appelbaum, André Nemec, Peter Laird","Megan Fox, Will Arnett, Tyler Perry","The Turtles get into another battle with their enemy the Shredder, who has acquired new allies: the mutant thugs Bebop and Rocksteady and the alien being Krang.",English,"United States, Hong Kong, China",10 nominations,5.9,38.0,5.9,101800.0,82051601.0
300: Rise of an Empire,2014.0,R,2014-03-07,102.0,"Action, Drama",Noam Murro,"Zack Snyder, Kurt Johnstad, Frank Miller","Sullivan Stapleton, Eva Green, Lena Headey","Greek general Themistocles of Athens leads the naval charge against invading Persian forces led by mortal-turned-god Xerxes and Artemisia, vengeful commander of the Persian navy.",English,United States,2 wins & 7 nominations,6.2,45.0,6.2,319800.0,106580051.0
We Can Be Heroes,2020.0,PG,2020-12-25,100.0,"Action, Comedy, Drama",Robert Rodriguez,"Robert Rodriguez, Racer Rodriguez","YaYa Gosselin, Pedro Pascal, Priyanka Chopra Jonas","When alien invaders capture the Earth's superheroes, their kids must learn to work together to save their parents and the planet.",English,United States,1 nomination,4.7,76.0,4.7,17595.0,
Ghost Rider,2007.0,PG-13,2007-02-16,110.0,"Action, Fantasy, Thriller",Mark Steven Johnson,Mark Steven Johnson,"Nicolas Cage, Eva Mendes, Sam Elliott","When motorcycle rider Johnny Blaze sells his soul to the Devil to save his father's life, he is transformed into the Ghost Rider, the Devil's own bounty hunter, and is sent to hunt down sinners.",English,"United States, Australia",1 win & 11 nominations,5.3,28.0,5.3,256538.0,115802596.0
Lilo & Stitch,2002.0,PG,2002-06-21,85.0,"Animation, Adventure, Comedy","Dean DeBlois, Chris Sanders","Chris Sanders, Dean DeBlois","Daveigh Chase, Chris Sanders, Tia Carrere","A young and parentless girl adopts a 'dog' from the local pound, completely unaware that it's supposedly a dangerous scientific experiment that's taken refuge on Earth and is now hiding from its creator and those who see it as a m...","English, Hawaiian","United States, Japan",Nominated for 1 Oscar. 12 wins & 28 nominations total,7.3,87.0,7.3,217702.0,145794338.0
Rebel Moon - Part One: A Child of Fire,2023.0,PG-13,2023-12-21,133.0,"Action, Adventure, Drama",Zack Snyder,"Zack Snyder, Kurt Johnstad, Shay Hatten","Sofia Boutella, Djimon Hounsou, Ed Skrein","When a peaceful settlement on the edge of a distant moon finds itself threatened by a tyrannical ruling force, a stranger living among its villagers becomes their best hope for survival.",English,United States,2 wins & 4 nominations,5.6,22.0,5.6,130997.0,
Valerian and the City of a Thousand Planets,2017.0,PG-13,2017-07-21,136.0,"Action, Adventure, Fantasy",Luc Besson,"Pierre Christin, Jean-Claude Mézières, Luc Besson","Dane DeHaan, Cara Delevingne, Clive Owen","A dark force threatens Alpha, a vast metropolis and home to species from a thousand planets. Special operatives Valerian and Laureline must race to identify the marauding menace and safeguard not just Alpha, but the future of the ...","English, French, Hindi","France, China, Belgium, Germany, United Arab Emirates, United States, Canada",11 nominations,6.4,47.0,6.4,200071.0,41189488.0
Chapel,2024.0,N/A,2024-01-17,92.0,"Mystery, Thriller",Courtney Paige,"Courtney Paige, J.R. Reher","Jeremy Sumpter, Lochlyn Munro, Taryn Manning",A man becomes a suspect in a serial murder case after waking from a coma with no recollection of who he is,N/A,United States,N/A,3.2,,3.2,125.0,
Upgraded,2024.0,R,2024-02-09,104.0,"Comedy, Romance",Carlson Young,"Christine Lenig, Justin Matthews, Luke Spencer Roberts","Camila Mendes, Archie Renaux, Marisa Tomei","Ana, an ambitious intern at an art auction house in NYC, misrepresents herself as the director to a handsome wealthy man. As their romance develops, her deception creates challenges that threaten her career and relationship.",English,United States,1 nomination,6.1,77.0,6.1,25864.0,
Salt,2010.0,PG-13,2010-07-23,100.0,"Action, Thriller",Phillip Noyce,Kurt Wimmer,"Angelina Jolie, Liev Schreiber, Chiwetel Ejiofor",A CIA agent goes on the run after a defector accuses her of being a Russian spy.,"English, Russian, Korean",United States,Nominated for 1 Oscar. 4 wins & 16 nominations total,6.5,62.0,6.5,334090.0,118311368.0
Dumb and Dumber,1994.0,PG-13,1994-12-16,107.0,Comedy,"Peter Farrelly, Bobby Farrelly","Peter Farrelly, Bennett Yellin, Bobby Farrelly","Jim Carrey, Jeff Daniels, Lauren Holly","After a woman leaves a briefcase at the airport terminal, a dumb limo driver and his dumber friend set out on a hilarious cross-country road trip to Aspen to return it.","English, Swedish, German",United States,5 wins & 3 nominations,7.3,67.0,7.3,419736.0,127190327.0
Anastasia,1997.0,G,1997-12-19,94.0,"Animation, Adventure, Drama","Don Bluth, Gary Goldman","Susan Gauthier, Bruce Graham, Bob Tzudiker","Meg Ryan, John Cusack, Christopher Lloyd","The last surviving child of the Russian Royal Family joins two con men to reunite with her grandmother, the Dowager Empress, while the undead Rasputin seeks her death.","English, Russian, French",United States,Nominated for 2 Oscars. 10 wins & 23 nominations total,7.1,83.0,7.1,138671.0,58406347.0
A Perfect Ending,2012.0,Not Rated,2013-06-21,110.0,"Drama, Romance",Nicole Conn,Nicole Conn,"Barbara Niven, Bryan Mordechai Jackson, Jessica Clark","Rebecca has a very unusual secret, one that not even her best friends know about. The last person on earth she expects to reveal it to is a high priced escort named Paris.",English,United States,1 win,5.6,,5.6,4993.0,
Van Helsing,2004.0,PG-13,2004-05-07,131.0,"Action, Adventure, Fantasy",Stephen Sommers,Stephen Sommers,"Hugh Jackman, Kate Beckinsale, Richard Roxburgh","The famed monster hunter is sent to Transylvania to stop Count Dracula, who is using Dr. Frankenstein's research and a werewolf for nefarious purposes.","English, Latin, French","United States, Czech Republic",3 wins & 21 nominations,6.1,,6.1,292517.0,120177084.0
The Black Phone,2021.0,R,2022-06-24,103.0,"Horror, Mystery, Thriller",Scott Derrickson,"Joe Hill, Scott Derrickson, C. Robert Cargill","Mason Thames, Madeleine McGraw, Ethan Hawke","After being abducted and locked in a basement, a boy starts receiving calls on a disconnected phone from the killer's previous victims.",English,United States,10 wins & 19 nominations,6.9,81.0,6.9,212342.0,90123230.0
Idiocracy,2006.0,R,2007-01-25,84.0,"Adventure, Comedy, Sci-Fi",Mike Judge,"Mike Judge, Etan Cohen","Luke Wilson, Maya Rudolph, Dax Shepard","Corporal Joe Bauers, a decidedly average American, is selected for a top-secret hibernation program but is forgotten and left to awaken to a future so incredibly moronic that he's easily the most intelligent person alive.",English,United States,1 nomination,6.5,71.0,6.5,192559.0,444093.0
The Exorcism of Emily Rose,2005.0,PG-13,2005-09-09,119.0,"Drama, Horror, Thriller",Scott Derrickson,"Paul Harris Boardman, Scott Derrickson","Laura Linney, Tom Wilkinson, Shohreh Aghdashloo",A lawyer takes on a negligent homicide case involving a priest who performed an exorcism on a young girl.,"English, Syriac, German, Greek, Hebrew, Latin, Aramaic",United States,4 wins & 9 nominations,6.7,20.0,6.7,142529.0,75072454.0
Fantastic Beasts and Where to Find Them,2016.0,PG-13,2016-11-18,132.0,"Adventure, Family, Fantasy",David Yates,J.K. Rowling,"Eddie Redmayne, Katherine Waterston, Alison Sudol","In 1926, magizoologist Newt Scamander arrives in New York during his worldwide tour to research and rescue magical creatures as something mysterious leaves trails of destruction in the city, threatening to expose the wizarding world.","English, Central Khmer","United Kingdom, United States, Canada",Won 1 Oscar. 15 wins & 54 nominations total,7.2,74.0,7.2,516699.0,234037575.0
Cloudy with a Chance of Meatballs,2009.0,PG,2009-09-18,90.0,"Animation, Adventure, Comedy","Phil Lord, Christopher Miller","Phil Lord, Christopher Miller, Judi Barrett","Anna Faris, Bill Hader, Bruce Campbell",A local scientist is often regarded as a failure until he invents a machine that can make food fall from the sky. But little does he know that things are about to take a turn for the worst.,"English, French, Spanish, German",United States,1 win & 14 nominations,6.9,85.0,6.9,264999.0,124870275.0
Freddy's Fridays,2023.0,N/A,2023-10-20,77.0,Horror,Ben J. Williams,"Charlie Carter, Tom Carter","Darcy Baker, Abu Barry, Matthew Baunsgard",An evil man lures female victims to his lair to be sacrificed by monsters.,English,United Kingdom,N/A,3.4,,3.4,729.0,
The Curious Case of Benjamin Button,2008.0,PG-13,2008-12-25,166.0,"Drama, Fantasy, Romance",David Fincher,"Eric Roth, Robin Swicord, F. Scott Fitzgerald","Brad Pitt, Cate Blanchett, Tilda Swinton","Benjamin Button, born in 1918 with the physical state of an elderly man, ages in reverse. He experiences love and break-ups, ecstasy and sorrow, and timelessness by the time he dies in 2003 as a baby.","English, Russian, French",United States,Won 3 Oscars. 85 wins & 160 nominations total,7.8,72.0,7.8,707669.0,127509326.0
The Mechanic,2011.0,R,2011-01-28,93.0,"Action, Crime, Thriller",Simon West,"Richard Wenk, Lewis John Carlino","Jason Statham, Ben Foster, Donald Sutherland",An elite hitman teaches his trade to an apprentice who has a connection to one of his previous victims.,English,"United States, Germany",1 nomination,6.5,54.0,6.5,175145.0,29121498.0
Ocean's Eight,2018.0,PG-13,2018-06-08,110.0,"Action, Comedy, Crime",Gary Ross,"Gary Ross, Olivia Milch, George Clayton Johnson","Sandra Bullock, Cate Blanchett, Anne Hathaway",Debbie Ocean gathers an all-female crew to attempt an impossible heist at New York City's annual Met Gala.,"English, Hindi, French, German, Mandarin",United States,3 wins & 17 nominations,6.3,69.0,6.3,246931.0,140295726.0
Monster House,2006.0,PG,2006-07-21,91.0,"Animation, Comedy, Family",Gil Kenan,"Dan Harmon, Rob Schrab, Pamela Pettler","Mitchel Musso, Sam Lerner, Spencer Locke","Three teens discover that their neighbor's house is really a living, breathing, scary monster.",English,"United States, Canada",Nominated for 1 Oscar. 4 wins & 23 nominations total,6.7,74.0,6.7,142619.0,73661010.0
The Ten Commandments,1956.0,G,1956-10-05,220.0,"Adventure, Drama, Family",Cecil B. DeMille,"Dorothy Clarke Wilson, J.H. Ingraham, A.E. Southon","Charlton Heston, Yul Brynner, Anne Baxter","Moses, raised as a prince of Egypt in the Pharaoh's household, learns of his true heritage as a Hebrew and his divine mission as the deliverer of his people from slavery.",English,United States,Won 1 Oscar. 12 wins & 12 nominations total,7.9,84.0,7.9,78958.0,65500000.0
Monkey Man,2024.0,R,2024-04-05,121.0,"Action, Crime, Thriller",Dev Patel,"Dev Patel, Paul Angunawela, John Collee","Dev Patel, Sharlto Copley, Pitobash",An anonymous young man unleashes a campaign of vengeance against the corrupt leaders who murdered his mother and continue to systematically victimize the poor and powerless.,"English, Hindi","United States, Canada, Singapore, India",3 wins & 2 nominations,6.9,89.0,6.9,76223.0,25116955.0
Jason Bourne,2016.0,PG-13,2016-07-29,123.0,"Action, Thriller",Paul Greengrass,"Paul Greengrass, Christopher Rouse, Robert Ludlum","Matt Damon, Tommy Lee Jones, Alicia Vikander",The CIA's most dangerous former operative is drawn out of hiding to uncover more explosive truths about his past.,"English, Greek, German, Japanese","United States, China, Spain, Japan, Iceland, Germany, Italy",3 wins & 20 nominations,6.6,55.0,6.6,246651.0,162434410.0
13 Hours: The Secret Soldiers of Benghazi,2016.0,R,2016-01-15,144.0,"Action, Drama, History",Michael Bay,"Chuck Hogan, Mitchell Zuckoff","John Krasinski, Pablo Schreiber, James Badge Dale","During an attack on a U.S. compound in Libya, a security team struggles to make sense out of the chaos.","English, Arabic","United States, Malta",Nominated for 1 Oscar. 5 nominations total,7.3,51.0,7.3,164578.0,52853219.0
X-Men: Dark Phoenix,2019.0,PG-13,2019-06-07,113.0,"Action, Adventure, Sci-Fi",Simon Kinberg,Simon Kinberg,"James McAvoy, Michael Fassbender, Jennifer Lawrence","Jean Grey begins to develop incredible powers that corrupt and turn her into a Dark Phoenix, causing the X-Men to have to decide if her life is worth more than all of humanity.","English, French",United States,13 nominations,5.7,22.0,5.7,213392.0,65845974.0
The Call of the Wild,2020.0,PG,2020-02-21,100.0,"Adventure, Drama, Family",Chris Sanders,"Michael Green, Jack London, Egerton Ryerson Young","Harrison Ford, Omar Sy, Cara Gee",A sled dog struggles for survival in the wilds of the Yukon.,"English, French","United States, Canada",1 win & 8 nominations,6.7,63.0,6.7,58981.0,62342368.0
,,,,,,,,,,,,,,,,,
1992,2015.0,N/A,2015-03-24,,Drama,N/A,"Alessandro Fabbri, Ludovica Rampoldi, Stefano Sardo","Stefano Accorsi, Guido Caprino, Miriam Leone",Follows six people whose lives are intertwined with the rapidly changing political landscape of early 90's Italy.,Italian,Italy,1 nomination,7.5,,7.5,2478.0,
Kinds of Kindness,2024.0,R,2024-06-28,164.0,"Comedy, Drama, Horror",Yorgos Lanthimos,"Yorgos Lanthimos, Efthimis Filippou","Emma Stone, Jesse Plemons, Willem Dafoe","A man seeks to break free from his predetermined path, a cop questions his wife's demeanor after her return from a supposed drowning, and a woman searches for an extraordinary individual prophesied to become a renowned spiritual g...",English,"Ireland, United Kingdom, United States, Greece",2 wins & 5 nominations,6.6,71.0,6.6,43583.0,5038931.0
Rambo: Last Blood,2019.0,R,2019-09-20,89.0,"Action, Crime, Thriller",Adrian Grunberg,"Matthew Cirulnick, Sylvester Stallone, Dan Gordon","Sylvester Stallone, Paz Vega, Sergio Peris-Mencheta",Rambo must confront his past and unearth his ruthless combat skills to exact revenge in a final mission.,"English, Spanish","United States, Hong Kong, France, Bulgaria, Spain, Sweden",4 wins & 8 nominations,6.1,,6.1,112008.0,44819352.0
Let's Be Cops,2014.0,R,2014-08-13,104.0,"Action, Comedy, Crime",Luke Greenfield,"Luke Greenfield, Nicholas Thomas","Jake Johnson, Damon Wayans Jr., Rob Riggle","Two struggling pals dress as police officers for a costume party and become neighborhood sensations. But when these newly-minted ""heroes"" get tangled in a real life web of mobsters and dirty detectives, they must put their fake ba...","English, Spanish",United States,2 nominations,6.4,19.0,6.4,141238.0,82390774.0
The Devil's Advocate,1997.0,R,1997-10-17,144.0,"Drama, Fantasy, Mystery",Taylor Hackford,"Andrew Neiderman, Jonathan Lemkin, Tony Gilroy","Keanu Reeves, Al Pacino, Charlize Theron",An exceptionally adept Florida lawyer is offered a job at a high-end New York City law firm with a high-end boss - the biggest opportunity of his career to date.,"English, German, Italian, Mandarin, Spanish",United States,2 wins & 7 nominations,7.5,63.0,7.5,412660.0,60944660.0
The Strangers: Chapter 1,2024.0,R,2024-05-17,91.0,Horror,Renny Harlin,"Alan R. Cohen, Alan Freedland, Bryan Bertino","Madelaine Petsch, Ryan Bown, Matus Lajcak","After their car breaks down in an eerie small town, a young couple is forced to spend the night in a remote cabin. Panic ensues as they are terrorized by three masked strangers who strike with no mercy and seemingly no motive.",English,"United States, United Kingdom, Slovenia, Slovakia, Switzerland",N/A,4.6,21.0,4.6,18704.0,35202562.0
Bad Boys II,2003.0,R,2003-07-18,147.0,"Action, Comedy, Crime",Michael Bay,"George Gallo, Marianne Wibberley, Cormac Wibberley","Will Smith, Martin Lawrence, Gabrielle Union",Two loose-cannon narcotics cops investigate the flow of Ecstasy into Florida from a Cuban drug cartel.,"English, Spanish, Russian",United States,5 wins & 13 nominations,6.6,24.0,6.6,276430.0,138608444.0
The Interview,2014.0,R,2014-12-24,112.0,"Action, Adventure, Comedy","Evan Goldberg, Seth Rogen","Dan Sterling, Seth Rogen, Evan Goldberg","James Franco, Seth Rogen, Randall Park","Dave Skylark and his producer Aaron Rapaport run the celebrity tabloid show ""Skylark Tonight"". When they land an interview with a surprise fan, North Korean dictator Jong-Un Kim, they are recruited by the CIA to assassinate him.","English, Korean, Japanese",United States,2 wins & 6 nominations,6.5,51.0,6.5,361809.0,6105175.0
Sleepy Hollow,1999.0,R,1999-11-19,105.0,"Fantasy, Horror, Mystery",Tim Burton,"Washington Irving, Kevin Yagher, Andrew Kevin Walker","Johnny Depp, Christina Ricci, Miranda Richardson",Ichabod Crane is sent to Sleepy Hollow to investigate the decapitations of three people; the culprit is legendary apparition The Headless Horseman.,"English, Latin","United States, Germany, United Kingdom",Won 1 Oscar. 28 wins & 44 nominations total,7.3,70.0,7.3,390897.0,101071502.0
Hachi: A Dog's Tale,2009.0,G,2010-03-12,93.0,"Biography, Drama, Family",Lasse Hallström,"Stephen P. Lindsey, Kaneto Shindô","Richard Gere, Joan Allen, Cary-Hiroyuki Tagawa","Professor Wilson discovers a lost Akita puppy on his way home. Despite objections from his wife, Hachi endears himself to the family and grows to be Parker's loyal companion. As their bond grows deeper, a beautiful relationship un...","English, Japanese","United Kingdom, United States",1 nomination,8.1,64.0,8.1,319734.0,
Kingdom of Heaven,2005.0,R,2005-05-06,144.0,"Action, Adventure, Drama",Ridley Scott,William Monahan,"Orlando Bloom, Eva Green, Liam Neeson","Balian of Ibelin travels to Jerusalem during the Crusades of the 12th century, and there he finds himself as the defender of the city and its people.","English, Arabic, Latin, Italian, German","United Kingdom, Germany, Spain, Morocco, United States, Italy, France",5 wins & 15 nominations,7.3,39.0,7.3,323321.0,47398413.0
The Incredible Hulk,2008.0,PG-13,2008-06-13,112.0,"Action, Adventure, Sci-Fi",Louis Leterrier,"Zak Penn, Stan Lee, Jack Kirby","Edward Norton, Liv Tyler, Tim Roth","Bruce Banner, a scientist on the run from the U.S. Government, must find a cure for the monster he turns into whenever he loses his temper.","English, Portuguese, Spanish","United States, Canada, Japan",2 wins & 10 nominations,6.6,68.0,6.6,532703.0,134806913.0
Piranha 3D,2010.0,R,2010-08-20,88.0,"Comedy, Horror",Alexandre Aja,"Pete Goldfinger, Josh Stolberg","Elisabeth Shue, Jerry O'Connell, Richard Dreyfuss","After a sudden underwater tremor sets free scores of the prehistoric man-eating fish, an unlikely group of strangers must band together to stop themselves from becoming fish food for the area's new razor-toothed residents.",English,"France, Japan, United States",2 wins & 12 nominations,5.5,75.0,5.5,98240.0,25003155.0
G.I. Joe: Retaliation,2013.0,PG-13,2013-03-28,110.0,"Action, Adventure, Sci-Fi",Jon M. Chu,"Rhett Reese, Paul Wernick","Dwayne Johnson, Channing Tatum, Adrianne Palicki",The G.I. Joes are not only fighting their mortal enemy Cobra; they are forced to contend with threats from within the government that jeopardize their very existence.,English,United States,1 win & 12 nominations,5.7,29.0,5.7,188627.0,122523060.0
The First Purge,2018.0,R,2018-07-04,97.0,"Action, Horror, Sci-Fi",Gerard McMurray,James DeMonaco,"Y'lan Noel, Lex Scott Davis, Joivan Wade","America's third political party, the New Founding Fathers of America, comes to power and conducts an experiment: no laws for 12 hours on Staten Island. No one has to stay on the island, but $5,000 is given to anyone who does.","English, French, Spanish, Russian","United States, China, Japan",1 nomination,5.2,55.0,5.2,73557.0,69488745.0
American Reunion,2012.0,R,2012-04-06,113.0,Comedy,"Jon Hurwitz, Hayden Schlossberg","Jon Hurwitz, Hayden Schlossberg, Adam Herz","Jason Biggs, Alyson Hannigan, Seann William Scott","Jim, Michelle, Stifler, and their friends reunite in East Great Falls, Michigan for their high school reunion.",English,United States,1 win & 4 nominations,6.7,45.0,6.7,226634.0,57011521.0
Code 8: Part II,2024.0,TV-MA,2024-02-28,100.0,"Action, Crime, Drama",Jeff Chan,"Chris Pare, Jeff Chan, Sherren Lee","Robbie Amell, Stephen Amell, Alex Mallari Jr.",Follows a girl fighting to get justice for her brother who was slain by corrupt police officers. She enlists the help of an ex-con and his former partner to face off against a highly regarded and well-protected police sergeant.,English,"Canada, United States",2 nominations,5.7,73.0,5.7,14422.0,
Prison Break: The Final Break,2009.0,Not Rated,2009-07-21,89.0,"Action, Drama, Thriller","Kevin Hooks, Brad Turner","Paul T. Scheuring (creator), Nick Santora (teleplay), Seth Hoffman (teleplay), Zack Estrin (teleplay), Karyn Usher (teleplay), Christian W. Trokey (story), Kalinda Vazquez (story)","Dominic Purcell, Wentworth Miller, Amaury Nolasco, Robert Knepper","Michael and Sara wed, but the happiness is short-lived when the Feds apprehend her for the murder of Michael's mother, Christina. Once a hit is ordered on Sara, the team reunite to break out the increasingly vulnerable target.",English,USA,N/A,7.9,,7.9,24203.0,
The Karate Kid Part III,1989.0,PG,1989-06-30,112.0,"Action, Drama, Family",John G. Avildsen,Robert Mark Kamen,"Ralph Macchio, Pat Morita, Robyn Lively","Ostracised villain John Kreese attempts to gain revenge on Daniel and Miyagi, with the help of a Vietnam War comrade, the wealthy owner of a toxic waste disposal business.",English,United States,5 nominations,5.3,15.0,5.3,70896.0,38956288.0
The A-Team,2010.0,PG-13,2010-06-11,117.0,"Action, Adventure, Crime",Joe Carnahan,"Joe Carnahan, Brian Bloom, Skip Woods","Liam Neeson, Bradley Cooper, Sharlto Copley","A group of Iraq War veterans look to clear their name with the U.S. Military, who suspect the four men of committing a crime for which they were framed.","English, Spanish, French, Swahili, German","United States, United Kingdom",2 wins & 4 nominations,6.7,48.0,6.7,271316.0,77222099.0
After the Pandemic,2022.0,N/A,2022-03-01,84.0,Sci-Fi,Richard Lowry,Richard Lowry,"Eve James, Kannon Smith, Juniper Preacher","Follows a scenario in which the death rate for a new virus isn't 1%, but somewhere around 98%. Ellie leaves her neighborhood and stumbles across a new city where she meets Quinn, someone who has taken a different approach to the n...",English,United States,N/A,3.5,,3.5,2580.0,
Pandorum,2009.0,R,2009-09-25,108.0,"Action, Horror, Mystery",Christian Alvart,"Travis Milloy, Christian Alvart","Dennis Quaid, Ben Foster, Cam Gigandet","Two crew members of a spaceship wake up from hypersleep to discover that all their colleagues are missing. Despite this, it appears that they are not alone.","English, Vietnamese, German","United Kingdom, Germany",N/A,6.7,27.0,6.7,162058.0,10330853.0
Shaun of the Dead,2004.0,R,2004-09-24,99.0,"Comedy, Horror",Edgar Wright,"Simon Pegg, Edgar Wright","Simon Pegg, Nick Frost, Kate Ashfield","The uneventful, aimless lives of a London electronics salesman and his layabout roommate are disrupted by the zombie apocalypse.",English,"United Kingdom, France, United States",Nominated for 3 BAFTA 14 wins & 20 nominations total,7.9,92.0,7.9,606545.0,14332569.0
Goldfinger,1964.0,Approved,1965-01-09,110.0,"Action, Adventure, Thriller",Guy Hamilton,"Richard Maibaum, Paul Dehn, Ian Fleming","Sean Connery, Gert Fröbe, Honor Blackman","While investigating a gold magnate's smuggling, James Bond uncovers a plot to contaminate the Fort Knox gold reserve.","English, Chinese, Spanish","United Kingdom, United States",Won 1 Oscar. 7 wins & 6 nominations total,7.7,99.0,7.7,205798.0,51081062.0
Power Rangers,2017.0,PG-13,2017-03-24,124.0,"Action, Adventure, Fantasy",Dean Israelite,"John Gatins, Matt Sazama, Burk Sharpless","Dacre Montgomery, Naomi Scott, RJ Cyler","When Earth is on the verge of an alien invasion, five teenagers, who are infused with superhuman abilities, must harness their newfound powers to battle this threat - as the Power Rangers.","English, Mandarin","United States, Hong Kong, Japan, Canada, New Zealand",6 nominations,5.9,51.0,5.9,115356.0,85364450.0
Rocky,1976.0,PG,1976-12-03,120.0,"Drama, Sport",John G. Avildsen,Sylvester Stallone,"Sylvester Stallone, Talia Shire, Burt Young",A small-time Philadelphia boxer gets a supremely rare chance to fight the world heavyweight champion in a bout in which he strives to go the distance for his self-respect.,"English, Spanish, Italian",United States,Won 3 Oscars. 22 wins & 23 nominations total,8.1,93.0,8.1,642936.0,117235147.0
Arthur the King,2024.0,PG-13,2024-03-15,107.0,"Adventure, Drama, Sport",Simon Cellan Jones,"Michael Brandt, Mikael Lindnord","Mark Wahlberg, Simu Liu, Juliet Rylance",An adventure racer adopts a stray dog named Arthur to join him in an epic endurance race.,English,"United States, Canada",3 wins,7.0,69.0,7.0,29570.0,25049006.0
Lamborghini: The Man Behind the Legend,2022.0,R,2022-11-18,97.0,"Biography, Drama, Sport",Bobby Moresco,"Bobby Moresco, Tonino Lamborghini","Frank Grillo, Mira Sorvino, Gabriel Byrne","This thrilling, high-speed biopic reveals one man's dream of making the world's fastest car-and beating rival Enzo Ferrari.",English,"United States, Italy",3 wins & 1 nomination,5.4,6.0,5.4,14069.0,
Fantastic Mr. Fox,2009.0,PG,2009-11-25,87.0,"Animation, Adventure, Comedy",Wes Anderson,"Roald Dahl, Wes Anderson, Noah Baumbach","George Clooney, Meryl Streep, Bill Murray",An urbane fox cannot resist returning to his farm raiding ways and then must help his community survive the farmers' retaliation.,"English, French",United States,Nominated for 2 Oscars. 32 wins & 63 nominations total,7.9,93.0,7.9,278714.0,21002919.0
Sleeping Dogs,2024.0,R,2024-03-22,110.0,"Crime, Mystery, Thriller",Adam Cooper,"Adam Cooper, Bill Collage, E.O. Chirovici","Russell Crowe, Karen Gillan, Marton Csokas","An ex-homicide detective with memory loss is forced to solve a brutal murder, only to uncover chilling secrets from his forgotten past.",English,"Australia, United States",N/A,6.1,43.0,6.1,14275.0,
The Croods,2013.0,PG,2013-03-22,98.0,"Animation, Adventure, Comedy","Kirk DeMicco, Chris Sanders","Kirk DeMicco, Chris Sanders, John Cleese","Nicolas Cage, Ryan Reynolds, Emma Stone","In the primeval era, Grug and his family risk the dangers of their surroundings to find a new dwelling place. Along the way, they meet a modern boy who woos them with his adventurous ways.",English,United States,Nominated for 1 Oscar. 5 wins & 46 nominations total,7.1,71.0,7.1,237035.0,187168425.0
Ouija,2014.0,PG-13,2014-10-24,89.0,"Horror, Mystery, Thriller",Stiles White,"Juliet Snowden, Stiles White","Olivia Cooke, Ana Coto, Daren Kagasoff",Terror awaits five friends who unwittingly awaken a dark power by using an antique Ouija board.,English,United States,1 win,4.5,6.0,4.5,58959.0,50856010.0
Ice Age: Continental Drift,2012.0,PG,2012-07-13,88.0,"Animation, Adventure, Comedy","Steve Martino, Michael Thurmeier","Michael Berg, Jason Fuchs, Lori Forte","Ray Romano, Denis Leary, John Leguizamo","Manny, Diego, and Sid embark upon another adventure after their continent is set adrift. Using an iceberg as a ship, they encounter sea creatures and battle pirates as they explore a new world.",English,"United States, United Kingdom, Canada",2 wins & 11 nominations,6.5,37.0,6.5,230162.0,161321843.0
Anacondas: The Hunt for the Blood Orchid,2004.0,PG-13,2004-08-27,97.0,"Action, Adventure, Horror",Dwight H. Little,"Hans Bauer, Jim Cash, Jack Epps Jr.","Morris Chestnut, KaDee Strickland, Eugene Byrd","A scientific expedition sets out for Borneo to seek a flower called the Blood Orchid, which could grant longer life. Meanwhile, they run afoul of snakes and each other.","English, Indonesian","United States, Australia",2 nominations,4.7,26.0,4.7,34593.0,32238923.0
Annabelle: Creation,2017.0,R,2017-08-11,109.0,"Horror, Mystery, Thriller",David F. Sandberg,Gary Dauberman,"Anthony LaPaglia, Samara Lee, Miranda Otto","Twelve years after the tragic death of their little girl, a doll-maker and his wife welcome a nun and several girls from a shuttered orphanage into their home, where they become the target of the doll-maker's possessed creation, A...","English, Spanish",United States,1 win & 8 nominations,6.5,70.0,6.5,155696.0,102092201.0
The Call,2013.0,R,2013-03-15,94.0,"Drama, Thriller",Brad Anderson,"Richard D'Ovidio, Nicole D'Ovidio, Jon Bokenkamp","Halle Berry, Evie Thompson, Abigail Breslin","When a veteran 911 operator takes a life-altering call from a teenage girl who has just been abducted, she realizes that she must confront a killer from her past in order to save the girl's life.",English,United States,1 win & 11 nominations,6.7,45.0,6.7,131041.0,51872378.0
Underworld,2003.0,R,2003-09-19,121.0,"Action, Fantasy, Thriller",Len Wiseman,"Kevin Grevioux, Len Wiseman, Danny McBride","Kate Beckinsale, Scott Speedman, Shane Brolly","Selene, a vampire warrior, is entrenched in a conflict between vampires and werewolves, while falling in love with Michael, a human who is sought by werewolves for unknown reasons.",English,"United States, United Kingdom, Germany, Hungary",1 win & 10 nominations,7.0,31.0,7.0,290114.0,51970690.0
Tinker Bell and the Legend of the NeverBeast,2014.0,G,2015-03-03,76.0,"Animation, Adventure, Family, Fantasy",Steve Loter,"Steve Loter (story), Tom Rogers (story), Tom Rogers (screenplay), Bob Schooley (screenplay), Mark McCorkle (screenplay), Kate Kondell (screenplay)","Ginnifer Goodwin, Mae Whitman, Rosario Dawson, Lucy Liu","When the compassionate animal-fairy, Fawn, befriends the sleepy furry giant called the NeverBeast, persuading Queen Clarion and the vigilant Scout Fairies of its kindness is easier said than done. Is the peaceful Pixie Hollow in danger?",English,USA,1 win & 1 nomination.,7.2,75.0,7.2,7851.0,
Lift,2024.0,PG-13,2024-01-12,107.0,"Action, Comedy, Crime",F. Gary Gray,Daniel Kunka,"Kevin Hart, Gugu Mbatha-Raw, Sam Worthington",Follows a master thief and his Interpol Agent ex-girlfriend who team up to steal $500 million in gold bullion being transported on an A380 passenger flight.,"English, Italian",United States,N/A,5.5,30.0,5.5,45677.0,
Rumours,2024.0,R,2024-12-06,103.0,"Comedy, Drama, Horror","Evan Johnson, Galen Johnson, Guy Maddin",Evan Johnson,"Cate Blanchett, Rolando Ravello, Charles Dance","The leaders of seven wealthy democracies get lost in the woods while drafting a statement on a global crisis, facing danger as they attempt to find their way out.","English, French, Swedish, German","Canada, Germany, Hungary, United States",1 nomination,,79.0,,480.0,
Superfast!,2015.0,PG-13,2015-04-03,99.0,"Action, Comedy, Crime","Jason Friedberg, Aaron Seltzer","Jason Friedberg, Aaron Seltzer","Alex Ashbaugh, Dale Pavinski, Lili Mirojnick",A spoof on The Fast and the Furious (2001) and the following F&amp;F movies. An undercover cop joins a gang of criminal street racers to get close to the LA crime kingpin.,English,United States,N/A,4.2,,4.2,11089.0,
Ghostbusters,1984.0,PG,1984-06-08,105.0,"Action, Comedy, Fantasy",Ivan Reitman,"Dan Aykroyd, Harold Ramis, Rick Moranis","Bill Murray, Dan Aykroyd, Sigourney Weaver","Three parapsychologists forced out of their university funding set up shop as a unique ghost removal service in New York City, attracting frightened yet skeptical customers.",English,United States,Nominated for 2 Oscars. 9 wins & 9 nominations total,7.8,95.0,7.8,461863.0,243578797.0
Thor: The Dark World,2013.0,PG-13,2013-11-08,112.0,"Action, Adventure, Fantasy",Alan Taylor,"Christopher L. Yost, Christopher Markus, Stephen McFeely","Chris Hemsworth, Natalie Portman, Tom Hiddleston","When the Dark Elves attempt to plunge the universe into darkness, Thor must embark on a perilous and personal journey that will reunite him with doctor Jane Foster.",English,United States,4 wins & 21 nominations,6.7,67.0,6.7,738733.0,206362140.0
Back to the Future Part III,1990.0,PG,1990-05-25,118.0,"Adventure, Comedy, Sci-Fi",Robert Zemeckis,"Robert Zemeckis, Bob Gale","Michael J. Fox, Christopher Lloyd, Mary Steenburgen","Stranded in 1955, Marty McFly learns about the death of Doc Brown in 1885 and must travel back in time to save him. With no fuel readily available for the DeLorean, the two must figure how to escape the Old West before Emmett is m...",English,United States,5 wins & 11 nominations,7.4,81.0,7.4,490651.0,88277583.0
Bullet Train,2022.0,R,2022-08-05,127.0,"Action, Comedy, Thriller",David Leitch,"Zak Olkewicz, Kôtarô Isaka","Brad Pitt, Joey King, Aaron Taylor-Johnson",Five assassins aboard a swiftly-moving bullet train find out that their missions have something in common.,"English, Japanese, Spanish, Russian","United States, Japan",2 wins & 18 nominations,7.3,53.0,7.3,464608.0,103368602.0
The Purge,2013.0,R,2013-06-07,85.0,"Horror, Sci-Fi, Thriller",James DeMonaco,James DeMonaco,"Ethan Hawke, Lena Headey, Max Burkholder","A wealthy family is held hostage for harboring the target of a murderous syndicate during the Purge, a 12-hour period in which any and all crime is legal.",English,"United States, France",2 wins & 6 nominations,5.7,41.0,5.7,247181.0,64473115.0
Crank,2006.0,R,2006-09-01,88.0,"Action, Crime, Thriller","Mark Neveldine, Brian Taylor","Mark Neveldine, Brian Taylor","Jason Statham, Amy Smart, Carlos Sanz",Professional assassin Chev Chelios learns his rival has injected him with a poison that will kill him if his heart rate drops.,"English, Spanish, Korean",United States,2 wins & 2 nominations,6.9,62.0,6.9,267177.0,27838408.0
Love at First Sight,2023.0,PG-13,2023-09-15,91.0,"Drama, Romance",Vanessa Caswill,"Katie Lovejoy, Jennifer E. Smith","Haley Lu Richardson, Ben Hardy, Rob Delaney",A 20 year old girl misses her flight at JFK Airport and meets a young British guy who may turn out to be her true love.,English,"United States, United Kingdom",2 wins & 1 nomination,6.8,76.0,6.8,36945.0,
American History X,1998.0,R,1998-11-20,119.0,"Crime, Drama",Tony Kaye,David McKenna,"Edward Norton, Edward Furlong, Beverly D'Angelo","Living a life marked by violence, neo-Nazi Derek finally goes to prison after killing two black youths. Upon his release, Derek vows to change; he hopes to prevent his brother, Danny, who idolizes Derek, from following in his foot...",English,United States,Nominated for 1 Oscar. 4 wins & 15 nominations total,8.5,84.0,8.5,1206855.0,6719864.0
Iron Man 3,2013.0,PG-13,2013-05-03,130.0,"Action, Adventure, Sci-Fi",Shane Black,"Drew Pearce, Shane Black, Stan Lee","Robert Downey Jr., Guy Pearce, Gwyneth Paltrow","When Tony Stark's world is torn apart by a formidable terrorist called the Mandarin, he starts an odyssey of rebuilding and retribution.",English,United States,Nominated for 1 Oscar. 20 wins & 63 nominations total,7.1,79.0,7.1,913934.0,409013994.0
The Tiger's Apprentice,2024.0,PG,2024-02-02,84.0,"Animation, Action, Adventure","Raman Hui, Yong Duk Jhun, Paul Watling","David Magee, Christopher L. Yost, Laurence Yep","Henry Golding, Brandon Soo Hoo, Lucy Liu","Tom Lee, a Chinese-American boy, after the death of his grandmother, has to be apprenticed to the talking tiger Mr. Hu and learn ancient magic to become the new guardian of an ancient phoenix.",English,United States,N/A,5.7,53.0,5.7,1856.0,
No Hard Feelings,2023.0,R,2023-06-23,103.0,"Comedy, Romance",Gene Stupnitsky,"Gene Stupnitsky, John Phillips","Jennifer Lawrence, Andrew Barth Feldman, Laura Benanti","On the brink of losing her home, Maddie finds an intriguing job listing: helicopter parents looking for someone to bring their introverted 19-year-old son out of his shell before college. She has one summer to make him a man or di...",English,United States,1 win & 10 nominations,6.4,70.0,6.4,176355.0,50452282.0
E.T. the Extra-Terrestrial,1982.0,PG,1982-06-11,115.0,"Adventure, Family, Sci-Fi",Steven Spielberg,Melissa Mathison,"Henry Thomas, Drew Barrymore, Peter Coyote",A troubled child summons the courage to help a friendly alien escape from Earth and return to his home planet.,English,United States,Won 4 Oscars. 52 wins & 38 nominations total,7.9,99.0,7.9,445413.0,439454989.0
Bram Stoker's Dracula,1992.0,R,1992-11-13,128.0,"Fantasy, Horror, Romance",Francis Ford Coppola,"Bram Stoker, James V. Hart","Gary Oldman, Winona Ryder, Anthony Hopkins",The centuries old vampire Count Dracula comes to England to seduce his barrister Jonathan Harker's fiancée Mina Murray and inflict havoc in the foreign land.,"English, Romanian, Greek, Bulgarian, Latin","United Kingdom, United States",Won 3 Oscars. 25 wins & 25 nominations total,7.4,69.0,7.4,247505.0,82522790.0
Jingle All the Way,1996.0,PG,1996-11-22,89.0,"Adventure, Comedy, Family",Brian Levant,Randy Kornfield,"Arnold Schwarzenegger, Sinbad, Phil Hartman","A father vows to get his son a Turbo Man action figure for Christmas. However, every store is sold out, and he must travel all over town and compete with everybody else in order to find one.",English,United States,2 wins & 4 nominations,5.7,20.0,5.7,117395.0,60592389.0
Ape vs. Mecha Ape,2023.0,N/A,2023-03-24,84.0,"Action, Fantasy, Horror",Marc Gottlieb,Marc Gottlieb,"Tom Arnold, Anna Telfer, Lisa Ellee","Recognizing the power of its captive giant Ape, the military makes its own battle-ready A.I., Mecha Ape. But its first test goes horribly wrong, leaving the military no choice but to release the imprisoned giant ape to stop the ro...",English,United States,N/A,2.7,,2.7,427.0,
Wild in Blue,2015.0,Unrated,2015-05-24,82.0,"Romance, Thriller",Matthew Berkowitz,Matthew Berkowitz,"Frank Cermak Jr., Charlotte Ellen Price, Steve Railsback","While filming his sadistic relationship with women, a killer's infatuation with a potential victim forces him to confront his past.",English,United States,6 wins & 11 nominations,3.8,,3.8,2409.0,
Superbad,2007.0,R,2007-08-17,113.0,Comedy,Greg Mottola,"Seth Rogen, Evan Goldberg","Michael Cera, Jonah Hill, Christopher Mintz-Plasse",Two co-dependent high school seniors are forced to deal with separation anxiety after their plan to stage a booze-soaked party goes awry.,English,United States,11 wins & 24 nominations,7.6,88.0,7.6,646499.0,121463226.0
Jeepers Creepers,2001.0,R,2001-08-31,90.0,"Horror, Mystery",Victor Salva,Victor Salva,"Gina Philips, Justin Long, Jonathan Breck",A brother and sister driving home through isolated countryside for spring break encounter a flesh-eating creature which is in the midst of its ritualistic eating spree.,English,"Germany, United States",5 wins & 7 nominations,6.2,46.0,6.2,146495.0,37904175.0
Virgin Territory,2007.0,R,2008-07-23,97.0,"Adventure, Comedy, Romance",David Leland,David Leland,"Hayden Christensen, Mischa Barton, Ryan Cartwright",Young Florentines take refuge from the black plague and engage in bawdy adventures and lusty exchanges.,"English, Russian","Italy, United Kingdom, France, Luxembourg",N/A,4.7,,4.7,8969.0,
A Bug's Life,1998.0,G,1998-11-25,95.0,"Animation, Adventure, Comedy","John Lasseter, Andrew Stanton","John Lasseter, Andrew Stanton, Joe Ranft","Kevin Spacey, Dave Foley, Julia Louis-Dreyfus","A misfit ant, looking for ""warriors"" to save his colony from greedy grasshoppers, recruits a group of bugs that turn out to be an inept circus troupe.",English,United States,Nominated for 1 Oscar. 14 wins & 21 nominations total,7.2,92.0,7.2,321052.0,162798565.0
Guy Ritchie's the Covenant,2023.0,R,2023-04-21,123.0,"Action, Drama, Thriller",Guy Ritchie,"Guy Ritchie, Ivan Atkinson, Marn Davies","Jake Gyllenhaal, Dar Salim, Sean Sagar","During the war in Afghanistan, a local interpreter risks his own life to carry an injured sergeant across miles of grueling terrain.","English, Dari","United Kingdom, Spain, United States",1 win & 3 nominations,7.5,83.0,7.5,178451.0,16938039.0
Aliens vs. Predator: Requiem,2007.0,R,2007-12-25,94.0,"Action, Horror, Sci-Fi","Colin Strause, Greg Strause","Shane Salerno, Dan O'Bannon, Ronald Shusett","Reiko Aylesworth, Steven Pasquale, Shareeka Epps","Warring Alien and Predator races descend on a rural Colorado town, where unsuspecting residents must band together for any chance of survival.",English,United States,5 nominations,4.6,12.0,4.6,138268.0,41797066.0
The Patriot,2000.0,R,2000-06-28,165.0,"Action, Drama, History",Roland Emmerich,Robert Rodat,"Mel Gibson, Heath Ledger, Joely Richardson",Peaceful farmer Benjamin Martin is driven to lead the Colonial Militia during the American Revolution when a sadistic British officer murders his son.,"English, French","United States, Germany",Nominated for 3 Oscars. 9 wins & 23 nominations total,7.2,62.0,7.2,298629.0,113330342.0
Cars,2006.0,G,2006-06-09,116.0,"Animation, Adventure, Comedy","John Lasseter, Joe Ranft","John Lasseter, Joe Ranft, Jorgen Klubien","Owen Wilson, Bonnie Hunt, Paul Newman","On the way to the biggest race of his life, a hotshot rookie race car gets stranded in a rundown town and learns that winning isn't everything in life.","English, Italian, Japanese, Yiddish",United States,Nominated for 2 Oscars. 28 wins & 34 nominations total,7.2,74.0,7.2,486977.0,244082982.0
Mr. & Mrs. Smith,2005.0,PG-13,2005-06-10,120.0,"Action, Comedy, Crime",Doug Liman,Simon Kinberg,"Brad Pitt, Angelina Jolie, Adam Brody","A husband and wife struggle to keep their marriage alive until they realize they are both secretly working as assassins. Now, their respective assignments require them to kill each other.","English, Spanish, French",United States,9 wins & 18 nominations,6.5,60.0,6.5,553513.0,186336279.0
Central Intelligence,2016.0,PG-13,2016-06-17,107.0,"Action, Comedy, Crime",Rawson Marshall Thurber,"Ike Barinholtz, David Stassen, Rawson Marshall Thurber","Dwayne Johnson, Kevin Hart, Danielle Nicolet","After he reconnects with an awkward pal from high school through Facebook, a mild-mannered accountant is lured into the world of international espionage.",English,"United States, China",2 wins & 8 nominations,6.3,71.0,6.3,219774.0,127440871.0
Ace Ventura: Pet Detective,1994.0,PG-13,1994-02-04,86.0,Comedy,Tom Shadyac,"Jack Bernstein, Tom Shadyac, Jim Carrey","Jim Carrey, Courteney Cox, Sean Young",A goofy detective specializing in animals goes in search of the missing mascot of the Miami Dolphins.,English,United States,5 wins & 6 nominations,6.9,47.0,6.9,332925.0,72217396.0
Tomorrowland,2015.0,PG,2015-05-22,130.0,"Action, Adventure, Family",Brad Bird,"Damon Lindelof, Brad Bird, Jeff Jensen","George Clooney, Britt Robertson, Hugh Laurie","Bound by a shared destiny, a teen bursting with scientific curiosity and a former boy-genius inventor embark on a mission to unearth the secrets of a place somewhere in time and space that exists in their collective memory.","English, French, Japanese","United States, Spain, France, Canada, United Kingdom, China, Italy, Germany",2 wins & 19 nominations,6.4,49.0,6.4,193598.0,93436322.0
Star Wars: Episode V - The Empire Strikes Back,1980.0,PG,1980-06-18,124.0,"Action, Adventure, Fantasy",Irvin Kershner,"Leigh Brackett, Lawrence Kasdan, George Lucas","Mark Hamill, Harrison Ford, Carrie Fisher","After the Empire overpowers the Rebel Alliance, Luke Skywalker begins his Jedi training with Yoda. At the same time, Darth Vader and bounty hunter Boba Fett pursue his friends across the galaxy.",English,United States,Won 1 Oscar. 27 wins & 20 nominations total,8.7,95.0,8.7,1410938.0,292753960.0
